case,origin,phase,order,frequency_hz,sequence,Iload_rms,Iload_angle_deg,Iload_real,Iload_imag,Isystem_rms,Isystem_angle_deg,Isystem_real,Isystem_imag,Ifilter_rms,Ifilter_angle_deg,Ifilter_real,Ifilter_imag,Ilinear_rms,Ilinear_angle_deg,Ilinear_real,Ilinear_imag,Vpcc_rms,Vpcc_angle_deg,Vpcc_real,Vpcc_imag,filter_magnitude_pct,system_magnitude_pct,filter_projection_pct,system_projection_pct,linear_projection_pct,kcl_error_a,kcl_error_pct,kcl_real_a,kcl_imag_a
without_filter,ANALYTICAL_REFERENCE,A,1,60.0,positive,99.99999999999997,-179.99999999999935,-99.99999999999997,-1.1681487892607286e-12,100.00000000000021,179.99999999999943,-100.00000000000021,9.89472267462515e-13,0.0,,0.0,0.0,0.0,,0.0,0.0,275.231423359518,-1.5697846050200985,275.1281292110202,-7.539822368622394,0.0,100.00000000000024,-0.0,100.00000000000024,-0.0,2.1711037998279582e-12,2.171103799827959e-12,2.4158453015843406e-13,-2.1576210567232437e-12
without_filter,ANALYTICAL_REFERENCE,A,2,120.0,negative,9.820699276137158e-14,,-3.5170071074516555e-14,9.169339958713246e-14,1.0939387520424874e-13,,-4.019436694230464e-14,1.0174199132270861e-13,0.0,,0.0,0.0,0.0,,0.0,0.0,2.741350858153229e-13,,1.2058310082691391e-13,-2.461904975216159e-13,,,,,,1.1234667099445438e-14,,5.024295867788083e-15,-1.0048591735576153e-14
without_filter,ANALYTICAL_REFERENCE,A,3,180.0,zero,1.1535382849852892e-13,,9.42055475210265e-14,6.657192024819206e-14,1.1692287837493624e-13,,9.043732562018544e-14,7.410836404987418e-14,0.0,,0.0,0.0,0.0,,0.0,0.0,3.0648204793507284e-13,,-3.0145775206728477e-13,-5.5267254545668874e-14,,,,,,8.426000324584078e-15,,3.768221900841053e-15,-7.536443801682118e-15
without_filter,ANALYTICAL_REFERENCE,A,4,240.0,positive,1.289190287802731e-13,,1.2309524876080795e-13,-3.8310255991884105e-14,1.1729336804378347e-13,,1.1555880495912584e-13,-2.009718347115232e-14,0.0,,0.0,0.0,0.0,,0.0,0.0,3.196560178722118e-13,,-3.1653063967064903e-13,-4.4590625826619206e-14,,,,,,1.9710758377630932e-14,,7.536443801682105e-15,-1.8213072520731786e-14
without_filter,ANALYTICAL_REFERENCE,A,5,300.0,negative,20.00000000000001,6.038093139528569e-12,20.00000000000001,2.1076921165370993e-12,20.000000000000043,5.987715723584937e-12,20.000000000000043,2.0901070809998413e-12,0.0,,0.0,0.0,0.0,,0.0,0.0,7.550425243009383,86.96321134656526,0.39999999999992003,7.5398223686154155,0.0,100.00000000000016,0.0,100.00000000000016,0.0,3.649105654832508e-14,1.8245528274162534e-13,-3.197442310920451e-14,1.758503553725802e-14
without_filter,ANALYTICAL_REFERENCE,A,6,360.0,zero,9.636889339578156e-14,,-7.567845650855795e-14,5.966351342998344e-14,1.1939156912778373e-13,,-9.310648279994786e-14,7.473640103334769e-14,0.0,,0.0,0.0,0.0,,0.0,0.0,3.102273850532274e-13,,2.8889701239781457e-13,-1.130466570252318e-13,,,,,,2.3041875815936283e-14,,1.7428026291389905e-14,-1.507288760336425e-14
without_filter,ANALYTICAL_REFERENCE,A,7,420.0,positive,14.000000000000012,20.00000000001416,13.155696691001546,4.788282006562618,13.999999999999995,20.000000000014122,13.155696691001532,4.788282006562603,0.0,,0.0,0.0,0.0,,0.0,0.0,7.394329182880675,107.82987011996774,-2.26408177080172,7.039178773118647,0.0,99.99999999999987,0.0,99.99999999999987,0.0,2.0734733982992197e-14,1.4810524273565843e-13,1.4210854715202004e-14,1.509903313490213e-14
without_filter,ANALYTICAL_REFERENCE,A,8,480.0,negative,1.0965721766439742e-13,,6.877004969034935e-14,8.541302975239736e-14,1.0058020133434581e-13,,6.044855965932534e-14,8.038873388460928e-14,0.0,,0.0,0.0,0.0,,0.0,0.0,2.3153024414401814e-13,,1.3816813636417219e-14,-2.311176099182517e-13,,,,,,9.720635025732857e-15,,8.321490031024012e-15,5.024295867788083e-15
without_filter,ANALYTICAL_REFERENCE,A,9,540.0,zero,1.1044883448157216e-13,,-1.0551021322354968e-13,3.265792314062252e-14,1.0464357043309453e-13,,-1.004859173557616e-13,2.920371973151821e-14,0.0,,0.0,0.0,0.0,,0.0,0.0,8.500568152673366e-14,,8.038873388460928e-14,2.7633627272834437e-14,,,,,,6.097136226011374e-15,,-5.024295867788083e-15,3.4542034091043078e-15
without_filter,ANALYTICAL_REFERENCE,A,10,600.0,positive,1.2727011026514838e-13,,5.966351342998344e-14,1.1241862004175828e-13,1.2627448466429119e-13,,6.217566136387749e-14,1.0990647210786425e-13,0.0,,0.0,0.0,0.0,,0.0,0.0,1.3663521574967582e-13,,-1.632896157031126e-14,-1.3565598843027815e-13,,,,,,3.5527136788005025e-15,,-2.5121479338940478e-15,2.512147933894035e-15
without_filter,ANALYTICAL_REFERENCE,A,11,660.0,negative,8.999999999999941,-10.000000000005835,8.863269777109656,-1.5628335990032658,8.999999999999941,-10.000000000005853,8.863269777109656,-1.5628335990032685,0.0,,0.0,0.0,0.0,,0.0,0.0,7.466594124191237,78.61861521433651,1.473449045643175,7.319766097717898,0.0,100.0,0.0,100.0,0.0,2.6645352591003757e-15,2.96059473233377e-14,0.0,2.6645352591003757e-15
without_filter,ANALYTICAL_REFERENCE,A,12,720.0,zero,4.52883909360294e-14,,-1.507288760336424e-14,4.270651487619868e-14,3.2754401705733774e-14,,-1.7585035537258278e-14,2.7633627272834437e-14,0.0,,0.0,0.0,0.0,,0.0,0.0,3.1272962697141465e-13,,3.1150634380286096e-13,2.7633627272834437e-14,,,,,,1.528079932285676e-14,,2.5121479338940383e-15,1.5072887603364242e-14
without_filter,ANALYTICAL_REFERENCE,A,13,780.0,positive,7.0000000000000435,30.000000000069008,6.062177826486892,3.500000000007323,7.000000000000048,30.000000000069182,6.062177826486886,3.5000000000073435,0.0,,0.0,0.0,0.0,,0.0,0.0,6.862666520395851,118.83107162651355,-3.309375621194281,6.012006717229037,0.0,100.00000000000006,0.0,100.00000000000007,0.0,2.135325743809934e-14,3.050465348299887e-13,6.217248937900877e-15,-2.042810365310288e-14
without_filter,ANALYTICAL_REFERENCE,A,14,840.0,negative,1.1519129679046948e-13,,1.1241862004175828e-13,2.51214793389404e-14,1.1121753006547782e-13,,1.0551021322354968e-13,3.5170071074516555e-14,0.0,,0.0,0.0,0.0,,0.0,0.0,4.885013605641001e-13,,-3.4416426694348345e-13,-3.466764148773775e-13,,,,,,1.2194272452022734e-14,,6.908406818208603e-15,-1.0048591735576156e-14
without_filter,ANALYTICAL_REFERENCE,A,15,900.0,zero,1.132209773400735e-14,,-3.76822190084106e-15,1.067662871904967e-14,3.007372653722664e-14,,-2.637755330588742e-14,1.444485061989073e-14,0.0,,0.0,0.0,0.0,,0.0,0.0,7.848201034610198e-14,,-6.029155041345696e-14,-5.02429586778808e-14,,,,,,2.2921198984285134e-14,,2.260933140504636e-14,-3.7682219008410606e-15
without_filter,ANALYTICAL_REFERENCE,A,16,960.0,positive,1.0409511705222208e-13,,1.0299806528965563e-13,-1.507288760336424e-14,1.2175497579529658e-13,,1.130466570252318e-13,-4.521866281009272e-14,0.0,,0.0,0.0,0.0,,0.0,0.0,3.7985803387026805e-13,,-3.0145775206728477e-13,2.311176099182517e-13,,,,,,3.17764371615651e-14,,-1.0048591735576166e-14,3.0145775206728485e-14
without_filter,ANALYTICAL_REFERENCE,A,17,1020.0,negative,5.96734289794683e-14,,3.893829297535762e-14,-4.521866281009272e-14,3.5170071074516555e-14,,3.5170071074516555e-14,0.0,0.0,,0.0,0.0,0.0,,0.0,0.0,1.8859522924667253e-13,,-1.2560739669470198e-13,1.4068028429806622e-13,,,,,,4.537540041285411e-14,,3.768221900841065e-15,-4.521866281009272e-14
without_filter,ANALYTICAL_REFERENCE,A,18,1080.0,zero,3.5198097273142463e-14,,-3.391399710756954e-14,9.420554752102649e-15,3.316130428493563e-14,,-3.014577520672848e-14,1.3816813636417219e-14,0.0,,0.0,0.0,0.0,,0.0,0.0,1.197691391825911e-13,,-1.1807095289301988e-13,2.009718347115232e-14,,,,,,5.790214889958143e-15,,-3.768221900841059e-15,-4.396258884314569e-15
without_filter,ANALYTICAL_REFERENCE,A,19,1140.0,positive,1.7931968162647086e-13,,1.1430273099217881e-13,1.3816813636417219e-13,1.5898145616165808e-13,,8.290088181850331e-14,1.3565598843027815e-13,0.0,,0.0,0.0,0.0,,0.0,0.0,3.056159864571351e-13,,-2.1102042644709936e-13,-2.210690181826755e-13,,,,,,3.1502174826002614e-14,,3.14018491736755e-14,2.512147933894035e-15
without_filter,ANALYTICAL_REFERENCE,A,20,1200.0,negative,1.805234928290453e-13,,1.2811954462859604e-13,1.2717748915338577e-13,2.061349029865568e-13,,1.5575317190143048e-13,1.3502795144680463e-13,0.0,,0.0,0.0,0.0,,0.0,0.0,4.156826826794814e-13,,-1.8589894710815895e-13,-3.717978942163179e-13,,,,,,2.872711462145704e-14,,-2.7633627272834437e-14,-7.850462293418863e-15
without_filter,ANALYTICAL_REFERENCE,A,21,1260.0,zero,9.607198689254525e-14,,5.063548179255174e-14,-8.164480785155629e-14,7.340312384546493e-14,,3.7996237500147354e-14,-6.280369834735099e-14,0.0,,0.0,0.0,0.0,,0.0,0.0,5.5171717486484197e-14,,-3.4542034091043046e-14,4.302053336793543e-14,,,,,,2.2687836027980547e-14,,1.2639244292404384e-14,-1.88411095042053e-14
without_filter,ANALYTICAL_REFERENCE,A,22,1320.0,positive,1.8843726143271344e-13,,-1.5261298698406293e-13,1.1053450909133775e-13,1.8943098819133576e-13,,-1.5010083905016887e-13,1.1555880495912584e-13,0.0,,0.0,0.0,0.0,,0.0,0.0,5.880787539512812e-13,,4.923809950432318e-13,-3.215549355384371e-13,,,,,,5.617333549722744e-15,,-2.5121479338940604e-15,-5.0242958677880955e-15
without_filter,ANALYTICAL_REFERENCE,A,23,1380.0,negative,1.0710010267206153e-13,,-1.004859173557616e-13,3.705418202493709e-14,1.4494462262480104e-13,,-1.3063169256249008e-13,6.280369834735099e-14,0.0,,0.0,0.0,0.0,,0.0,0.0,2.303278009188492e-13,,1.7082605950479472e-13,-1.5449709793448345e-13,,,,,,3.964600047486336e-14,,3.0145775206728485e-14,-2.5749516322413904e-14
without_filter,ANALYTICAL_REFERENCE,A,24,1440.0,zero,9.166973760662144e-14,,3.328596012409603e-14,-8.541302975239736e-14,8.905068360060028e-14,,3.8310255991884105e-14,-8.038873388460928e-14,0.0,,0.0,0.0,0.0,,0.0,0.0,2.51016883781994e-13,,-4.898688471093378e-14,2.461904975216159e-13,,,,,,7.105427357601001e-15,,-5.0242958677880766e-15,-5.024295867788083e-15
without_filter,ANALYTICAL_REFERENCE,A,25,1500.0,positive,6.396118084022657e-14,,-2.135325743809934e-14,6.029155041345696e-14,5.596228903223506e-14,,-3.893829297535762e-14,4.019436694230464e-14,0.0,,0.0,0.0,0.0,,0.0,0.0,1.129070069941257e-13,,1.0551021322354968e-13,-4.019436694230464e-14,,,,,,2.670449884045373e-14,,1.758503553725828e-14,2.009718347115232e-14
without_filter,ANALYTICAL_REFERENCE,B,1,60.0,positive,100.0,59.99999999999867,50.000000000002004,86.60254037844271,100.00000000000004,59.999999999998685,50.000000000002004,86.60254037844275,0.0,,0.0,0.0,0.0,,0.0,0.0,275.231423359518,-121.56978460501763,-144.09374231674914,-234.49803800812603,0.0,100.00000000000004,0.0,100.00000000000004,0.0,4.263256414560601e-14,4.263256414560601e-14,0.0,-4.263256414560601e-14
without_filter,ANALYTICAL_REFERENCE,B,2,120.0,negative,5.67600910580895e-14,,5.1499032644827815e-14,-2.3865405371993378e-14,3.603969312364349e-14,,3.328596012409603e-14,-1.3816813636417219e-14,0.0,,0.0,0.0,0.0,,0.0,0.0,9.183094836062957e-14,,-5.903547644650994e-14,7.034014214903311e-14,,,,,,2.0801206852337312e-14,,1.8213072520731786e-14,-1.004859173557616e-14
without_filter,ANALYTICAL_REFERENCE,B,3,180.0,zero,1.084178118126615e-13,,-4.7730810743986756e-14,-9.734573243839404e-14,9.887943193257746e-14,,-4.270651487619868e-14,-8.918125165323841e-14,0.0,,0.0,0.0,0.0,,0.0,0.0,2.7358202186432055e-13,,1.9594753884373512e-13,1.9092324297594702e-13,,,,,,9.586568492335925e-15,,-5.0242958677880766e-15,-8.164480785155633e-15
without_filter,ANALYTICAL_REFERENCE,B,4,240.0,positive,7.465983629965759e-14,,7.285229008292716e-14,-1.632896157031126e-14,6.325426871983401e-14,,6.280369834735099e-14,-7.53644380168212e-15,0.0,,0.0,0.0,0.0,,0.0,0.0,1.4938305555481176e-13,,-1.4068028429806622e-13,-5.02429586778808e-14,,,,,,1.335224942022687e-14,,1.0048591735576166e-14,-8.79251776862914e-15
without_filter,ANALYTICAL_REFERENCE,B,5,300.0,negative,19.999999999999954,120.00000000001012,-10.000000000003036,17.320508075686966,19.999999999999943,120.00000000001009,-10.000000000003023,17.32050807568696,0.0,,0.0,0.0,0.0,,0.0,0.0,7.550425243009217,-153.03678865343156,-6.729677711242729,-3.4235010227942997,0.0,99.99999999999994,0.0,99.99999999999993,0.0,1.432144669219779e-14,7.160723346098912e-14,-1.2434497875801753e-14,7.105427357601002e-15
without_filter,ANALYTICAL_REFERENCE,B,6,360.0,zero,5.862650393847435e-14,,-4.207847789272517e-14,4.0822403925778147e-14,7.534611804481377e-14,,-4.8358847727460265e-14,5.777940247956292e-14,0.0,,0.0,0.0,0.0,,0.0,0.0,1.7415998910699295e-13,,7.536443801682119e-14,-1.5700924586837749e-13,,,,,,1.8082666982890257e-14,,6.280369834735094e-15,-1.6956998553784775e-14
without_filter,ANALYTICAL_REFERENCE,B,7,420.0,positive,14.000000000000124,-99.99999999998975,-2.431074487334577,-13.78730854217147,14.000000000000147,-99.99999999998973,-2.431074487334577,-13.787308542171495,0.0,,0.0,0.0,0.0,,0.0,0.0,7.394329182880868,-12.170129880034,7.228148524701926,-1.5588370568000363,0.0,100.00000000000017,-0.0,100.00000000000017,-0.0,2.4868995751603507e-14,1.7763568394002348e-13,0.0,2.4868995751603507e-14
without_filter,ANALYTICAL_REFERENCE,B,8,480.0,negative,1.6243257199107298e-13,,-1.5857933832706127e-13,-3.5170071074516555e-14,1.6635275938544898e-13,,-1.6077746776921855e-13,-4.270651487619868e-14,0.0,,0.0,0.0,0.0,,0.0,0.0,4.0316843815059416e-13,,3.3034745330706626e-13,2.311176099182517e-13,,,,,,7.850462293418877e-15,,2.1981294421572776e-15,7.536443801682124e-15
without_filter,ANALYTICAL_REFERENCE,B,9,540.0,zero,1.0421629883604046e-13,,1.004859173557616e-13,-2.7633627272834437e-14,1.1910866685298208e-13,,1.0551021322354968e-13,-5.5267254545668874e-14,0.0,,0.0,0.0,0.0,,0.0,0.0,2.955806539255191e-13,,-2.5121479338940397e-13,1.5575317190143048e-13,,,,,,2.8086667748613604e-14,,-5.024295867788083e-15,2.7633627272834437e-14
without_filter,ANALYTICAL_REFERENCE,B,10,600.0,positive,8.720955563955665e-14,,5.02429586778808e-14,-7.128219762424338e-14,1.0860183240430383e-13,,8.79251776862914e-14,-6.374575382256126e-14,0.0,,0.0,0.0,0.0,,0.0,0.0,4.5390175436604296e-13,,-3.868707818196821e-13,2.373979797529868e-13,,,,,,3.842847400787252e-14,,-3.7682219008410597e-14,-7.536443801682118e-15
without_filter,ANALYTICAL_REFERENCE,B,11,660.0,negative,9.000000000000078,109.99999999999916,-3.0781812899309218,8.457233587073294,9.000000000000075,109.99999999999922,-3.078181289930927,8.457233587073288,0.0,,0.0,0.0,0.0,,0.0,0.0,7.46659412419131,-161.38138478566736,-7.075827913205607,-2.3838387441495668,0.0,99.99999999999997,0.0,99.99999999999997,0.0,7.53644380168212e-15,8.373826446313393e-14,5.329070518200751e-15,5.329070518200751e-15
without_filter,ANALYTICAL_REFERENCE,B,12,720.0,zero,8.226085852327241e-14,,8.164480785155629e-14,1.004859173557616e-14,7.929200094972672e-14,,7.913265991766226e-14,-5.02429586778808e-15,0.0,,0.0,0.0,0.0,,0.0,0.0,2.2497403334380638e-13,,-1.9594753884373512e-13,-1.1053450909133775e-13,,,,,,1.5280799322856753e-14,,2.512147933894035e-15,1.507288760336424e-14
without_filter,ANALYTICAL_REFERENCE,B,13,780.0,positive,6.999999999999996,-89.9999999999576,5.181305113656457e-12,-6.999999999999996,7.000000000000011,-89.99999999995745,5.1976340752267685e-12,-7.000000000000011,0.0,,0.0,0.0,0.0,,0.0,0.0,6.862666520395959,-1.168928373464383,6.861238355440337,-0.13999999999272353,0.0,100.00000000000021,-0.0,100.00000000000023,-0.0,2.223995925296594e-14,3.1771370361379935e-13,-1.6328961570311594e-14,1.509903313490213e-14
without_filter,ANALYTICAL_REFERENCE,B,14,840.0,negative,6.876359695285539e-14,,-6.782799421513907e-14,-1.130466570252318e-14,6.674942990534281e-14,,-6.280369834735099e-14,-2.260933140504636e-14,0.0,,0.0,0.0,0.0,,0.0,0.0,3.7909302851614544e-13,,3.1150634380286096e-13,2.1604472231488743e-13,,,,,,1.2370893888999142e-14,,-5.024295867788083e-15,1.130466570252318e-14
without_filter,ANALYTICAL_REFERENCE,B,15,900.0,zero,1.2600283007175368e-13,,-8.541302975239736e-14,9.263545506234272e-14,1.0997687941772899e-13,,-8.038873388460928e-14,7.505041952508444e-14,0.0,,0.0,0.0,0.0,,0.0,0.0,3.1345526549587173e-13,,2.8136056859613244e-13,-1.3816813636417219e-13,,,,,,1.8288713016877627e-14,,-5.024295867788083e-15,1.7585035537258284e-14
without_filter,ANALYTICAL_REFERENCE,B,16,960.0,positive,1.1766939537721438e-13,,3.265792314062252e-14,1.130466570252318e-13,1.3257383214014802e-13,,2.260933140504636e-14,1.3063169256249008e-13,0.0,,0.0,0.0,0.0,,0.0,0.0,6.414788318504725e-13,,-1.3063169256249008e-13,-6.280369834735099e-13,,,,,,2.025358414490942e-14,,1.004859173557616e-14,-1.7585035537258284e-14
without_filter,ANALYTICAL_REFERENCE,B,17,1020.0,negative,5.849853508292962e-14,,-5.65233285126159e-14,-1.507288760336424e-14,5.344222026967698e-14,,-5.338314359524835e-14,2.51214793389404e-15,0.0,,0.0,0.0,0.0,,0.0,0.0,8.749346389453727e-14,,6.782799421513907e-14,-5.5267254545668874e-14,,,,,,1.7863209010754454e-14,,-3.1401849173675502e-15,-1.7585035537258278e-14
without_filter,ANALYTICAL_REFERENCE,B,18,1080.0,zero,1.2475666579389881e-13,,-6.657192024819206e-14,-1.0551021322354968e-13,1.159132388371763e-13,,-5.777940247956292e-14,-1.004859173557616e-13,0.0,,0.0,0.0,0.0,,0.0,0.0,1.6572562045795678e-13,,1.6077746776921855e-13,-4.019436694230464e-14,,,,,,1.0126792072454707e-14,,-8.792517768629136e-15,-5.024295867788083e-15
without_filter,ANALYTICAL_REFERENCE,B,19,1140.0,positive,2.4428943382792783e-14,,7.53644380168212e-15,-2.323736838851987e-14,2.5871769906212994e-14,,-2.51214793389404e-15,-2.5749516322413908e-14,0.0,,0.0,0.0,0.0,,0.0,0.0,1.1358270662378329e-13,,2.009718347115232e-14,1.1179058305828478e-13,,,,,,1.0357851278622298e-14,,1.004859173557616e-14,2.5121479338940383e-15
without_filter,ANALYTICAL_REFERENCE,B,20,1200.0,negative,4.949951486243539e-14,,4.019436694230464e-14,-2.888970123978146e-14,5.779646618227081e-14,,5.4639217562195365e-14,-1.8841109504205298e-14,0.0,,0.0,0.0,0.0,,0.0,0.0,2.672563031044155e-13,,-2.4713255299682617e-13,1.0174199132270861e-13,,,,,,1.7596246909476096e-14,,-1.4444850619890727e-14,-1.0048591735576163e-14
without_filter,ANALYTICAL_REFERENCE,B,21,1260.0,zero,6.908406818208609e-14,,-5.5267254545668874e-14,4.1450440909251656e-14,8.04279766176689e-14,,-5.02429586778808e-14,6.280369834735099e-14,0.0,,0.0,0.0,0.0,,0.0,0.0,2.009718347115232e-13,,2.009718347115232e-13,0.0,,,,,,2.1936388768090727e-14,,-5.0242958677880766e-15,-2.1353257438099337e-14
without_filter,ANALYTICAL_REFERENCE,B,22,1320.0,positive,2.046023261813367e-13,,1.9594753884373512e-13,5.887846720064156e-14,1.8678907676433013e-13,,1.8087465124037088e-13,4.663174602290812e-14,0.0,,0.0,0.0,0.0,,0.0,0.0,5.273500933854992e-13,,-5.197006038243295e-13,-8.949527014497517e-14,,,,,,1.9420971147416807e-14,,1.5072887603364236e-14,1.2246721177733443e-14
without_filter,ANALYTICAL_REFERENCE,B,23,1380.0,negative,1.060102255565987e-13,,1.0551021322354968e-13,1.0284105604378726e-14,9.08265917863154e-14,,9.043732562018544e-14,8.399994653958197e-15,0.0,,0.0,0.0,0.0,,0.0,0.0,2.0122289269162216e-13,,-2.009718347115232e-13,-1.004859173557616e-14,,,,,,1.5190188108682058e-14,,1.5072887603364236e-14,1.8841109504205295e-15
without_filter,ANALYTICAL_REFERENCE,B,24,1440.0,zero,1.7128722890799497e-13,,1.7082605950479472e-13,-1.25607396694702e-14,1.6843104189417705e-13,,1.6831391157090068e-13,-6.2803698347351e-15,0.0,,0.0,0.0,0.0,,0.0,0.0,3.250781550080022e-13,,-3.215549355384371e-13,4.7730810743986756e-14,,,,,,6.764165321960918e-15,,2.512147933894035e-15,-6.2803698347351e-15
without_filter,ANALYTICAL_REFERENCE,B,25,1500.0,positive,8.290088181850331e-14,,-8.290088181850331e-14,0.0,1.0089331554157557e-13,,-9.546162148797351e-14,-3.265792314062252e-14,0.0,,0.0,0.0,0.0,,0.0,0.0,2.1036145402444305e-13,,1.6077746776921855e-13,1.3565598843027815e-13,,,,,,3.499017183300205e-14,,1.2560739669470201e-14,3.265792314062252e-14
without_filter,ANALYTICAL_REFERENCE,C,1,60.0,positive,99.99999999999986,-59.999999999998636,50.00000000000199,-86.60254037844255,99.99999999999999,-60.00000000000193,49.99999999999709,-86.60254037844554,0.0,,0.0,0.0,0.0,,0.0,0.0,275.2314233595175,118.43021539498054,-131.0343868942634,242.03786037674033,0.0,100.00000000000013,-0.0,100.00000000000013,-0.0,5.739584601870544e-12,5.739584601870552e-12,4.902744876744691e-12,2.9842794901924208e-12
without_filter,ANALYTICAL_REFERENCE,C,2,120.0,negative,6.911831625566733e-14,,2.260933140504636e-14,-6.531584628124504e-14,4.027279504993911e-14,,-2.51214793389404e-15,-4.019436694230464e-14,0.0,,0.0,0.0,0.0,,0.0,0.0,1.9092324297594702e-13,,0.0,1.9092324297594702e-13,,,,,,3.552713678800501e-14,,2.5121479338940402e-14,-2.5121479338940402e-14
without_filter,ANALYTICAL_REFERENCE,C,3,180.0,zero,4.016491691983153e-14,,-3.579810805799007e-14,1.821307252073179e-14,4.000748400853811e-14,,-2.7005590289360928e-14,2.951773822325497e-14,0.0,,0.0,0.0,0.0,,0.0,0.0,1.975672988891017e-13,,1.9343539090984106e-13,-4.019436694230464e-14,,,,,,1.432144669219779e-14,,-8.792517768629142e-15,-1.130466570252318e-14
without_filter,ANALYTICAL_REFERENCE,C,4,240.0,positive,1.8336959187428107e-13,,-1.8087465124037088e-13,3.014577520672848e-14,1.7864533797897232e-13,,-1.7836250330647682e-13,1.004859173557616e-14,0.0,,0.0,0.0,0.0,,0.0,0.0,4.89388349360884e-13,,4.86257634454365e-13,5.5267254545668874e-14,,,,,,2.0253584144909416e-14,,-2.5121479338940604e-15,2.009718347115232e-14
without_filter,ANALYTICAL_REFERENCE,C,5,300.0,negative,19.999999999999947,-119.99999999999815,-9.999999999999414,-17.320508075689048,19.999999999999954,-119.99999999999808,-9.9999999999994,-17.320508075689066,0.0,,0.0,0.0,0.0,,0.0,0.0,7.550425243009492,-33.0367886534277,6.329677711243745,-4.116321345820694,0.0,100.00000000000004,-0.0,100.00000000000004,-0.0,2.2748467065386707e-14,1.1374233532693384e-13,-1.4210854715202004e-14,1.7763568394002505e-14
without_filter,ANALYTICAL_REFERENCE,C,6,360.0,zero,1.6861009380463386e-13,,1.325158035129106e-13,-1.0425413925660266e-13,1.550730016307072e-13,,1.2686347066164901e-13,-8.918125165323841e-14,0.0,,0.0,0.0,0.0,,0.0,0.0,4.771630584391062e-13,,-3.9252311467094375e-13,2.713119768605563e-13,,,,,,1.609785101698679e-14,,5.652332851261585e-15,-1.507288760336425e-14
without_filter,ANALYTICAL_REFERENCE,C,7,420.0,positive,14.000000000000101,140.0000000000176,-10.724622203668533,8.999026535608325,14.00000000000008,140.0000000000175,-10.724622203668503,8.999026535608325,0.0,,0.0,0.0,0.0,,0.0,0.0,7.394329182881016,-132.1701298800142,-4.964066753898564,-5.48034171632069,0.0,99.99999999999984,-0.0,99.99999999999984,-0.0,3.019806626980426e-14,2.1570047335574314e-13,-3.019806626980426e-14,0.0
without_filter,ANALYTICAL_REFERENCE,C,8,480.0,negative,1.0135551853865988e-13,,8.729714070281789e-14,-5.1499032644827815e-14,1.014624798294138e-13,,8.666910371934438e-14,-5.275510661177484e-14,0.0,,0.0,0.0,0.0,,0.0,0.0,3.679508913266872e-13,,-3.6740163533200335e-13,-2.009718347115232e-14,,,,,,1.404333387430686e-15,,6.280369834735151e-16,1.2560739669470239e-15
without_filter,ANALYTICAL_REFERENCE,C,9,540.0,zero,5.215567340502509e-14,,-4.066539467990977e-14,3.265792314062252e-14,5.1781223199297487e-14,,-2.92822243544524e-14,4.270651487619868e-14,0.0,,0.0,0.0,0.0,,0.0,0.0,3.511619807213596e-13,,2.9140916033170863e-13,-1.9594753884373512e-13,,,,,,1.518389813343934e-14,,-1.1383170325457366e-14,-1.004859173557616e-14
without_filter,ANALYTICAL_REFERENCE,C,10,600.0,positive,1.594224596611486e-13,,-1.5700924586837749e-13,2.7633627272834437e-14,1.9082405347597536e-13,,-1.8338679917426492e-13,5.275510661177484e-14,0.0,,0.0,0.0,0.0,,0.0,0.0,4.052274497498976e-13,,3.8184648595189405e-13,-1.3565598843027815e-13,,,,,,3.642614504146359e-14,,2.6377553305887432e-14,-2.5121479338940402e-14
without_filter,ANALYTICAL_REFERENCE,C,11,660.0,negative,9.000000000000037,-130.0000000000075,-5.785088487179781,-6.894399988070074,9.000000000000043,-130.00000000000745,-5.7850884871797765,-6.894399988070084,0.0,,0.0,0.0,0.0,,0.0,0.0,7.466594124190815,-41.38138478566317,5.602378867561912,-4.935927353567566,0.0,100.00000000000007,-0.0,100.00000000000007,-0.0,1.1546319456101628e-14,1.2829243840112866e-13,-4.440892098500626e-15,1.0658141036401503e-14
without_filter,ANALYTICAL_REFERENCE,C,12,720.0,zero,4.52883909360294e-14,,3.7682219008410597e-14,-2.51214793389404e-14,4.472752235079074e-14,,3.5170071074516555e-14,-2.7633627272834437e-14,0.0,,0.0,0.0,0.0,,0.0,0.0,1.449228509952941e-13,,-1.2058310082691391e-13,8.038873388460928e-14,,,,,,3.5527136788005005e-15,,2.5121479338940415e-15,2.5121479338940383e-15
without_filter,ANALYTICAL_REFERENCE,C,13,780.0,positive,6.999999999999858,150.00000000005133,-6.062177826494082,3.4999999999944995,6.999999999999873,150.00000000005127,-6.062177826494093,3.4999999999945106,0.0,,0.0,0.0,0.0,,0.0,0.0,6.862666520395893,-121.16892837349133,-3.5518627342464133,-5.8720067172334085,0.0,100.00000000000021,-0.0,100.0000000000002,-0.0,1.539011003185516e-14,2.1985871474079247e-13,1.0658141036401503e-14,-1.1102230246251565e-14
without_filter,ANALYTICAL_REFERENCE,C,14,840.0,negative,6.591696189872021e-14,,-3.391399710756954e-14,-5.65233285126159e-14,5.844456963317448e-14,,-2.7633627272834437e-14,-5.1499032644827815e-14,0.0,,0.0,0.0,0.0,,0.0,0.0,1.1374233532693354e-13,,1.25607396694702e-14,1.130466570252318e-13,,,,,,8.042797661766893e-15,,-6.2803698347351005e-15,-5.024295867788083e-15
without_filter,ANALYTICAL_REFERENCE,C,15,900.0,zero,1.5822801016540193e-13,,1.0551021322354968e-13,-1.179139436471515e-13,1.4400966432747168e-13,,8.038873388460928e-14,-1.1948403610583526e-13,0.0,,0.0,0.0,0.0,,0.0,0.0,2.9296427510542316e-13,,-2.5121479338940397e-13,1.5072887603364239e-13,,,,,,2.5170496906211946e-14,,2.5121479338940402e-14,1.5700924586837625e-15
without_filter,ANALYTICAL_REFERENCE,C,16,960.0,positive,1.7547762414164653e-13,,-1.3314384049638411e-13,-1.1430273099217881e-13,1.7440893470611595e-13,,-1.3063169256249008e-13,-1.1555880495912584e-13,0.0,,0.0,0.0,0.0,,0.0,0.0,5.08348513104858e-13,,3.717978942163179e-13,3.466764148773775e-13,,,,,,2.808666774861361e-15,,-2.512147933894035e-15,1.2560739669470302e-15
without_filter,ANALYTICAL_REFERENCE,C,17,1020.0,negative,2.0253584144909416e-14,,-2.009718347115232e-14,2.51214793389404e-15,1.5738561695383657e-14,,-1.3816813636417219e-14,7.53644380168212e-15,0.0,,0.0,0.0,0.0,,0.0,0.0,5.880787539512812e-14,,2.009718347115232e-14,-5.5267254545668874e-14,,,,,,8.042797661766892e-15,,-6.2803698347351005e-15,-5.02429586778808e-15
without_filter,ANALYTICAL_REFERENCE,C,18,1080.0,zero,1.1105427228263348e-13,,7.662051198376821e-14,8.038873388460928e-14,1.160101783186418e-13,,7.850462293418874e-14,8.541302975239736e-14,0.0,,0.0,0.0,0.0,,0.0,0.0,4.050716828981883e-14,,-3.5170071074516555e-14,2.009718347115232e-14,,,,,,5.365950338995597e-15,,-1.8841109504205327e-15,-5.024295867788083e-15
without_filter,ANALYTICAL_REFERENCE,C,19,1140.0,positive,1.307101736104603e-13,,-8.79251776862914e-14,-9.671769545492053e-14,1.475338947389994e-13,,-1.0802236115744371e-13,-1.004859173557616e-13,0.0,,0.0,0.0,0.0,,0.0,0.0,1.714897505585664e-13,,1.4570458016585432e-13,9.043732562018544e-14,,,,,,2.044740276336181e-14,,2.009718347115232e-14,3.768221900841065e-15
without_filter,ANALYTICAL_REFERENCE,C,20,1200.0,negative,2.1326364214292322e-13,,-1.7459428140563578e-13,-1.2246721177733443e-13,2.1112227096460056e-13,,-1.7459428140563578e-13,-1.186989898764934e-13,0.0,,0.0,0.0,0.0,,0.0,0.0,4.420523866626073e-13,,3.76822190084106e-13,2.311176099182517e-13,,,,,,3.76822190084104e-15,,0.0,-3.76822190084104e-15
without_filter,ANALYTICAL_REFERENCE,C,21,1260.0,zero,2.6227594425580137e-14,,2.51214793389404e-14,7.53644380168212e-15,3.10735538358669e-14,,3.014577520672848e-14,7.53644380168212e-15,0.0,,0.0,0.0,0.0,,0.0,0.0,1.8446762319608707e-13,,-1.6077746776921855e-13,-9.043732562018544e-14,,,,,,5.02429586778808e-15,,-5.02429586778808e-15,0.0
without_filter,ANALYTICAL_REFERENCE,C,22,1320.0,positive,1.7200418422064278e-13,,-2.009718347115232e-14,-1.7082605950479472e-13,1.7160471319838615e-13,,-1.632896157031126e-14,-1.7082605950479472e-13,0.0,,0.0,0.0,0.0,,0.0,0.0,4.053909405288714e-13,,-5.275510661177484e-14,4.019436694230464e-13,,,,,,3.768221900841059e-15,,-3.768221900841059e-15,0.0
without_filter,ANALYTICAL_REFERENCE,C,23,1380.0,negative,6.156044012742063e-14,,1.25607396694702e-15,-6.154762438040397e-14,5.534214004283334e-14,,8.792517768629139e-15,-5.4639217562195365e-14,0.0,,0.0,0.0,0.0,,0.0,0.0,1.6852000649168164e-13,,-7.536443801682119e-14,1.5072887603364239e-13,,,,,,1.0223701381680904e-14,,-7.536443801682118e-15,-6.908406818208609e-15
without_filter,ANALYTICAL_REFERENCE,C,24,1440.0,zero,2.1836910037548746e-13,,-2.009718347115232e-13,8.541302975239736e-14,2.0584289383224037e-13,,-1.88411095042053e-13,8.290088181850331e-14,0.0,,0.0,0.0,0.0,,0.0,0.0,5.102320261385181e-13,,4.622352198365034e-13,-2.1604472231488743e-13,,,,,,1.280949133595751e-14,,-1.2560739669470201e-14,2.5121479338940478e-15
without_filter,ANALYTICAL_REFERENCE,C,25,1500.0,positive,1.0186597247009026e-13,,1.0174199132270861e-13,-5.02429586778808e-15,1.2276797813417248e-13,,1.2183917479386094e-13,-1.507288760336424e-14,0.0,,0.0,0.0,0.0,,0.0,0.0,2.7633627272834437e-13,,-2.7633627272834437e-13,0.0,,,,,,2.2469334198890897e-14,,-2.0097183471152332e-14,1.004859173557616e-14
tuned_5th,ANALYTICAL_REFERENCE,A,1,60.0,positive,99.99999999999997,-179.99999999999935,-99.99999999999997,-1.1681487892607286e-12,107.50659214076948,-160.33884905209877,-101.23883888987795,-36.17132640574706,36.192534806865325,88.03843228871409,1.2388388898773859,36.17132640574694,0.0,,0.0,0.0,277.9562545124887,-1.7228366781872038,277.83060619258845,-8.356655148456847,36.19253480686533,107.50659214076951,-1.2388388898778089,101.23883888987841,-0.0,1.202781253998073e-12,1.2027812539980733e-12,5.964118088286341e-13,-1.0444978215673473e-12
tuned_5th,ANALYTICAL_REFERENCE,A,2,120.0,negative,9.820699276137158e-14,,-3.5170071074516555e-14,9.169339958713246e-14,9.496450846756701e-14,,-5.777940247956292e-14,7.536443801682119e-14,2.323736838851987e-14,,2.323736838851987e-14,0.0,0.0,,0.0,0.0,2.969014533359794e-13,,1.2058310082691391e-13,-2.713119768605563e-13,,,,,,1.6341034741328735e-14,,-6.280369834735025e-16,1.6328961570311266e-14
tuned_5th,ANALYTICAL_REFERENCE,A,3,180.0,zero,1.1535382849852892e-13,,9.42055475210265e-14,6.657192024819206e-14,1.2839017670950633e-13,,1.1053450909133775e-13,6.531584628124504e-14,1.902405299018659e-14,,-1.821307252073179e-14,-5.495323605393212e-15,0.0,,0.0,0.0,3.561229984297161e-13,,-3.4165211900958944e-13,-1.004859173557616e-13,,,,,,7.009368249228751e-15,,1.884110950420536e-15,6.75139757234023e-15
tuned_5th,ANALYTICAL_REFERENCE,A,4,240.0,positive,1.289190287802731e-13,,1.2309524876080795e-13,-3.8310255991884105e-14,7.300642921089735e-14,,6.782799421513907e-14,-2.7005590289360928e-14,2.5592507076545532e-14,,2.5592507076545532e-14,0.0,0.0,,0.0,0.0,3.3202683868210324e-13,,-3.3160352727401324e-13,-1.67607369964493e-14,,,,,,3.175509571709785e-14,,2.967474746912334e-14,-1.1304665702523177e-14
tuned_5th,ANALYTICAL_REFERENCE,A,5,300.0,negative,20.00000000000001,6.038093139528569e-12,20.00000000000001,2.1076921165370993e-12,1.6817010603508136,-82.14658684620477,0.22978615893393517,-1.6659282029989886,19.84027903279169,4.816624500363849,19.77021384106591,1.665928203002569,0.0,,0.0,0.0,0.6348779068633366,4.8166245003558394,0.6326358596525503,0.05330877699638353,99.2013951639584,8.408505301754063,98.85106920533038,1.1489307946687974,0.0,1.4818609648888694e-12,7.409304824444343e-12,1.6342482922482304e-13,-1.4728218644677327e-12
tuned_5th,ANALYTICAL_REFERENCE,A,6,360.0,zero,9.636889339578156e-14,,-7.567845650855795e-14,5.966351342998344e-14,3.92815043311173e-14,,-3.579810805799007e-14,-1.617195232444288e-14,5.5074224284821204e-14,,-3.8310255991884105e-14,3.956632995883113e-14,0.0,,0.0,0.0,3.1634117498788654e-13,,2.9140916033170863e-13,-1.2309524876080795e-13,,,,,,3.630310457368818e-14,,-1.5700924586837751e-15,3.626913579559519e-14
tuned_5th,ANALYTICAL_REFERENCE,A,7,420.0,positive,14.000000000000012,20.00000000001416,13.155696691001546,4.788282006562618,9.451840401511614,20.16226656235096,8.872633731341951,3.25786090020741,4.548276275599926,19.66278995369927,4.283062959658691,1.5304211063576156,0.0,,0.0,0.0,4.992144236630467,107.99213668230514,-1.5420057996182623,4.748022977331347,32.48768768285659,67.5131457250829,32.48712502641268,67.51287497358716,0.0,2.572015800445848e-12,1.8371541431756044e-11,9.041656312547275e-13,-2.4078516958070395e-12
tuned_5th,ANALYTICAL_REFERENCE,A,8,480.0,negative,1.0965721766439742e-13,,6.877004969034935e-14,8.541302975239736e-14,1.7502749610661967e-13,,1.2686347066164901e-13,1.2058310082691391e-13,3.201795431063629e-14,,-2.951773822325497e-14,-1.2403730423601822e-14,0.0,,0.0,0.0,2.1222818437827452e-13,,2.260933140504636e-14,-2.1102042644709936e-13,,,,,,3.653595367785535e-14,,-2.85756827480447e-14,-2.2766340650914733e-14
tuned_5th,ANALYTICAL_REFERENCE,A,9,540.0,zero,1.1044883448157216e-13,,-1.0551021322354968e-13,3.265792314062252e-14,4.2632564145606005e-14,,-3.014577520672848e-14,3.014577520672848e-14,7.944109290391272e-15,,7.53644380168212e-15,-2.51214793389404e-15,0.0,,0.0,0.0,6.961372816036953e-14,,4.019436694230464e-14,5.683734700435265e-14,,,,,,8.305299365617429e-14,,-8.290088181850332e-14,5.024295867788081e-15
tuned_5th,ANALYTICAL_REFERENCE,A,10,600.0,positive,1.2727011026514838e-13,,5.966351342998344e-14,1.1241862004175828e-13,8.549149833096079e-14,,6.468780929777152e-14,5.589529152914239e-14,9.505804485027749e-14,,8.352891880197683e-14,-4.5375672055961093e-14,0.0,,0.0,0.0,1.716966278879967e-13,,-3.391399710756954e-14,-1.6831391157090068e-13,,,,,,1.350002894264465e-13,,-8.855321466976491e-14,1.0189900056857699e-13
tuned_5th,ANALYTICAL_REFERENCE,A,11,660.0,negative,8.999999999999941,-10.000000000005835,8.863269777109656,-1.5628335990032658,6.938917173023423,-9.83398532443442,6.836962028096749,-1.185125208761745,2.061210013988995,-10.55888469955563,2.0263077490129002,-0.3777083902414474,0.0,,0.0,0.0,5.756675354705205,78.78462988990523,1.119658932011888,5.646740211434939,22.90233348876676,77.09907970026076,22.90124394301747,77.09875605698232,0.0,7.368745174180622e-14,8.187494637978523e-13,6.661338147750939e-15,-7.338574192772285e-14
tuned_5th,ANALYTICAL_REFERENCE,A,12,720.0,zero,4.52883909360294e-14,,-1.507288760336424e-14,4.270651487619868e-14,1.5338509587737478e-13,,-1.3063169256249008e-13,-8.038873388460928e-14,4.121305784037373e-14,,-9.106536260365895e-15,4.019436694230464e-14,0.0,,0.0,0.0,3.254564970404427e-13,,3.215549355384371e-13,5.02429586778808e-14,,,,,,1.49713070597252e-13,,1.2466534121949174e-13,8.290088181850331e-14
tuned_5th,ANALYTICAL_REFERENCE,A,13,780.0,positive,7.0000000000000435,30.000000000069008,6.062177826486892,3.500000000007323,5.483475362443617,30.141190283271854,4.74205826640239,2.7534315768820035,1.516601484677278,29.48950142326472,1.3201195600845348,0.7465684231251265,0.0,,0.0,0.0,5.375894683608162,118.9722619097157,-2.6040088838669195,4.70312464027785,21.66573549538955,78.33536232062261,21.664875523264033,78.33512447673499,0.0,1.9577060339290582e-13,2.796722905612923e-12,-3.241851231905457e-14,1.9306778398231472e-13
tuned_5th,ANALYTICAL_REFERENCE,A,14,840.0,negative,1.1519129679046948e-13,,1.1241862004175828e-13,2.51214793389404e-14,1.3873790429220372e-13,,1.0299806528965563e-13,9.294947355407948e-14,3.9040720747703255e-14,,-3.893829297535762e-14,-2.826166425630795e-15,0.0,,0.0,0.0,4.905125646631374e-13,,-3.1401849173675497e-13,-3.76822190084106e-13,,,,,,8.101737942876566e-14,,4.835884772746027e-14,-6.500182778950828e-14
tuned_5th,ANALYTICAL_REFERENCE,A,15,900.0,zero,1.132209773400735e-14,,-3.76822190084106e-15,1.067662871904967e-14,6.682325309354175e-14,,4.019436694230464e-14,-5.338314359524835e-14,9.336071309389251e-14,,-6.029155041345696e-14,7.128219762424338e-14,0.0,,0.0,0.0,8.798123454738048e-14,,-8.79251776862914e-14,3.14018491736755e-15,,,,,,1.785492686410228e-14,,1.632896157031126e-14,-7.22242530994536e-15
tuned_5th,ANALYTICAL_REFERENCE,A,16,960.0,positive,1.0409511705222208e-13,,1.0299806528965563e-13,-1.507288760336424e-14,1.4729609663499787e-13,,4.3648570351408946e-14,-1.4068028429806622e-13,1.1967030071568403e-13,,4.270651487619868e-14,1.1179058305828478e-13,0.0,,0.0,0.0,3.43714720612747e-13,,-2.713119768605563e-13,2.1102042644709936e-13,,,,,,2.1630837348776212e-14,,1.6642980062048005e-14,1.3816813636417206e-14
tuned_5th,ANALYTICAL_REFERENCE,A,17,1020.0,negative,5.96734289794683e-14,,3.893829297535762e-14,-4.521866281009272e-14,3.265792314062252e-14,,1.25607396694702e-14,-3.014577520672848e-14,2.9070040328799146e-14,,-1.2874758161206954e-14,2.6063534814150665e-14,0.0,,0.0,0.0,2.034684749684793e-13,,-7.034014214903311e-14,1.9092324297594702e-13,,,,,,5.685902922862834e-14,,3.925231146709437e-14,-4.113642241751491e-14
tuned_5th,ANALYTICAL_REFERENCE,A,18,1080.0,zero,3.5198097273142463e-14,,-3.391399710756954e-14,9.420554752102649e-15,1.2623387138745463e-14,,1.25607396694702e-15,1.25607396694702e-14,3.8958546965271006e-14,,-3.893829297535762e-14,-1.25607396694702e-15,0.0,,0.0,0.0,1.3266900360404916e-13,,-1.2560739669470198e-13,4.270651487619868e-14,,,,,,4.213000162292046e-15,,3.768221900841065e-15,-1.8841109504205303e-15
tuned_5th,ANALYTICAL_REFERENCE,A,19,1140.0,positive,1.7931968162647086e-13,,1.1430273099217881e-13,1.3816813636417219e-13,1.3959949785934e-13,,7.034014214903311e-14,1.2058310082691391e-13,4.093457182263644e-14,,3.391399710756954e-14,2.2923349896783115e-14,0.0,,0.0,0.0,3.589823358842389e-13,,-2.6126338512498016e-13,-2.461904975216159e-13,,,,,,1.1378567399694866e-14,,1.0048591735576166e-14,-5.3383143595248436e-15
tuned_5th,ANALYTICAL_REFERENCE,A,20,1200.0,negative,1.805234928290453e-13,,1.2811954462859604e-13,1.2717748915338577e-13,1.1068428008566669e-13,,1.7585035537258278e-14,1.0927843512439073e-13,9.301098385194204e-14,,9.232143657060596e-14,1.130466570252318e-14,0.0,,0.0,0.0,3.954858144105556e-13,,-1.8087465124037088e-13,-3.517007107451656e-13,,,,,,1.9370130821596032e-14,,1.821307252073181e-14,6.594388326471861e-15
tuned_5th,ANALYTICAL_REFERENCE,A,21,1260.0,zero,9.607198689254525e-14,,5.063548179255174e-14,-8.164480785155629e-14,7.194793436965566e-14,,5.02429586778808e-14,-5.1499032644827815e-14,4.292760271196475e-14,,-4.019436694230464e-14,-1.507288760336424e-14,0.0,,0.0,0.0,9.9640892861677e-14,,4.396258884314569e-15,9.954386188055133e-14,,,,,,4.3295352928468825e-14,,4.058689005697558e-14,-1.507288760336424e-14
tuned_5th,ANALYTICAL_REFERENCE,A,22,1320.0,positive,1.8843726143271344e-13,,-1.5261298698406293e-13,1.1053450909133775e-13,2.2802586347907975e-13,,-1.965755758272086e-13,1.1555880495912584e-13,7.06066930124711e-14,,5.3697162086985105e-14,4.584669979356623e-14,0.0,,0.0,0.0,6.329067434438869e-13,,5.451361016550067e-13,-3.215549355384371e-13,,,,,,5.1794016216327586e-14,,-9.734573243839427e-15,-5.0870995661354325e-14
tuned_5th,ANALYTICAL_REFERENCE,A,23,1380.0,negative,1.0710010267206153e-13,,-1.004859173557616e-13,3.705418202493709e-14,1.3611497282677548e-13,,-1.2560739669470198e-13,5.244108812003808e-14,5.02429586778808e-15,,0.0,5.02429586778808e-15,0.0,,0.0,0.0,2.7080048777614463e-13,,2.009718347115232e-13,-1.8150268822384437e-13,,,,,,3.236828524569468e-14,,2.512147933894039e-14,-2.0411201962889073e-14
tuned_5th,ANALYTICAL_REFERENCE,A,24,1440.0,zero,9.166973760662144e-14,,3.328596012409603e-14,-8.541302975239736e-14,1.0572681318843264e-13,,-7.662051198376821e-14,-7.285229008292716e-14,7.818240674285366e-14,,7.787658595071524e-14,-6.908406818208609e-15,0.0,,0.0,0.0,2.52774548382019e-13,,-1.0237002830618213e-13,2.311176099182517e-13,,,,,,3.252479783029213e-14,,3.202988615714899e-14,-5.652332851261592e-15
tuned_5th,ANALYTICAL_REFERENCE,A,25,1500.0,positive,6.396118084022657e-14,,-2.135325743809934e-14,6.029155041345696e-14,5.577873618316993e-14,,-7.53644380168212e-15,5.5267254545668874e-14,3.510833468576701e-14,,-3.1401849173675496e-14,-1.5700924586837748e-14,0.0,,0.0,0.0,1.2224639458285405e-13,,1.2058310082691391e-13,-2.009718347115232e-14,,,,,,2.7180291347582672e-14,,1.7585035537258278e-14,2.072522045462583e-14
tuned_5th,ANALYTICAL_REFERENCE,B,1,60.0,positive,100.0,59.99999999999867,50.000000000002004,86.60254037844271,107.50659214076936,79.66115094790253,19.294131888980754,105.76106953114811,36.19253480686533,-31.961567711286506,30.70586811101683,-19.158529152703718,0.0,,0.0,0.0,277.95625451248867,-121.72283667818797,-146.15237874552705,-236.43003533738136,36.19253480686533,107.50659214076936,-1.238838889876924,101.23883888987618,0.0,4.728266847437941e-12,4.72826684743794e-12,4.419575816427823e-12,-1.680433570072637e-12
tuned_5th,ANALYTICAL_REFERENCE,B,2,120.0,negative,5.67600910580895e-14,,5.1499032644827815e-14,-2.3865405371993378e-14,1.3586517280808823e-14,,1.130466570252318e-14,7.53644380168212e-15,4.237272023699945e-14,,8.792517768629139e-15,-4.1450440909251656e-14,0.0,,0.0,0.0,5.154496608578152e-14,,-3.5170071074516555e-14,3.7682219008410597e-14,,,,,,3.297044627229899e-14,,3.14018491736755e-14,1.004859173557616e-14
tuned_5th,ANALYTICAL_REFERENCE,B,3,180.0,zero,1.084178118126615e-13,,-4.7730810743986756e-14,-9.734573243839404e-14,9.571127029707106e-14,,-2.009718347115232e-14,-9.357751053755298e-14,3.154130228511188e-14,,-3.144110148514259e-14,-2.51214793389404e-15,0.0,,0.0,0.0,2.6403932621915383e-13,,2.0599613057931126e-13,1.6517372665353313e-13,,,,,,4.009311872108932e-15,,3.807474212308154e-15,-1.2560739669470255e-15
tuned_5th,ANALYTICAL_REFERENCE,B,4,240.0,positive,7.465983629965759e-14,,7.285229008292716e-14,-1.632896157031126e-14,1.3155838346737541e-13,,1.2937561859554305e-13,2.3865405371993378e-14,6.400052973001686e-14,,-5.4325199070458614e-14,-3.383549248463535e-14,0.0,,0.0,0.0,1.6365636392778556e-13,,-1.5575317190143048e-13,-5.02429586778808e-14,,,,,,6.728079771589927e-15,,-2.1981294421572776e-15,-6.35887445766929e-15
tuned_5th,ANALYTICAL_REFERENCE,B,5,300.0,negative,19.999999999999954,120.00000000001012,-10.000000000003036,17.320508075686966,1.6817010603507716,37.853413153795245,1.3278430652110822,1.0319647525743052,19.840279032791702,124.81662450035489,-11.327843065211601,16.288543323114304,0.0,,0.0,0.0,0.6348779068635113,124.81662450032901,-0.36248468494967856,0.5212243373062366,99.20139516395874,8.408505301753879,98.85106920533264,1.1489307946681813,0.0,3.004966317507926e-12,1.5024831587539666e-11,-2.517097641430155e-12,-1.6413537196058314e-12
tuned_5th,ANALYTICAL_REFERENCE,B,6,360.0,zero,5.862650393847435e-14,,-4.207847789272517e-14,4.0822403925778147e-14,1.2045873770978712e-13,,-9.294947355407948e-14,7.662051198376821e-14,4.7466676236327755e-14,,4.239249638446192e-14,-2.135325743809934e-14,0.0,,0.0,0.0,1.7012268776018228e-13,,4.7730810743986756e-14,-1.6328961570311259e-13,,,,,,1.674928832575349e-14,,8.478499276892384e-15,-1.4444850619890724e-14
tuned_5th,ANALYTICAL_REFERENCE,B,7,420.0,positive,14.000000000000124,-99.99999999998975,-2.431074487334577,-13.78730854217147,9.451840401511731,-99.83773343765333,-1.6149265640960337,-9.312856659920543,4.5482762755999655,-100.33721004630368,-0.8161479232360009,-4.474451882251396,0.0,,0.0,0.0,4.992144236630667,-12.007863317695746,4.882911415930483,-1.0385952934134384,32.48768768285661,67.51314572508319,32.4871250264127,67.51287497358744,-0.0,2.58508125450738e-12,1.846486610362398e-11,-2.5421886817866834e-12,4.689582056016661e-13
tuned_5th,ANALYTICAL_REFERENCE,B,8,480.0,negative,1.6243257199107298e-13,,-1.5857933832706127e-13,-3.5170071074516555e-14,1.6572744729992452e-13,,-1.6340737263751386e-13,-2.7633627272834437e-14,2.4285224608099855e-14,,1.8527091012468544e-14,-1.5700924586837748e-14,0.0,,0.0,0.0,4.37575500816995e-13,,3.6174930248074177e-13,2.461904975216159e-13,,,,,,1.5947504538836906e-14,,-1.3699056702015953e-14,8.16448078515563e-15
tuned_5th,ANALYTICAL_REFERENCE,B,9,540.0,zero,1.0421629883604046e-13,,1.004859173557616e-13,-2.7633627272834437e-14,1.142682182552007e-13,,9.546162148797351e-14,-6.280369834735099e-14,1.854570987253821e-14,,-1.632896157031126e-14,-8.792517768629139e-15,0.0,,0.0,0.0,3.095553454214718e-13,,-2.5121479338940397e-13,1.8087465124037088e-13,,,,,,4.887403012857874e-14,,2.1353257438099343e-14,4.396258884314569e-14
tuned_5th,ANALYTICAL_REFERENCE,B,10,600.0,positive,8.720955563955665e-14,,5.02429586778808e-14,-7.128219762424338e-14,1.499785979780846e-13,,1.2058310082691391e-13,-8.918125165323841e-14,4.1130429261636204e-14,,-4.0822403925778147e-14,5.02429586778808e-15,0.0,,0.0,0.0,4.162895190356729e-13,,-3.6174930248074177e-13,2.0599613057931126e-13,,,,,,3.220335801630277e-14,,-2.9517738223254963e-14,1.2874758161206949e-14
tuned_5th,ANALYTICAL_REFERENCE,B,11,660.0,negative,9.000000000000078,109.99999999999916,-3.0781812899309218,8.457233587073294,6.938917173023594,110.16601467556785,-2.392132476595684,6.513545405422299,2.0612100139889966,109.44111530044427,-0.6860488133348274,1.9436881816511606,0.0,,0.0,0.0,5.756675354705276,-161.21537011009735,-5.450049937679864,-1.8537170270207983,22.90233348876643,77.09907970026148,22.90124394301712,77.09875605698304,0.0,4.427803403598356e-13,4.9197815595536864e-12,-4.1044945220392037e-13,-1.6608936448392342e-13
tuned_5th,ANALYTICAL_REFERENCE,B,12,720.0,zero,8.226085852327241e-14,,8.164480785155629e-14,1.004859173557616e-14,5.488141346345751e-14,,3.7368200516673845e-14,4.019436694230464e-14,3.580361673049448e-14,,9.420554752102649e-15,-3.4542034091043046e-14,0.0,,0.0,0.0,2.754212494453768e-13,,-2.1604472231488743e-13,-1.7082605950479472e-13,,,,,,3.513220024182125e-14,,3.48560525827798e-14,4.396258884314568e-15
tuned_5th,ANALYTICAL_REFERENCE,B,13,780.0,positive,6.999999999999996,-89.9999999999576,5.181305113656457e-12,-6.999999999999996,5.483475362443603,-89.85880971675527,0.01351255995826932,-5.4834587133714585,1.516601484677295,-90.51049857671973,-0.01351255995220676,-1.5165412866285288,0.0,,0.0,0.0,5.37589468360829,-1.0277380902667974,5.3750298575787845,-0.09642447502817098,21.665735495389942,78.33536232062295,21.66487552326457,78.33512447673532,-0.0,8.812934333719826e-13,1.2589906191028329e-11,-8.812551383075018e-13,-8.215650382226158e-15
tuned_5th,ANALYTICAL_REFERENCE,B,14,840.0,negative,6.876359695285539e-14,,-6.782799421513907e-14,-1.130466570252318e-14,6.350630974905108e-14,,-6.280369834735099e-14,-9.420554752102649e-15,2.097954347173861e-14,,8.557003899826574e-15,-1.9155127995942053e-14,0.0,,0.0,0.0,3.4419177111382353e-13,,2.8638486446392056e-13,1.9092324297594702e-13,,,,,,2.1971338902408858e-14,,-1.3581299767614657e-14,1.727101704552152e-14
tuned_5th,ANALYTICAL_REFERENCE,B,15,900.0,zero,1.2600283007175368e-13,,-8.541302975239736e-14,9.263545506234272e-14,1.510843445015902e-13,,-1.1053450909133775e-13,1.0299806528965563e-13,3.225408673929171e-14,,2.9144841264317573e-14,-1.3816813636417219e-14,0.0,,0.0,0.0,3.197861701003041e-13,,2.8136056859613244e-13,-1.5198495000058942e-13,,,,,,5.30273159551213e-15,,-4.023361925377184e-15,3.4542034091043078e-15
tuned_5th,ANALYTICAL_REFERENCE,B,16,960.0,positive,1.1766939537721438e-13,,3.265792314062252e-14,1.130466570252318e-13,2.0469381553898694e-13,,8.290088181850331e-14,1.8715502107510596e-13,8.592868015318674e-14,,-6.782799421513907e-14,-5.275510661177484e-14,0.0,,0.0,0.0,6.000826826490557e-13,,-1.2058310082691391e-13,-5.878426165312053e-13,,,,,,2.7662159678238806e-14,,1.7585035537258284e-14,-2.1353257438099324e-14
tuned_5th,ANALYTICAL_REFERENCE,B,17,1020.0,negative,5.849853508292962e-14,,-5.65233285126159e-14,-1.507288760336424e-14,4.6001297571431225e-14,,-3.579810805799007e-14,2.888970123978146e-14,1.0126792072454708e-14,,-1.004859173557616e-14,-1.25607396694702e-15,0.0,,0.0,0.0,1.1910866685298208e-13,,5.5267254545668874e-14,-1.0551021322354968e-13,,,,,,4.4020867934144774e-14,,-1.0676628719049668e-14,-4.2706514876198686e-14
tuned_5th,ANALYTICAL_REFERENCE,B,18,1080.0,zero,1.2475666579389881e-13,,-6.657192024819206e-14,-1.0551021322354968e-13,8.089740459194915e-14,,-4.7730810743986756e-14,-6.531584628124504e-14,4.51848495662554e-14,,-2.2923349896783115e-14,-3.893829297535762e-14,0.0,,0.0,0.0,1.66048987829751e-13,,1.6328961570311259e-13,-3.014577520672848e-14,,,,,,4.271113254555055e-15,,4.0822403925778134e-15,-1.2560739669470176e-15
tuned_5th,ANALYTICAL_REFERENCE,B,19,1140.0,positive,2.4428943382792783e-14,,7.53644380168212e-15,-2.323736838851987e-14,2.044740276336181e-14,,2.009718347115232e-14,3.76822190084106e-15,3.7150192537690144e-14,,-3.1244839927807124e-14,-2.009718347115232e-14,0.0,,0.0,0.0,1.1702572257879622e-13,,4.019436694230464e-14,1.0990647210786425e-13,,,,,,1.992038371190317e-14,,1.8684100258336923e-14,-6.908406818208609e-15
tuned_5th,ANALYTICAL_REFERENCE,B,20,1200.0,negative,4.949951486243539e-14,,4.019436694230464e-14,-2.888970123978146e-14,1.1688112479685514e-13,,1.1116254607481126e-13,3.611212654972682e-14,8.62333886790138e-14,,-7.662051198376821e-14,-3.956632995883113e-14,0.0,,0.0,0.0,2.1598355307706168e-13,,-1.9783164979415564e-13,8.666910371934438e-14,,,,,,2.6055967004811643e-14,,5.652332851261585e-15,-2.5435497830677153e-14
tuned_5th,ANALYTICAL_REFERENCE,B,21,1260.0,zero,6.908406818208609e-14,,-5.5267254545668874e-14,4.1450440909251656e-14,7.315485206751048e-14,,-7.034014214903311e-14,2.009718347115232e-14,4.550126861695776e-14,,1.5700924586837748e-14,4.270651487619868e-14,0.0,,0.0,0.0,1.7082605950479472e-13,,1.7082605950479472e-13,0.0,,,,,,2.136249127958524e-14,,-6.280369834735119e-16,-2.1353257438099343e-14
tuned_5th,ANALYTICAL_REFERENCE,B,22,1320.0,positive,2.046023261813367e-13,,1.9594753884373512e-13,5.887846720064156e-14,1.7022003715417217e-13,,1.5324102396753642e-13,7.410836404987418e-14,4.5463327851051585e-14,,2.5435497830677153e-14,-3.7682219008410597e-14,0.0,,0.0,0.0,4.855151647062296e-13,,-4.795062368820249e-13,-7.614948424616309e-14,,,,,,2.8326574097942205e-14,,1.7271017045521545e-14,2.2452322159177982e-14
tuned_5th,ANALYTICAL_REFERENCE,B,23,1380.0,negative,1.060102255565987e-13,,1.0551021322354968e-13,1.0284105604378726e-14,5.6173335497227215e-14,,5.02429586778808e-14,2.51214793389404e-14,4.298728498614701e-14,,4.207847789272517e-14,-8.792517768629139e-15,0.0,,0.0,0.0,1.408820087000489e-13,,-1.4068028429806622e-13,7.53644380168212e-15,,,,,,1.450807062465934e-14,,1.318877665294371e-14,-6.0448559659325355e-15
tuned_5th,ANALYTICAL_REFERENCE,B,24,1440.0,zero,1.7128722890799497e-13,,1.7082605950479472e-13,-1.25607396694702e-14,2.2730563157550142e-13,,2.2358116611656956e-13,-4.0979413171646526e-14,4.5030733470271287e-14,,-3.4542034091043046e-14,2.888970123978146e-14,0.0,,0.0,0.0,4.0507168289818834e-13,,-4.019436694230464e-13,5.02429586778808e-14,,,,,,1.821916237852413e-14,,-1.8213072520731793e-14,-4.710277376051363e-16
tuned_5th,ANALYTICAL_REFERENCE,B,25,1500.0,positive,8.290088181850331e-14,,-8.290088181850331e-14,0.0,1.0387156225482656e-13,,-9.797376942186756e-14,-3.450278177957595e-14,2.3280294108754794e-14,,1.7742044783126656e-14,-1.507288760336424e-14,0.0,,0.0,0.0,2.2311494473267974e-13,,1.3063169256249008e-13,1.8087465124037088e-13,,,,,,4.9647471182497e-14,,-2.6691571797624076e-15,4.957566938294019e-14
tuned_5th,ANALYTICAL_REFERENCE,C,1,60.0,positive,99.99999999999986,-59.999999999998636,50.00000000000199,-86.60254037844255,107.5065921407697,-40.33884905209804,81.94470700089585,-69.58974312539986,36.19253480686536,-151.96156771128724,-31.944707000894834,-17.01279725304282,0.0,,0.0,0.0,277.9562545124883,118.27716332181343,-131.67822744706712,244.78669048583834,36.19253480686541,107.50659214076985,-1.2388388898790823,101.2388388898787,-0.0,9.853321851274762e-13,9.853321851274776e-13,9.769962616701378e-13,1.2789769243681803e-13
tuned_5th,ANALYTICAL_REFERENCE,C,2,120.0,negative,6.911831625566733e-14,,2.260933140504636e-14,-6.531584628124504e-14,7.418283949015283e-14,,3.5170071074516555e-14,-6.531584628124504e-14,6.048754451447731e-14,,-3.705418202493709e-14,4.7809315366920945e-14,0.0,,0.0,0.0,2.36515759540527e-13,,-5.02429586778808e-14,2.311176099182517e-13,,,,,,5.371833350239267e-14,,2.4493442355466893e-14,-4.7809315366920945e-14
tuned_5th,ANALYTICAL_REFERENCE,C,3,180.0,zero,4.016491691983153e-14,,-3.579810805799007e-14,1.821307252073179e-14,8.241544219935526e-14,,-7.992751922487091e-14,2.009718347115232e-14,3.3309651201916735e-14,,3.328596012409603e-14,1.25607396694702e-15,0.0,,0.0,0.0,1.867288194435147e-13,,1.5575317190143048e-13,-1.0299806528965563e-13,,,,,,1.1288985420866384e-14,,1.0843451042784816e-14,-3.1401849173675494e-15
tuned_5th,ANALYTICAL_REFERENCE,C,4,240.0,positive,1.8336959187428107e-13,,-1.8087465124037088e-13,3.014577520672848e-14,1.7495987701812134e-13,,-1.7459428140563578e-13,-1.130466570252318e-14,4.798218994468179e-14,,2.888970123978146e-14,3.8310255991884105e-14,0.0,,0.0,0.0,5.272014177605957e-13,,5.193865853325927e-13,9.043732562018544e-14,,,,,,3.5309979619107814e-14,,-3.517007107451656e-14,3.1401849173675502e-15
tuned_5th,ANALYTICAL_REFERENCE,C,5,300.0,negative,19.999999999999947,-119.99999999999815,-9.999999999999414,-17.320508075689048,1.6817010603508762,157.85341315379992,-1.5576292241451604,0.6339634504245547,19.840279032791667,-115.18337549963998,-8.442370775852961,-17.954471526114503,0.0,,0.0,0.0,0.6348779068636081,-115.18337549964002,-0.2701511747028015,-0.5745331143025724,99.2013951639586,8.408505301754404,98.85106920533055,1.148930794670131,-0.0,1.5748783428847064e-12,7.874391714423553e-12,-1.2931877790833823e-12,8.988365607365267e-13
tuned_5th,ANALYTICAL_REFERENCE,C,6,360.0,zero,1.6861009380463386e-13,,1.325158035129106e-13,-1.0425413925660266e-13,1.8930497405609847e-13,,1.695699855378477e-13,-8.415695578545034e-14,2.261151198386274e-14,,-1.3816813636417219e-14,-1.7899054028995035e-14,0.0,,0.0,0.0,5.16771789327232e-13,,-4.2329692686114574e-13,2.964334561994967e-13,,,,,,2.334110243043934e-14,,-2.323736838851987e-14,-2.198129442157284e-15
tuned_5th,ANALYTICAL_REFERENCE,C,7,420.0,positive,14.000000000000101,140.0000000000176,-10.724622203668533,8.999026535608325,9.45184040151159,140.16226656232809,-7.257707167244197,6.054995759716021,4.548276275600009,139.6627899537034,-3.4669150364232015,2.944030775893588,0.0,,0.0,0.0,4.992144236630749,-132.00786331770325,-3.340905616312773,-3.7094276839177462,32.48768768285697,67.51314572508231,32.48712502641307,67.51287497358663,-0.0,1.713435217220439e-12,1.2238822980145905e-11,-1.13420384195706e-12,-1.284305994886381e-12
tuned_5th,ANALYTICAL_REFERENCE,C,8,480.0,negative,1.0135551853865988e-13,,8.729714070281789e-14,-5.1499032644827815e-14,1.0527256255547968e-13,,7.599247500029471e-14,-7.285229008292716e-14,3.219570203397356e-14,,1.130466570252318e-14,3.014577520672848e-14,0.0,,0.0,0.0,3.6052659827245514e-13,,-3.5735304359642716e-13,-4.7730810743986756e-14,,,,,,8.792517768629136e-15,,3.1554436208840472e-30,-8.792517768629136e-15
tuned_5th,ANALYTICAL_REFERENCE,C,9,540.0,zero,5.215567340502509e-14,,-4.066539467990977e-14,3.265792314062252e-14,6.689109846918032e-14,,-5.5267254545668874e-14,3.7682219008410597e-14,8.16448078515563e-15,,0.0,8.16448078515563e-15,0.0,,0.0,0.0,3.5660612417021185e-13,,2.530989043398245e-13,-2.5121479338940397e-13,,,,,,1.967633454534913e-14,,1.4601859865759106e-14,-1.3188776652943707e-14
tuned_5th,ANALYTICAL_REFERENCE,C,10,600.0,positive,1.594224596611486e-13,,-1.5700924586837749e-13,2.7633627272834437e-14,1.5175120278011561e-13,,-1.5072887603364239e-13,1.7585035537258278e-14,4.851788941290405e-14,,-3.4071006353437916e-14,3.4542034091043046e-14,0.0,,0.0,0.0,4.1882863055453347e-13,,4.119922611586225e-13,-7.536443801682119e-14,,,,,,3.704386854170657e-14,,2.7790636518702816e-14,-2.4493442355466887e-14
tuned_5th,ANALYTICAL_REFERENCE,C,11,660.0,negative,9.000000000000037,-130.0000000000075,-5.785088487179781,-6.894399988070074,6.938917173023455,-129.8339853244388,-4.444829551501806,-5.328420196660176,2.0612100139890814,-130.55888469956258,-1.3402589356783166,-1.5659797914096134,0.0,,0.0,0.0,5.756675354704831,-41.215370110094,4.330391005667595,-3.7930231844136135,22.902333488767475,77.0990797002603,22.901243943018166,77.09875605698187,-0.0,4.4492796841276804e-13,4.94364409347518e-12,3.419486915845482e-13,-2.8466118351389014e-13
tuned_5th,ANALYTICAL_REFERENCE,C,12,720.0,zero,4.52883909360294e-14,,3.7682219008410597e-14,-2.51214793389404e-14,9.048092878824608e-14,,8.79251776862914e-14,-2.135325743809934e-14,3.079303181038944e-14,,-3.014577520672848e-14,-6.2803698347351e-15,0.0,,0.0,0.0,1.5959555416043401e-13,,-1.4068028429806622e-13,7.536443801682119e-14,,,,,,2.0253584144909416e-14,,-2.009718347115232e-14,2.5121479338940407e-15
tuned_5th,ANALYTICAL_REFERENCE,C,13,780.0,positive,6.999999999999858,150.00000000005133,-6.062177826494082,3.4999999999944995,5.483475362443537,150.1411902832536,-4.755570826362316,2.7300271364909388,1.5166014846772498,149.4895014232841,-1.306607000132153,0.7699728635029252,0.0,,0.0,0.0,5.375894683608271,-121.02773809028902,-2.771020973712143,-4.606700165247905,21.665735495389722,78.33536232062355,21.664875523264328,78.33512447673591,-0.0,7.440472601615354e-13,1.0629246573736437e-11,3.8680170177940454e-13,6.356026815979021e-13
tuned_5th,ANALYTICAL_REFERENCE,C,14,840.0,negative,6.591696189872021e-14,,-3.391399710756954e-14,-5.65233285126159e-14,1.1498566520204494e-13,,-5.589529152914239e-14,-1.004859173557616e-13,4.572420875165883e-14,,2.7005590289360928e-14,3.689717277906871e-14,0.0,,0.0,0.0,9.336440972175736e-14,,1.7585035537258278e-14,9.169339958713246e-14,,,,,,8.669697406806623e-15,,-5.0242958677880766e-15,7.065416064076988e-15
tuned_5th,ANALYTICAL_REFERENCE,C,15,900.0,zero,1.5822801016540193e-13,,1.0551021322354968e-13,-1.179139436471515e-13,8.503250257362049e-14,,1.507288760336424e-14,-8.36859280478452e-14,7.113758903483016e-14,,5.02429586778808e-14,-5.036071561228208e-14,0.0,,0.0,0.0,2.444185679370273e-13,,-2.210690181826755e-13,1.0425413925660266e-13,,,,,,4.331109723386492e-14,,4.0194366942304644e-14,1.6132700012975786e-14
tuned_5th,ANALYTICAL_REFERENCE,C,16,960.0,positive,1.7547762414164653e-13,,-1.3314384049638411e-13,-1.1430273099217881e-13,1.8033303068720102e-13,,-1.7082605950479472e-13,-5.777940247956292e-14,7.169049731399582e-14,,1.9155127995942053e-14,-6.908406818208609e-14,0.0,,0.0,0.0,4.818349508391485e-13,,3.717978942163179e-13,3.0648204793507284e-13,,,,,,2.238359404627629e-14,,1.852709101246855e-14,1.2560739669470201e-14
tuned_5th,ANALYTICAL_REFERENCE,C,17,1020.0,negative,2.0253584144909416e-14,,-2.009718347115232e-14,2.51214793389404e-15,3.801569647349491e-14,,-3.7682219008410597e-14,-5.02429586778808e-15,2.7547852744317718e-14,,2.51214793389404e-14,-1.130466570252318e-14,0.0,,0.0,0.0,1.156679772130055e-13,,9.546162148797351e-14,-6.531584628124504e-14,,,,,,2.0292495965882763e-14,,-7.536443801682121e-15,1.88411095042053e-14
tuned_5th,ANALYTICAL_REFERENCE,C,18,1080.0,zero,1.1105427228263348e-13,,7.662051198376821e-14,8.038873388460928e-14,4.4342257568411776e-14,,2.7005590289360928e-14,3.5170071074516555e-14,7.416223323777438e-14,,6.405977231429802e-14,3.7368200516673845e-14,0.0,,0.0,0.0,1.0126792072454709e-13,,-1.25607396694702e-14,1.004859173557616e-13,,,,,,1.644030010831157e-14,,-1.444485061989074e-14,7.850462293418876e-15
tuned_5th,ANALYTICAL_REFERENCE,C,19,1140.0,positive,1.307101736104603e-13,,-8.79251776862914e-14,-9.671769545492053e-14,1.4892291794543754e-13,,-1.1430273099217881e-13,-9.546162148797351e-14,1.0126792072454708e-14,,8.792517768629139e-15,-5.02429586778808e-15,0.0,,0.0,0.0,2.382703120973021e-13,,2.1604472231488743e-13,1.004859173557616e-13,,,,,,1.798424230098713e-14,,1.758503553725828e-14,3.768221900841062e-15
tuned_5th,ANALYTICAL_REFERENCE,C,20,1200.0,negative,2.1326364214292322e-13,,-1.7459428140563578e-13,-1.2246721177733443e-13,2.131924246196703e-13,,-1.5324102396753642e-13,-1.4821672809974835e-13,2.4128392985300668e-14,,-1.507288760336424e-14,1.8841109504205298e-14,0.0,,0.0,0.0,4.953965916898073e-13,,3.969193735552583e-13,2.964334561994967e-13,,,,,,9.336440972175757e-15,,-6.2803698347351226e-15,6.908406818208619e-15
tuned_5th,ANALYTICAL_REFERENCE,C,21,1260.0,zero,2.6227594425580137e-14,,2.51214793389404e-14,7.53644380168212e-15,3.899902338861975e-14,,1.004859173557616e-14,3.7682219008410597e-14,3.147712339076731e-14,,1.507288760336424e-14,-2.7633627272834437e-14,0.0,,0.0,0.0,1.9407054145045298e-13,,-1.8087465124037088e-13,-7.034014214903311e-14,,,,,,2.5121479338940415e-15,,0.0,-2.5121479338940415e-15
tuned_5th,ANALYTICAL_REFERENCE,C,22,1320.0,positive,1.7200418422064278e-13,,-2.009718347115232e-14,-1.7082605950479472e-13,1.9387940100428722e-13,,8.164480785155629e-14,-1.758503553725828e-13,8.890273346203968e-14,,-8.886723316150167e-14,-2.51214793389404e-15,0.0,,0.0,0.0,3.8395615110023e-13,,-4.019436694230464e-14,3.8184648595189405e-13,,,,,,1.491835724486706e-14,,-1.2874758161206946e-14,7.53644380168211e-15
tuned_5th,ANALYTICAL_REFERENCE,C,23,1380.0,negative,6.156044012742063e-14,,1.25607396694702e-15,-6.154762438040397e-14,8.887333578484258e-14,,4.710277376051325e-14,-7.536443801682119e-14,3.696359138182858e-14,,-3.642614504146358e-14,6.2803698347351e-15,0.0,,0.0,0.0,1.165376734978219e-13,,-1.507288760336424e-14,1.1555880495912584e-13,,,,,,1.2064196492650336e-14,,-9.42055475210265e-15,7.536443801682118e-15
tuned_5th,ANALYTICAL_REFERENCE,C,24,1440.0,zero,2.1836910037548746e-13,,-2.009718347115232e-13,8.541302975239736e-14,1.8193571277534725e-13,,-1.4821672809974835e-13,1.0551021322354968e-13,5.746195198925718e-14,,-5.212706962830133e-14,-2.4179423863730132e-14,0.0,,0.0,0.0,5.017256922857805e-13,,4.220408528941987e-13,-2.713119768605563e-13,,,,,,4.130268402344376e-15,,-6.280369834735088e-16,4.0822403925778134e-15
tuned_5th,ANALYTICAL_REFERENCE,C,25,1500.0,positive,1.0186597247009026e-13,,1.0174199132270861e-13,-5.02429586778808e-15,8.963344180172595e-14,,8.604106673587086e-14,-2.51214793389404e-14,2.3699556209291352e-14,,2.009718347115232e-14,1.25607396694702e-14,0.0,,0.0,0.0,2.428351918216984e-13,,-2.210690181826755e-13,-1.004859173557616e-13,,,,,,8.724968616208748e-15,,-4.396258884314568e-15,7.53644380168212e-15
detuned_285hz,ANALYTICAL_REFERENCE,A,1,60.0,positive,99.99999999999997,-179.99999999999935,-99.99999999999997,-1.1681487892607286e-12,107.57615348231785,-160.2588554662657,-101.25371268551295,-36.33613167978673,36.35775379404744,88.02389638572511,1.2537126855123197,36.33613167978612,0.0,,0.0,0.0,277.968510420834,-1.7236716682856261,277.8427347415923,-8.361072711707502,36.35775379404745,107.57615348231788,-1.2537126855127447,101.25371268551342,-0.0,8.619434371394606e-13,8.619434371394609e-13,6.601386104421181e-13,-5.542233338928781e-13
detuned_285hz,ANALYTICAL_REFERENCE,A,2,120.0,negative,9.820699276137158e-14,,-3.5170071074516555e-14,9.169339958713246e-14,1.1457157353758233e-13,,-7.034014214903311e-14,9.043732562018544e-14,2.724551544406844e-14,,1.1932702685996689e-14,2.449344235546689e-14,0.0,,0.0,0.0,2.801467360841957e-13,,1.5072887603364239e-13,-2.3614190578603976e-13,,,,,,3.2862601528904634e-14,,2.3237368388519866e-14,-2.3237368388519872e-14
detuned_285hz,ANALYTICAL_REFERENCE,A,3,180.0,zero,1.1535382849852892e-13,,9.42055475210265e-14,6.657192024819206e-14,1.349622106426579e-13,,1.0551021322354968e-13,8.415695578545034e-14,3.4120171933669915e-15,,-3.14018491736755e-15,-1.3345785898812087e-15,0.0,,0.0,0.0,3.162114758489541e-13,,-3.0145775206728477e-13,-9.546162148797351e-14,,,,,,1.8186151255549683e-14,,-8.164480785155633e-15,-1.6250456947377074e-14
detuned_285hz,ANALYTICAL_REFERENCE,A,4,240.0,positive,1.289190287802731e-13,,1.2309524876080795e-13,-3.8310255991884105e-14,8.093883732429007e-14,,8.038873388460928e-14,-9.420554752102649e-15,4.346888237732731e-14,,4.317754261380381e-14,5.02429586778808e-15,0.0,,0.0,0.0,3.4840861103125513e-13,,-3.466764148773775e-13,-3.4699043336911425e-14,,,,,,3.391726797579411e-14,,-4.710277376051363e-16,-3.391399710756954e-14
detuned_285hz,ANALYTICAL_REFERENCE,A,5,300.0,negative,20.00000000000001,6.038093139528569e-12,20.00000000000001,2.1076921165370993e-12,6.375228732261552,-5.450746642078672,6.346401368146745,-0.6055832420389069,13.667021865160999,2.539597009536295,13.653598631853384,0.6055832420404418,0.0,,0.0,0.0,2.406784397501221,81.51246470448135,0.3552275310822931,2.380425284947312,68.33510932580495,31.876143661307744,68.2679931592672,31.73200684073339,0.0,5.84998677787997e-13,2.9249933889399833e-12,-1.1901590823981678e-13,5.727640584041183e-13
detuned_285hz,ANALYTICAL_REFERENCE,A,6,360.0,zero,9.636889339578156e-14,,-7.567845650855795e-14,5.966351342998344e-14,3.6815236557475097e-14,,-3.642614504146358e-14,5.338314359524835e-15,4.986866755498124e-14,,-2.5749516322413908e-14,4.270651487619868e-14,0.0,,0.0,0.0,3.044781331747377e-13,,2.7382412479445036e-13,-1.3314384049638411e-13,,,,,,1.781345837071375e-14,,-1.3502795144680464e-14,1.1618684194259928e-14
detuned_285hz,ANALYTICAL_REFERENCE,A,7,420.0,positive,14.000000000000012,20.00000000001416,13.155696691001546,4.788282006562618,10.041117282115874,20.206217963900965,9.423142182471345,3.4682023704125506,3.959112704246638,19.476983050928535,3.7325545085300043,1.3200796361505873,0.0,,0.0,0.0,5.30338046770539,108.03608808385401,-1.6420112431425629,5.042781322111088,28.279376458904533,71.7222663008276,28.27819824788805,71.72180175211192,0.0,5.563621242686851e-13,3.974015173347747e-12,1.971756091734278e-13,-5.202505093393484e-13
detuned_285hz,ANALYTICAL_REFERENCE,A,8,480.0,negative,1.0965721766439742e-13,,6.877004969034935e-14,8.541302975239736e-14,1.4922586928221035e-13,,1.186989898764934e-13,9.043732562018544e-14,4.577566798522237e-14,,-4.4276607334882455e-14,-1.1618684194259935e-14,0.0,,0.0,0.0,2.3949875603107045e-13,,6.280369834735099e-14,-2.311176099182517e-13,,,,,,8.685322334937215e-15,,-5.652332851261592e-15,6.594388326471852e-15
detuned_285hz,ANALYTICAL_REFERENCE,A,9,540.0,zero,1.1044883448157216e-13,,-1.0551021322354968e-13,3.265792314062252e-14,9.726466164986636e-14,,-9.043732562018544e-14,3.579810805799007e-14,1.3352249420226864e-14,,1.004859173557616e-14,-8.792517768629139e-15,0.0,,0.0,0.0,2.6295181753055382e-14,,2.009718347115232e-14,-1.695699855378477e-14,,,,,,2.5749516322413904e-14,,-2.5121479338940396e-14,5.6523328512615885e-15
detuned_285hz,ANALYTICAL_REFERENCE,A,10,600.0,positive,1.2727011026514838e-13,,5.966351342998344e-14,1.1241862004175828e-13,7.705427699450527e-14,,8.16448078515563e-15,7.662051198376821e-14,6.358389842764979e-14,,6.091958739693047e-14,-1.821307252073179e-14,0.0,,0.0,0.0,2.1861822157295174e-13,,-9.169339958713246e-14,-1.9845968677762915e-13,,,,,,5.482658551601281e-14,,-9.420554752102663e-15,5.4011180578721856e-14
detuned_285hz,ANALYTICAL_REFERENCE,A,11,660.0,negative,8.999999999999941,-10.000000000005835,8.863269777109656,-1.5628335990032658,7.1347404298663655,-9.83975425230203,7.029785278093693,-1.219278452801847,1.8653942067598484,-10.612917165820917,1.8334844990160644,-0.34355514620074507,0.0,,0.0,0.0,5.919134552363366,78.7788609620377,1.1518414302830093,5.805980982440905,20.726602297331784,79.27489366518235,20.72541638582882,79.27458361417101,0.0,6.814372409520934e-13,7.571524899467754e-12,-1.021405182655144e-13,-6.737388424937762e-13
detuned_285hz,ANALYTICAL_REFERENCE,A,12,720.0,zero,4.52883909360294e-14,,-1.507288760336424e-14,4.270651487619868e-14,1.31065766209536e-13,,-1.2811954462859604e-13,-2.7633627272834437e-14,4.463731716025571e-14,,2.1824285175704473e-14,3.893829297535762e-14,0.0,,0.0,0.0,2.4686886821499887e-13,,2.4116620165382783e-13,5.275510661177484e-14,,,,,,9.647588951328566e-14,,9.122237184952734e-14,3.140184917367549e-14
detuned_285hz,ANALYTICAL_REFERENCE,A,13,780.0,positive,7.0000000000000435,30.000000000069008,6.062177826486892,3.500000000007323,5.620491066663971,30.135143002142748,4.860846012670236,2.82171860247569,1.3795882650723688,29.449414697838282,1.201331813816841,0.6782813975312364,0.0,,0.0,0.0,5.510222267339838,118.96621462858647,-2.6685664945389798,4.820923386625401,19.708403786748,80.2927295237705,19.707493827220222,80.29250617277923,0.0,4.3749793130886924e-13,6.249970447269521e-12,-1.8451906669270102e-13,3.9668268669856843e-13
detuned_285hz,ANALYTICAL_REFERENCE,A,14,840.0,negative,1.1519129679046948e-13,,1.1241862004175828e-13,2.51214793389404e-14,1.512721955239994e-13,,1.2309524876080795e-13,8.79251776862914e-14,4.139122277508868e-14,,-3.5170071074516555e-14,-2.1824285175704473e-14,0.0,,0.0,0.0,4.623444307582486e-13,,-3.1150634380286096e-13,-3.4165211900958944e-13,,,,,,4.774139736447914e-14,,2.4493442355466887e-14,-4.097941317164652e-14
detuned_285hz,ANALYTICAL_REFERENCE,A,15,900.0,zero,1.132209773400735e-14,,-3.76822190084106e-15,1.067662871904967e-14,7.07427281260915e-14,,7.034014214903311e-14,7.53644380168212e-15,8.566217830681833e-14,,-7.285229008292716e-14,4.506165356422434e-14,0.0,,0.0,0.0,1.5754718008370228e-13,,-1.5072887603364239e-13,-4.584669979356623e-14,,,,,,4.1940282012879204e-14,,-1.2560739669470176e-15,-4.192146864685679e-14
detuned_285hz,ANALYTICAL_REFERENCE,A,16,960.0,positive,1.0409511705222208e-13,,1.0299806528965563e-13,-1.507288760336424e-14,1.2409095402129096e-13,,6.531584628124504e-14,-1.0551021322354968e-13,1.1085564392102944e-13,,4.019436694230464e-14,1.0331208378139239e-13,0.0,,0.0,0.0,3.7625233900580857e-13,,-3.1150634380286096e-13,2.1102042644709936e-13,,,,,,1.3117556363566082e-14,,-2.5121479338940478e-15,-1.2874758161206946e-14
detuned_285hz,ANALYTICAL_REFERENCE,A,17,1020.0,negative,5.96734289794683e-14,,3.893829297535762e-14,-4.521866281009272e-14,3.056159864571351e-14,,3.014577520672848e-14,-5.02429586778808e-15,2.0387636972969884e-14,,-1.0833637964918047e-14,1.7271017045521523e-14,0.0,,0.0,0.0,3.0812495462905824e-13,,-1.2560739669470198e-13,2.8136056859613244e-13,,,,,,6.072442956295065e-14,,1.962615573354719e-14,-5.746538398782616e-14
detuned_285hz,ANALYTICAL_REFERENCE,A,18,1080.0,zero,3.5198097273142463e-14,,-3.391399710756954e-14,9.420554752102649e-15,3.180125281326723e-14,,3.1401849173675496e-14,5.02429586778808e-15,3.59551226603416e-14,,-3.45224079353095e-14,1.004859173557616e-14,0.0,,0.0,0.0,1.3264521713974252e-13,,-1.2058310082691391e-13,5.5267254545668874e-14,,,,,,3.130790174742447e-14,,-3.079343834593554e-14,-5.65233285126159e-15
detuned_285hz,ANALYTICAL_REFERENCE,A,19,1140.0,positive,1.7931968162647086e-13,,1.1430273099217881e-13,1.3816813636417219e-13,1.2265869388011245e-13,,7.034014214903311e-14,1.004859173557616e-13,3.6210294559565156e-14,,2.637755330588742e-14,2.4807460847203644e-14,0.0,,0.0,0.0,3.162114758489541e-13,,-2.260933140504636e-13,-2.210690181826755e-13,,,,,,2.1794331202315008e-14,,1.7585035537258284e-14,1.2874758161206946e-14
detuned_285hz,ANALYTICAL_REFERENCE,A,20,1200.0,negative,1.805234928290453e-13,,1.2811954462859604e-13,1.2717748915338577e-13,1.2673904588606557e-13,,4.270651487619868e-14,1.1932702685996688e-13,8.695987947006721e-14,,8.541302975239736e-14,1.632896157031126e-14,0.0,,0.0,0.0,4.2066290335514176e-13,,-2.0599613057931126e-13,-3.6677359834852984e-13,,,,,,8.478499276892372e-15,,1.262177448353619e-29,-8.478499276892372e-15
detuned_285hz,ANALYTICAL_REFERENCE,A,21,1260.0,zero,9.607198689254525e-14,,5.063548179255174e-14,-8.164480785155629e-14,7.26028137794039e-14,,6.280369834735099e-14,-3.642614504146358e-14,3.770314776259753e-14,,-3.265792314062252e-14,-1.8841109504205298e-14,0.0,,0.0,0.0,1.24130679653458e-13,,-4.019436694230464e-14,1.1744291590954636e-13,,,,,,3.340064961012078e-14,,2.0489706585823266e-14,-2.6377553305887416e-14
detuned_285hz,ANALYTICAL_REFERENCE,A,22,1320.0,positive,1.8843726143271344e-13,,-1.5261298698406293e-13,1.1053450909133775e-13,2.27040364232358e-13,,-2.0599613057931126e-13,9.546162148797351e-14,6.903712788074497e-14,,5.825043021716805e-14,3.705418202493709e-14,0.0,,0.0,0.0,6.169868057126111e-13,,5.325753619855365e-13,-3.1150634380286096e-13,,,,,,2.2513724336674918e-14,,-4.867286621919717e-15,-2.1981294421572852e-14
detuned_285hz,ANALYTICAL_REFERENCE,A,23,1380.0,negative,1.0710010267206153e-13,,-1.004859173557616e-13,3.705418202493709e-14,1.3439734653057202e-13,,-1.2058310082691391e-13,5.93494949382467e-14,6.793258640404412e-15,,3.76822190084106e-15,5.65233285126159e-15,0.0,,0.0,0.0,2.176490233346379e-13,,1.5072887603364239e-13,-1.5700924586837749e-13,,,,,,3.236828524569469e-14,,1.632896157031126e-14,-2.79476457645712e-14
detuned_285hz,ANALYTICAL_REFERENCE,A,24,1440.0,zero,9.166973760662144e-14,,3.328596012409603e-14,-8.541302975239736e-14,9.336440972175736e-14,,-5.1499032644827815e-14,-7.787658595071524e-14,8.178961105344724e-14,,8.038873388460928e-14,-1.507288760336424e-14,0.0,,0.0,0.0,2.7298449456444977e-13,,-7.913265991766226e-14,2.6126338512498016e-13,,,,,,8.72496861620875e-15,,4.396258884314568e-15,7.536443801682121e-15
detuned_285hz,ANALYTICAL_REFERENCE,A,25,1500.0,positive,6.396118084022657e-14,,-2.135325743809934e-14,6.029155041345696e-14,3.5170071074516555e-14,,0.0,3.5170071074516555e-14,3.147712339076731e-14,,-2.7633627272834437e-14,-1.507288760336424e-14,0.0,,0.0,0.0,1.6357922210689449e-13,,1.1053450909133775e-13,-1.2058310082691391e-13,,,,,,4.0682062130055336e-14,,6.280369834735097e-15,4.019436694230464e-14
detuned_285hz,ANALYTICAL_REFERENCE,B,1,60.0,positive,100.0,59.99999999999867,50.000000000002004,86.60254037844271,107.57615348231784,79.74114453373235,19.158843232808263,105.85635325303758,36.35775379404742,-31.976103614275505,30.84115676719492,-19.25381287459386,0.0,,0.0,0.0,277.9685104208339,-121.72367166828641,-146.16226874202687,-236.4383301873044,36.35775379404742,107.57615348231784,-1.2537126855118688,101.25371268551334,0.0,1.5544858002241512e-12,1.5544858002241512e-12,-1.1795009413617663e-12,-1.0125233984581428e-12
detuned_285hz,ANALYTICAL_REFERENCE,B,2,120.0,negative,5.67600910580895e-14,,5.1499032644827815e-14,-2.3865405371993378e-14,1.352833064392184e-14,,1.25607396694702e-14,-5.02429586778808e-15,4.551426959877942e-14,,2.135325743809934e-14,-4.019436694230464e-14,0.0,,0.0,0.0,8.987733679556354e-14,,-8.038873388460928e-14,4.019436694230464e-14,,,,,,2.766215967823881e-14,,1.7585035537258274e-14,2.135325743809934e-14
detuned_285hz,ANALYTICAL_REFERENCE,B,3,180.0,zero,1.084178118126615e-13,,-4.7730810743986756e-14,-9.734573243839404e-14,1.0534606695203359e-13,,-4.521866281009272e-14,-9.514760299623675e-14,2.926993569718359e-14,,-2.9242972042985307e-14,1.25607396694702e-15,0.0,,0.0,0.0,3.0109706923527524e-13,,2.009718347115232e-13,2.2420920310004305e-13,,,,,,2.6953079207070998e-14,,2.6730824109091272e-14,-3.45420340910431e-15
detuned_285hz,ANALYTICAL_REFERENCE,B,4,240.0,positive,7.465983629965759e-14,,7.285229008292716e-14,-1.632896157031126e-14,1.379624438793854e-13,,1.3565598843027815e-13,2.51214793389404e-14,7.210263920712455e-14,,-6.877004969034935e-14,-2.1667275929836094e-14,0.0,,0.0,0.0,1.6701533345359333e-13,,-1.6077746776921855e-13,-4.521866281009272e-14,,,,,,2.0663275755573522e-14,,5.9663513429983555e-15,-1.978316497941556e-14
detuned_285hz,ANALYTICAL_REFERENCE,B,5,300.0,negative,19.999999999999954,120.00000000001012,-10.000000000003036,17.320508075686966,6.375228732261418,114.54925335791222,-2.64875021236056,5.798936428447152,13.667021865161027,122.53959700954042,-7.351249787640697,11.521571647240762,0.0,,0.0,0.0,2.4067843975011542,-158.48753529551863,-2.2391225341162673,-0.8825765764327417,68.33510932580529,31.87614366130716,68.26799315926753,31.73200684073211,0.0,2.0161127777611196e-12,1.0080563888805621e-11,-1.7790213746593508e-12,-9.485745522397337e-13
detuned_285hz,ANALYTICAL_REFERENCE,B,6,360.0,zero,5.862650393847435e-14,,-4.207847789272517e-14,4.0822403925778147e-14,1.2420691725083073e-13,,-1.0237002830618213e-13,7.034014214903311e-14,5.087487228514819e-14,,4.4590625826619206e-14,-2.449344235546689e-14,0.0,,0.0,0.0,1.8082666982890254e-13,,6.280369834735099e-14,-1.695699855378477e-13,,,,,,1.648522313614949e-14,,1.570092458683775e-14,-5.0242958677880734e-15
detuned_285hz,ANALYTICAL_REFERENCE,B,7,420.0,positive,14.000000000000124,-99.99999999998975,-2.431074487334577,-13.78730854217147,10.041117282115971,-99.79378203610335,-1.708019732993757,-9.894781698699166,3.959112704246663,-100.5230169490743,-0.7230547543402724,-3.892526843472406,0.0,,0.0,0.0,5.303380467705584,-11.963911916120118,5.188182352249849,-1.0993672111921151,28.279376458904483,71.72226630082773,28.278198247887993,71.72180175211203,-0.0,5.568978845307899e-13,3.97784203236275e-12,-5.474509734426647e-13,1.021405182655144e-13
detuned_285hz,ANALYTICAL_REFERENCE,B,8,480.0,negative,1.6243257199107298e-13,,-1.5857933832706127e-13,-3.5170071074516555e-14,1.8086436084516285e-13,,-1.7789147556887169e-13,-3.265792314062252e-14,2.121484853426664e-14,,1.8684100258336923e-14,-1.004859173557616e-14,0.0,,0.0,0.0,4.322062729257126e-13,,3.517007107451656e-13,2.5121479338940397e-13,,,,,,7.562566735475687e-15,,6.280369834734899e-16,7.536443801682124e-15
detuned_285hz,ANALYTICAL_REFERENCE,B,9,540.0,zero,1.0421629883604046e-13,,1.004859173557616e-13,-2.7633627272834437e-14,1.624371249371042e-13,,1.3816813636417219e-13,-8.541302975239736e-14,1.9142254059414216e-14,,-1.444485061989073e-14,1.25607396694702e-14,0.0,,0.0,0.0,3.2854438875622496e-13,,-3.0145775206728477e-13,1.3063169256249008e-13,,,,,,5.083997202946363e-14,,-2.323736838851986e-14,4.521866281009272e-14
detuned_285hz,ANALYTICAL_REFERENCE,B,10,600.0,positive,8.720955563955665e-14,,5.02429586778808e-14,-7.128219762424338e-14,1.577660904045396e-13,,9.546162148797351e-14,-1.2560739669470198e-13,4.000255424645809e-14,,-3.705418202493709e-14,1.507288760336424e-14,0.0,,0.0,0.0,4.970261038553012e-13,,-4.220408528941987e-13,2.625194590919272e-13,,,,,,4.0092426990654524e-14,,-8.164480785155627e-15,3.9252311467094365e-14
detuned_285hz,ANALYTICAL_REFERENCE,B,11,660.0,negative,9.000000000000078,109.99999999999916,-3.0781812899309218,8.457233587073294,7.134740429866539,110.16024574770023,-2.458966524633785,6.697611860379983,1.865394206759835,109.38708283418158,-0.6192147652973825,1.7596217266932292,0.0,,0.0,0.0,5.919134552363461,-161.22113903796236,-5.604047739824753,-1.9054665514639908,20.726602297331322,79.27489366518307,20.725416385828346,79.27458361417173,0.0,2.590293789648717e-13,2.8781042107207717e-12,2.4580337765200966e-13,8.171241461241152e-14
detuned_285hz,ANALYTICAL_REFERENCE,B,12,720.0,zero,8.226085852327241e-14,,8.164480785155629e-14,1.004859173557616e-14,8.136412426011067e-14,,1.25607396694702e-14,8.038873388460928e-14,4.182727488681503e-14,,2.51214793389404e-14,-3.344296936996441e-14,0.0,,0.0,0.0,2.034684749684793e-13,,-1.7082605950479472e-13,-1.1053450909133775e-13,,,,,,5.739434272539347e-14,,4.396258884314569e-14,-3.68971727790687e-14
detuned_285hz,ANALYTICAL_REFERENCE,B,13,780.0,positive,6.999999999999996,-89.9999999999576,5.181305113656457e-12,-6.999999999999996,5.620491066663903,-89.86485699788395,0.01325698573733503,-5.620475432094504,1.3795882650723783,-90.55058530218824,-0.013256985732596727,-1.3795245679054435,0.0,,0.0,0.0,5.51022226733996,-1.033785371395759,5.509325369785748,-0.09941531735224932,19.708403786748274,80.2927295237701,19.707493827220496,80.29250617277883,-0.0,4.455902616466438e-13,6.36557516638063e-12,4.4300153823062516e-13,-4.796163466380676e-14
detuned_285hz,ANALYTICAL_REFERENCE,B,14,840.0,negative,6.876359695285539e-14,,-6.782799421513907e-14,-1.130466570252318e-14,1.9660667424029525e-14,,-1.7585035537258278e-14,-8.792517768629139e-15,1.9525135060830013e-14,,6.162612900333816e-15,-1.8527091012468544e-14,0.0,,0.0,0.0,3.470039316390165e-13,,2.8638486446392056e-13,1.9594753884373512e-13,,,,,,5.86350313965557e-14,,-5.6405571578214614e-14,1.6014943078574502e-14
detuned_285hz,ANALYTICAL_REFERENCE,B,15,900.0,zero,1.2600283007175368e-13,,-8.541302975239736e-14,9.263545506234272e-14,1.3039596600790104e-13,,-1.0551021322354968e-13,7.662051198376821e-14,1.866033584759964e-14,,1.1618684194259935e-14,-1.4601859865759106e-14,0.0,,0.0,0.0,3.370400129833633e-13,,3.0145775206728477e-13,-1.5072887603364239e-13,,,,,,3.176906628342136e-14,,8.478499276892384e-15,3.0616802944333615e-14
detuned_285hz,ANALYTICAL_REFERENCE,B,16,960.0,positive,1.1766939537721438e-13,,3.265792314062252e-14,1.130466570252318e-13,1.6852000649168164e-13,,7.536443801682119e-14,1.5072887603364239e-13,6.709128352618611e-14,,-5.275510661177484e-14,-4.1450440909251656e-14,0.0,,0.0,0.0,6.004401438509318e-13,,-5.5267254545668874e-14,-5.978912082667815e-13,,,,,,1.0731900677991195e-14,,1.0048591735576166e-14,3.768221900841065e-15
detuned_285hz,ANALYTICAL_REFERENCE,B,17,1020.0,negative,5.849853508292962e-14,,-5.65233285126159e-14,-1.507288760336424e-14,4.4777099037704015e-14,,-4.4590625826619206e-14,4.082240392577815e-15,1.2932072993408848e-14,,-6.2803698347351e-15,1.130466570252318e-14,0.0,,0.0,0.0,5.5095705488635436e-14,,3.7682219008410597e-14,-4.019436694230464e-14,,,,,,3.0979798237149854e-14,,-5.6523328512615925e-15,-3.045979369846523e-14
detuned_285hz,ANALYTICAL_REFERENCE,B,18,1080.0,zero,1.2475666579389881e-13,,-6.657192024819206e-14,-1.0551021322354968e-13,8.204240168229038e-14,,-6.845603119861259e-14,-4.521866281009272e-14,3.657742603375524e-14,,-1.004859173557616e-14,-3.5170071074516555e-14,0.0,,0.0,0.0,1.9019465205366505e-13,,1.8589894710815895e-13,-4.019436694230464e-14,,,,,,2.7811474566610134e-14,,1.1932702685996692e-14,-2.5121479338940402e-14
detuned_285hz,ANALYTICAL_REFERENCE,B,19,1140.0,positive,2.4428943382792783e-14,,7.53644380168212e-15,-2.323736838851987e-14,5.063396036227354e-15,,5.02429586778808e-15,6.2803698347351e-16,3.881940489113306e-14,,-3.061680294433361e-14,-2.3865405371993378e-14,0.0,,0.0,0.0,9.782066642755442e-14,,4.019436694230464e-14,8.918125165323841e-14,,,,,,3.312895087822765e-14,,3.312895087822765e-14,0.0
detuned_285hz,ANALYTICAL_REFERENCE,B,20,1200.0,negative,4.949951486243539e-14,,4.019436694230464e-14,-2.888970123978146e-14,1.345747853025392e-13,,1.3157374803770033e-13,2.826166425630795e-14,7.932743566106976e-14,,-6.782799421513907e-14,-4.1136422417514904e-14,0.0,,0.0,0.0,2.126239126366649e-13,,-1.8935315051726326e-13,9.671769545492053e-14,,,,,,2.8480628957126365e-14,,-2.3551386880256614e-14,-1.6014943078574502e-14
detuned_285hz,ANALYTICAL_REFERENCE,B,21,1260.0,zero,6.908406818208609e-14,,-5.5267254545668874e-14,4.1450440909251656e-14,8.101433657963767e-14,,-8.038873388460928e-14,1.004859173557616e-14,4.3692601097152e-14,,1.3816813636417219e-14,4.1450440909251656e-14,0.0,,0.0,0.0,2.420021355352219e-13,,2.4116620165382783e-13,2.009718347115232e-14,,,,,,1.512513347095137e-14,,1.1304665702523183e-14,-1.004859173557616e-14
detuned_285hz,ANALYTICAL_REFERENCE,B,22,1320.0,positive,2.046023261813367e-13,,1.9594753884373512e-13,5.887846720064156e-14,1.6348394997473142e-13,,1.450765431823808e-13,7.536443801682119e-14,5.878067389914202e-14,,3.4306520222240484e-14,-4.7730810743986756e-14,0.0,,0.0,0.0,4.893302155982008e-13,,-4.87042680683707e-13,-4.7259783006381626e-14,,,,,,3.536413251710405e-14,,1.6564475439113834e-14,3.1244839927807124e-14
detuned_285hz,ANALYTICAL_REFERENCE,B,23,1380.0,negative,1.060102255565987e-13,,1.0551021322354968e-13,1.0284105604378726e-14,6.740800259667266e-14,,6.029155041345696e-14,3.014577520672848e-14,3.118126145114878e-14,,2.951773822325497e-14,-1.004859173557616e-14,0.0,,0.0,0.0,1.9407054145045298e-13,,-1.8087465124037088e-13,7.034014214903311e-14,,,,,,1.851527828850887e-14,,1.570092458683775e-14,-9.813077866773591e-15
detuned_285hz,ANALYTICAL_REFERENCE,B,24,1440.0,zero,1.7128722890799497e-13,,1.7082605950479472e-13,-1.25607396694702e-14,2.1073290598679936e-13,,2.0348398264541722e-13,-5.4796226808063744e-14,4.626207556805687e-14,,-3.4542034091043046e-14,3.077381219020199e-14,0.0,,0.0,0.0,3.8895319636129065e-13,,-3.868707818196821e-13,4.019436694230464e-14,,,,,,1.1615501138396103e-14,,1.884110950420539e-15,1.1461674948391556e-14
detuned_285hz,ANALYTICAL_REFERENCE,B,25,1500.0,positive,8.290088181850331e-14,,-8.290088181850331e-14,0.0,1.1030815837085881e-13,,-1.0299806528965563e-13,-3.948782533589694e-14,2.032178257090213e-14,,1.7663540160192467e-14,-1.004859173557616e-14,0.0,,0.0,0.0,1.9818920806331663e-13,,1.7082605950479472e-13,1.004859173557616e-13,,,,,,4.95961615051398e-14,,2.433643310959852e-15,4.95364170714731e-14
detuned_285hz,ANALYTICAL_REFERENCE,C,1,60.0,positive,99.99999999999986,-59.999999999998636,50.00000000000199,-86.60254037844255,107.57615348231806,-40.25885546626497,82.09486945270935,-69.52022157325064,36.35775379404749,-151.9761036142762,-32.094869452707904,-17.082318805191868,0.0,,0.0,0.0,277.9685104208336,118.27632833171504,-131.68046599957123,244.79940289901208,36.35775379404754,107.57615348231822,-1.253712685514021,101.2537126855137,-0.0,5.49374072422714e-13,5.493740724227147e-13,5.471179065352771e-13,-4.973799150320701e-14
detuned_285hz,ANALYTICAL_REFERENCE,C,2,120.0,negative,6.911831625566733e-14,,2.260933140504636e-14,-6.531584628124504e-14,1.0822664515137472e-13,,4.019436694230464e-14,-1.004859173557616e-13,4.741997652159178e-14,,-2.888970123978146e-14,3.760371438547641e-14,0.0,,0.0,0.0,1.71710410847859e-13,,-6.029155041345696e-14,1.6077746776921855e-13,,,,,,1.1563653679126835e-14,,1.1304665702523183e-14,-2.433643310959852e-15
detuned_285hz,ANALYTICAL_REFERENCE,C,3,180.0,zero,4.016491691983153e-14,,-3.579810805799007e-14,1.821307252073179e-14,8.642018384348992e-14,,-8.486349739185803e-14,-1.632896157031126e-14,4.78834441224195e-14,,4.584669979356623e-14,1.3816813636417219e-14,0.0,,0.0,0.0,1.5504247645047042e-13,,1.004859173557616e-13,-1.1807095289301988e-13,,,,,,2.097366742488516e-14,,3.2186895403017333e-15,2.0725220454625834e-14
detuned_285hz,ANALYTICAL_REFERENCE,C,4,240.0,positive,1.8336959187428107e-13,,-1.8087465124037088e-13,3.014577520672848e-14,2.009757599043383e-13,,-2.009718347115232e-13,-1.25607396694702e-15,3.376246448416291e-14,,2.449344235546689e-14,2.323736838851987e-14,0.0,,0.0,0.0,4.874327951709631e-13,,4.871996899295754e-13,1.507288760336424e-14,,,,,,9.272854936269107e-15,,-4.3962588843145836e-15,8.164480785155627e-15
detuned_285hz,ANALYTICAL_REFERENCE,C,5,300.0,negative,19.999999999999947,-119.99999999999815,-9.999999999999414,-17.320508075689048,6.375228732261502,-125.45074664208333,-3.697651155785601,-5.193353186407603,13.66702186516098,-117.46040299045448,-6.302348844211569,-12.127154889282703,0.0,,0.0,0.0,2.4067843975013385,-38.4875352955292,1.8838950030338537,-1.4978487085149677,68.33510932580508,31.876143661307594,68.26799315926662,31.732006840733224,-0.0,2.5719984713177428e-12,1.2859992356588749e-11,-2.2435386881625163e-12,1.2576606422953773e-12
detuned_285hz,ANALYTICAL_REFERENCE,C,6,360.0,zero,1.6861009380463386e-13,,1.325158035129106e-13,-1.0425413925660266e-13,1.81466662333696e-13,,1.367158008398897e-13,-1.1932702685996688e-13,2.5651678357711342e-14,,-1.632896157031126e-14,-1.9783164979415565e-14,0.0,,0.0,0.0,5.118759558970691e-13,,-3.8561470785273514e-13,3.3662782314180136e-13,,,,,,3.6906045240170876e-14,,1.212896424333216e-14,3.4856052582779785e-14
detuned_285hz,ANALYTICAL_REFERENCE,C,7,420.0,positive,14.000000000000101,140.0000000000176,-10.724622203668533,8.999026535608325,10.041117282115902,140.2062179639043,-7.715122449478743,6.426579328286221,3.9591127042467003,139.47698305090665,-3.0094997541889934,2.572447207323021,0.0,,0.0,0.0,5.303380467705779,-131.96391191612747,-3.546171109105583,-3.943414110918107,28.279376458904796,71.72226630082734,28.2781982478882,71.72180175211167,-0.0,1.2144905398823548e-12,8.674932427731044e-12,-7.962519532611623e-13,-9.170442183403793e-13
detuned_285hz,ANALYTICAL_REFERENCE,C,8,480.0,negative,1.0135551853865988e-13,,8.729714070281789e-14,-5.1499032644827815e-14,1.0557748145685657e-13,,8.666910371934438e-14,-6.029155041345696e-14,2.7655475036872153e-14,,1.8998118750073677e-14,2.009718347115232e-14,0.0,,0.0,0.0,3.7644570318221876e-13,,-3.711698572328444e-13,-6.280369834735099e-14,,,,,,2.1569779107755823e-14,,-1.8370081766600162e-14,-1.1304665702523177e-14
detuned_285hz,ANALYTICAL_REFERENCE,C,9,540.0,zero,5.215567340502509e-14,,-4.066539467990977e-14,3.265792314062252e-14,5.17892563931115e-14,,-5.02429586778808e-14,1.25607396694702e-14,3.5527136788005005e-15,,-2.51214793389404e-15,-2.51214793389404e-15,0.0,,0.0,0.0,2.717833220632334e-13,,2.028559456619437e-13,-1.8087465124037088e-13,,,,,,2.5638701238141846e-14,,1.208971193186507e-14,2.260933140504636e-14
detuned_285hz,ANALYTICAL_REFERENCE,C,10,600.0,positive,1.594224596611486e-13,,-1.5700924586837749e-13,2.7633627272834437e-14,1.9860273225978184e-13,,-1.9845968677762915e-13,7.53644380168212e-15,4.4822496162919123e-14,,-3.940932071296275e-14,2.135325743809934e-14,0.0,,0.0,0.0,4.523261703440578e-13,,4.42138036365351e-13,-9.546162148797351e-14,,,,,,8.086951694805517e-14,,8.085976162221441e-14,-1.2560739669470207e-15
detuned_285hz,ANALYTICAL_REFERENCE,C,11,660.0,negative,9.000000000000037,-130.0000000000075,-5.785088487179781,-6.894399988070074,7.134740429866417,-129.839754252303,-4.570818753460358,-5.478333407578031,1.8653942067599132,-130.61291716582514,-1.214269733718901,-1.4160665804924835,0.0,,0.0,0.0,5.919134552362952,-41.22113903796241,4.452206309541334,-3.900514430976676,20.726602297332285,79.27489366518209,20.725416385829305,79.27458361417072,-0.0,6.830434562199126e-13,7.589371735776775e-12,-5.218048215738236e-13,4.4075854077618715e-13
detuned_285hz,ANALYTICAL_REFERENCE,C,12,720.0,zero,4.52883909360294e-14,,3.7682219008410597e-14,-2.51214793389404e-14,9.220814951224248e-14,,7.285229008292716e-14,5.65233285126159e-14,3.6252479475178045e-14,,-3.5170071074516555e-14,-8.792517768629139e-15,0.0,,0.0,0.0,1.9793430222398625e-13,,-1.8087465124037088e-13,8.038873388460928e-14,,,,,,7.285229008292716e-14,,-6.310887241768095e-30,-7.285229008292716e-14
detuned_285hz,ANALYTICAL_REFERENCE,C,13,780.0,positive,6.999999999999858,150.00000000005133,-6.062177826494082,3.4999999999944995,5.620491066663825,150.1351430021198,-4.874102998408943,2.7987568296207543,1.3795882650723277,149.4494146978193,-1.1880748280846152,0.7012431703745765,0.0,,0.0,0.0,5.510222267339895,-121.03378537137931,-2.840758875243824,-4.721508069273191,19.70840378674794,80.29272952377056,19.70749382722015,80.29250617277928,-0.0,9.828291448663845e-13,1.4040416355234351e-11,-5.242473122279989e-13,-8.313350008393172e-13
detuned_285hz,ANALYTICAL_REFERENCE,C,14,840.0,negative,6.591696189872021e-14,,-3.391399710756954e-14,-5.65233285126159e-14,1.050174741909286e-13,,-5.338314359524835e-14,-9.043732562018544e-14,4.5492870174903366e-14,,3.014577520672848e-14,3.4071006353437916e-14,0.0,,0.0,0.0,1.779773041380403e-13,,-1.7585035537258278e-14,1.7710642933952982e-13,,,,,,1.0677783136387642e-14,,-1.0676628719049668e-14,-1.5700924586837246e-16
detuned_285hz,ANALYTICAL_REFERENCE,C,15,900.0,zero,1.5822801016540193e-13,,1.0551021322354968e-13,-1.179139436471515e-13,8.968623205423476e-14,,3.265792314062252e-14,-8.352891880197683e-14,5.6105724978964936e-14,,4.270651487619868e-14,-3.6386892729996484e-14,0.0,,0.0,0.0,3.0910650727600177e-13,,-2.210690181826755e-13,2.1604472231488743e-13,,,,,,3.0212170359689263e-14,,3.014577520672848e-14,2.0018678848218104e-15
detuned_285hz,ANALYTICAL_REFERENCE,C,16,960.0,positive,1.7547762414164653e-13,,-1.3314384049638411e-13,-1.1430273099217881e-13,1.561780368343567e-13,,-1.5324102396753642e-13,-3.014577520672848e-14,5.912893988513175e-14,,1.25607396694702e-14,-5.777940247956292e-14,0.0,,0.0,0.0,5.152537282608445e-13,,3.717978942163179e-13,3.5672500661295365e-13,,,,,,2.743306952531643e-14,,7.536443801682107e-15,-2.637755330588742e-14
detuned_285hz,ANALYTICAL_REFERENCE,C,17,1020.0,negative,2.0253584144909416e-14,,-2.009718347115232e-14,2.51214793389404e-15,1.608559532353378e-14,,-1.25607396694702e-14,1.004859173557616e-14,1.708445301822023e-14,,1.004859173557616e-14,-1.3816813636417219e-14,0.0,,0.0,0.0,6.550880341146755e-14,,5.5267254545668874e-14,-3.5170071074516555e-14,,,,,,1.867288194435147e-14,,-1.7585035537258278e-14,6.280369834735099e-15
detuned_285hz,ANALYTICAL_REFERENCE,C,18,1080.0,zero,1.1105427228263348e-13,,7.662051198376821e-14,8.038873388460928e-14,7.281979816571617e-14,,1.8841109504205298e-14,7.034014214903311e-14,5.87172596965188e-14,,4.961492169440729e-14,3.1401849173675496e-14,0.0,,0.0,0.0,6.144500217583006e-14,,-4.647473677703974e-14,4.019436694230464e-14,,,,,,2.2860891271097014e-14,,8.16448078515562e-15,-2.135325743809933e-14
detuned_285hz,ANALYTICAL_REFERENCE,C,19,1140.0,positive,1.307101736104603e-13,,-8.79251776862914e-14,-9.671769545492053e-14,1.4744831822673014e-13,,-1.0551021322354968e-13,-1.0299806528965563e-13,7.944109290391272e-15,,-2.51214793389404e-15,7.53644380168212e-15,0.0,,0.0,0.0,2.393274171637826e-13,,1.8589894710815895e-13,1.5072887603364239e-13,,,,,,2.013639752496956e-14,,2.0097183471152325e-14,-1.2560739669470191e-15
detuned_285hz,ANALYTICAL_REFERENCE,C,20,1200.0,negative,2.1326364214292322e-13,,-1.7459428140563578e-13,-1.2246721177733443e-13,1.9298218398464653e-13,,-1.4319243223196028e-13,-1.2937561859554305e-13,3.41804476365117e-14,,-1.1932702685996689e-14,3.202988615714901e-14,0.0,,0.0,0.0,4.795242304003649e-13,,3.9189507768747024e-13,2.7633627272834437e-13,,,,,,3.1782642890979116e-14,,-1.9469146487678813e-14,-2.5121479338940396e-14
detuned_285hz,ANALYTICAL_REFERENCE,C,21,1260.0,zero,2.6227594425580137e-14,,2.51214793389404e-14,7.53644380168212e-15,3.217119064706756e-14,,2.51214793389404e-14,2.009718347115232e-14,2.7889368091584967e-14,,1.632896157031126e-14,-2.260933140504636e-14,0.0,,0.0,0.0,1.8992901693513402e-13,,-1.5072887603364239e-13,-1.1555880495912584e-13,,,,,,1.9173136984671848e-14,,-1.632896157031126e-14,1.0048591735576161e-14
detuned_285hz,ANALYTICAL_REFERENCE,C,22,1320.0,positive,1.7200418422064278e-13,,-2.009718347115232e-14,-1.7082605950479472e-13,1.9188354252067972e-13,,6.405977231429802e-14,-1.8087465124037088e-13,8.289746203901437e-14,,-8.242985408089819e-14,8.792517768629139e-15,0.0,,0.0,0.0,4.130936831003462e-13,,-3.014577520672848e-14,4.119922611586225e-13,,,,,,2.1355566272775343e-15,,-1.7271017045521539e-15,1.256073966947027e-15
detuned_285hz,ANALYTICAL_REFERENCE,C,23,1380.0,negative,6.156044012742063e-14,,1.25607396694702e-15,-6.154762438040397e-14,9.335596007155481e-14,,3.7682219008410597e-14,-8.541302975239736e-14,3.449061096984635e-14,,-3.391399710756954e-14,6.2803698347351e-15,0.0,,0.0,0.0,1.7089993023668188e-13,,5.02429586778808e-15,1.7082605950479472e-13,,,,,,1.7763568394002508e-14,,-2.5121479338940415e-15,1.7585035537258284e-14
detuned_285hz,ANALYTICAL_REFERENCE,C,24,1440.0,zero,2.1836910037548746e-13,,-2.009718347115232e-13,8.541302975239736e-14,1.8613643103193644e-13,,-1.5826531983532452e-13,9.797376942186756e-14,4.9985256476655904e-14,,-4.39625888431457e-14,-2.378690074905919e-14,0.0,,0.0,0.0,5.157434201868615e-13,,4.220408528941987e-13,-2.964334561994967e-13,,,,,,1.1296212391563847e-14,,1.2560739669470239e-15,1.1226161079588988e-14
detuned_285hz,ANALYTICAL_REFERENCE,C,25,1500.0,positive,1.0186597247009026e-13,,1.0174199132270861e-13,-5.02429586778808e-15,9.294947355407948e-14,,8.79251776862914e-14,-3.014577520672848e-14,1.2809491335957507e-14,,1.25607396694702e-14,2.51214793389404e-15,0.0,,0.0,0.0,2.542114972925207e-13,,-2.4116620165382783e-13,-8.038873388460928e-14,,,,,,2.2644195468014704e-14,,1.2560739669470191e-15,2.260933140504636e-14
stiff_grid,ANALYTICAL_REFERENCE,A,1,60.0,positive,99.99999999999997,-179.99999999999935,-99.99999999999997,-1.1681487892607286e-12,106.97714338424987,-160.26194607173903,-100.6918564260217,-36.128371899876534,36.134995799781144,88.90292292272946,0.6918564260212396,36.128371899879106,0.0,,0.0,0.0,277.5143587739662,-0.8583460441718306,277.48321817972214,-4.157277276095245,36.13499579978116,106.9771433842499,-0.6918564260216619,100.69185642602217,-0.0,3.769416682629746e-12,3.769416682629747e-12,4.898303984646191e-13,-3.737454790098127e-12
stiff_grid,ANALYTICAL_REFERENCE,A,2,120.0,negative,9.820699276137158e-14,,-3.5170071074516555e-14,9.169339958713246e-14,1.0345658394727079e-13,,-5.02429586778808e-14,9.043732562018544e-14,2.8226751748531424e-14,,2.637755330588742e-14,1.004859173557616e-14,0.0,,0.0,0.0,3.197047540586096e-13,,1.6077746776921855e-13,-2.7633627272834437e-13,,,,,,1.432144669219779e-14,,-1.1304665702523177e-14,-8.792517768629142e-15
stiff_grid,ANALYTICAL_REFERENCE,A,3,180.0,zero,1.1535382849852892e-13,,9.42055475210265e-14,6.657192024819206e-14,1.3164230462087475e-13,,9.797376942186756e-14,8.79251776862914e-14,8.333331360430665e-15,,-5.65233285126159e-15,-6.1233605888667225e-15,0.0,,0.0,0.0,3.816481069519507e-13,,-3.5672500661295365e-13,-1.3565598843027815e-13,,,,,,1.5345997266771557e-14,,1.8841109504205248e-15,-1.5229896849232615e-14
stiff_grid,ANALYTICAL_REFERENCE,A,4,240.0,positive,1.289190287802731e-13,,1.2309524876080795e-13,-3.8310255991884105e-14,7.055919345105185e-14,,6.531584628124504e-14,-2.6691571797624174e-14,3.5838026749710424e-14,,3.548408956625331e-14,5.02429586778808e-15,0.0,,0.0,0.0,3.2201422181718815e-13,,-3.215549355384371e-13,1.7192512422587337e-14,,,,,,2.7822109252321566e-14,,2.2295312913309597e-14,-1.664298006204801e-14
stiff_grid,ANALYTICAL_REFERENCE,A,5,300.0,negative,20.00000000000001,6.038093139528569e-12,20.00000000000001,2.1076921165370993e-12,3.3139798985369895,-77.43888703784442,0.7207270983278669,-3.2346584391003526,19.54874366384705,9.52432430872595,19.279272901671742,3.234658439103844,0.0,,0.0,0.0,0.6255489370183642,9.524324308720855,0.6169260223321456,0.1035072730499767,97.7437183192352,16.56989949268494,96.39636450836036,3.603635491637628,0.0,1.4408400330089283e-12,7.204200165044637e-12,4.014566457044566e-13,-1.3837819778927951e-12
stiff_grid,ANALYTICAL_REFERENCE,A,6,360.0,zero,9.636889339578156e-14,,-7.567845650855795e-14,5.966351342998344e-14,3.0777416783210024e-14,,-3.077381219020199e-14,4.710277376051325e-16,5.4360582695165343e-14,,-3.5170071074516555e-14,4.1450440909251656e-14,0.0,,0.0,0.0,3.618190776385863e-13,,3.2657923140622517e-13,-1.5575317190143048e-13,,,,,,2.0237145780127834e-14,,-9.734573243839408e-15,1.774204478312665e-14
stiff_grid,ANALYTICAL_REFERENCE,A,7,420.0,positive,14.000000000000012,20.00000000001416,13.155696691001546,4.788282006562618,11.28490481209618,20.0968679673562,10.59780122585255,3.8775876257526014,2.715178348814036,19.597391358704225,2.557895465148294,0.9106943808118668,0.0,,0.0,0.0,2.9801536063610063,107.92673808731011,-0.9172932548332398,2.8354697321861777,19.394131062957385,80.60646294354406,19.393652257090995,80.60634774290881,0.0,1.9795511523840794e-12,1.4139651088457697e-11,7.029932191926491e-13,-1.850519737445211e-12
stiff_grid,ANALYTICAL_REFERENCE,A,8,480.0,negative,1.0965721766439742e-13,,6.877004969034935e-14,8.541302975239736e-14,1.6219533870541076e-13,,1.186989898764934e-13,1.1053450909133775e-13,3.269564396349494e-14,,-3.1401849173675496e-14,-9.106536260365895e-15,0.0,,0.0,0.0,1.7128722890799497e-13,,1.25607396694702e-14,-1.7082605950479472e-13,,,,,,2.4489416146455472e-14,,-1.852709101246855e-14,-1.6014943078574496e-14
stiff_grid,ANALYTICAL_REFERENCE,A,9,540.0,zero,1.1044883448157216e-13,,-1.0551021322354968e-13,3.265792314062252e-14,7.469152777740588e-14,,-7.034014214903311e-14,2.51214793389404e-14,1.5888218580782545e-14,,1.507288760336424e-14,-5.02429586778808e-15,0.0,,0.0,0.0,3.4469162027470235e-14,,-1.004859173557616e-14,3.297194163235927e-14,,,,,,5.1789256393111503e-14,,-5.0242958677880804e-14,1.2560739669470201e-14
stiff_grid,ANALYTICAL_REFERENCE,A,10,600.0,positive,1.2727011026514838e-13,,5.966351342998344e-14,1.1241862004175828e-13,9.398337914631325e-14,,2.323736838851987e-14,9.106536260365894e-14,8.391185778350836e-14,,7.536443801682119e-14,-3.689717277906871e-14,0.0,,0.0,0.0,1.7857908879391398e-13,,-9.169339958713246e-14,-1.5324102396753642e-13,,,,,,7.006642049027444e-14,,-3.893829297535762e-14,5.825043021716805e-14
stiff_grid,ANALYTICAL_REFERENCE,A,11,660.0,negative,8.999999999999941,-10.000000000005835,8.863269777109656,-1.5628335990032658,7.836205975759305,-9.906258864286565,7.719372369334816,-1.3481150982301262,1.163875128219578,-10.63115823943019,1.1438974077748885,-0.2147185007725927,0.0,,0.0,0.0,3.2505427496977064,78.71235635005144,0.6362438842144147,3.1876671544268986,12.931945869106508,87.06895528621506,12.931161246642473,87.06883875335701,0.0,5.49073208265379e-13,6.100813425170918e-12,-4.884981308350689e-14,-5.468958619303521e-13
stiff_grid,ANALYTICAL_REFERENCE,A,12,720.0,zero,4.52883909360294e-14,,-1.507288760336424e-14,4.270651487619868e-14,1.1440620673471796e-13,,-1.130466570252318e-13,-1.7585035537258278e-14,3.2874601748960947e-14,,-3.76822190084106e-15,3.265792314062252e-14,0.0,,0.0,0.0,3.305360493644971e-13,,3.1150634380286096e-13,1.1053450909133775e-13,,,,,,1.0542793820692907e-13,,1.0174199132270863e-13,2.7633627272834437e-14
stiff_grid,ANALYTICAL_REFERENCE,A,13,780.0,positive,7.0000000000000435,30.000000000069008,6.062177826486892,3.500000000007323,6.149626626973634,30.079171224971194,5.321479027137602,3.0821694656390592,0.8504216993985734,29.427482365008668,0.7406987993505374,0.41783053436606316,0.0,,0.0,0.0,3.014488340419012,118.91024285146034,-1.4573208779870441,2.638817123846448,12.148881419979544,87.85180895676565,12.148274913903059,87.85172508609665,0.0,2.529164678326782e-12,3.6130923976096664e-11,-1.2465584120491258e-12,2.200628568260754e-12
stiff_grid,ANALYTICAL_REFERENCE,A,14,840.0,negative,1.1519129679046948e-13,,1.1241862004175828e-13,2.51214793389404e-14,1.5371902795356919e-13,,1.1179058305828478e-13,1.0551021322354968e-13,3.456486425486468e-14,,-3.1401849173675496e-14,-1.444485061989073e-14,0.0,,0.0,0.0,4.0335427739492424e-13,,-2.562390892571921e-13,-3.1150634380286096e-13,,,,,,7.331104519286811e-14,,3.2029886157149e-14,-6.594388326471854e-14
stiff_grid,ANALYTICAL_REFERENCE,A,15,900.0,zero,1.132209773400735e-14,,-3.76822190084106e-15,1.067662871904967e-14,3.8062357420926885e-14,,3.014577520672848e-14,-2.323736838851987e-14,9.106536260365893e-14,,-6.280369834735099e-14,6.594388326471854e-14,0.0,,0.0,0.0,4.646200455358441e-14,,-4.521866281009272e-14,-1.067662871904967e-14,,,,,,4.313384338270537e-14,,2.8889701239781455e-14,-3.2029886157149005e-14
stiff_grid,ANALYTICAL_REFERENCE,A,16,960.0,positive,1.0409511705222208e-13,,1.0299806528965563e-13,-1.507288760336424e-14,1.4114249199712806e-13,,6.437379080603477e-14,-1.2560739669470198e-13,1.1559293236454163e-13,,3.7682219008410597e-14,1.0927843512439073e-13,0.0,,0.0,0.0,3.7985803387026805e-13,,-3.0145775206728477e-13,2.311176099182517e-13,,,,,,1.5700924586837737e-15,,9.420554752102663e-16,1.2560739669470176e-15
stiff_grid,ANALYTICAL_REFERENCE,A,17,1020.0,negative,5.96734289794683e-14,,3.893829297535762e-14,-4.521866281009272e-14,6.801382468451552e-14,,6.782799421513907e-14,-5.02429586778808e-15,2.8363536660749887e-14,,-2.308035914265149e-14,1.6485970816179636e-14,0.0,,0.0,0.0,1.5510352080342978e-13,,-6.531584628124504e-14,1.4068028429806622e-13,,,,,,5.697726866055746e-14,,-5.809342097129964e-15,-5.668033775848427e-14
stiff_grid,ANALYTICAL_REFERENCE,A,18,1080.0,zero,3.5198097273142463e-14,,-3.391399710756954e-14,9.420554752102649e-15,2.2469334198890885e-14,,2.009718347115232e-14,1.004859173557616e-14,2.890089877815471e-14,,-2.865418737097889e-14,3.76822190084106e-15,0.0,,0.0,0.0,1.6357922210689449e-13,,-1.6077746776921855e-13,3.014577520672848e-14,,,,,,2.573527145214205e-14,,-2.5356993207742964e-14,-4.39625888431457e-15
stiff_grid,ANALYTICAL_REFERENCE,A,19,1140.0,positive,1.7931968162647086e-13,,1.1430273099217881e-13,1.3816813636417219e-13,1.3521331420907546e-13,,7.787658595071524e-14,1.1053450909133775e-13,3.440509323032589e-14,,2.888970123978146e-14,1.8684100258336923e-14,0.0,,0.0,0.0,2.864289338439558e-13,,-1.758503553725828e-13,-2.260933140504636e-13,,,,,,1.170008627998672e-14,,7.536443801682112e-15,8.949527014497514e-15
stiff_grid,ANALYTICAL_REFERENCE,A,20,1200.0,negative,1.805234928290453e-13,,1.2811954462859604e-13,1.2717748915338577e-13,1.1762916423054507e-13,,1.3816813636417219e-14,1.1681487892607285e-13,8.86489274487386e-14,,8.79251776862914e-14,1.130466570252318e-14,0.0,,0.0,0.0,4.2395054976442164e-13,,-2.210690181826755e-13,-3.6174930248074177e-13,,,,,,2.639437036421417e-14,,2.6377553305887445e-14,-9.420554752102569e-16
stiff_grid,ANALYTICAL_REFERENCE,A,21,1260.0,zero,9.607198689254525e-14,,5.063548179255174e-14,-8.164480785155629e-14,7.803849170958016e-14,,6.531584628124504e-14,-4.270651487619868e-14,2.7804382516369456e-14,,-2.637755330588742e-14,-8.792517768629139e-15,0.0,,0.0,0.0,9.593971566623889e-14,,-6.657192024819206e-14,6.908406818208609e-14,,,,,,3.233561487028963e-14,,1.1697188817194118e-14,-3.014577520672847e-14
stiff_grid,ANALYTICAL_REFERENCE,A,22,1320.0,positive,1.8843726143271344e-13,,-1.5261298698406293e-13,1.1053450909133775e-13,2.1687563858787275e-13,,-1.9594753884373512e-13,9.294947355407948e-14,6.08605285536359e-14,,4.828034310452608e-14,3.705418202493709e-14,0.0,,0.0,0.0,6.350717926714391e-13,,5.476482495889007e-13,-3.215549355384371e-13,,,,,,2.0087521400022698e-14,,-4.9457912448538935e-15,-1.9469146487678817e-14
stiff_grid,ANALYTICAL_REFERENCE,A,23,1380.0,negative,1.0710010267206153e-13,,-1.004859173557616e-13,3.705418202493709e-14,1.1006292140492642e-13,,-1.004859173557616e-13,4.4904644318355963e-14,9.336440972175735e-15,,3.14018491736755e-15,8.792517768629139e-15,0.0,,0.0,0.0,3.060499679346081e-13,,2.210690181826755e-13,-2.1164846343057287e-13,,,,,,1.6936633274089345e-14,,-3.14018491736755e-15,-1.6642980062048014e-14
stiff_grid,ANALYTICAL_REFERENCE,A,24,1440.0,zero,9.166973760662144e-14,,3.328596012409603e-14,-8.541302975239736e-14,9.859180530923097e-14,,-6.908406818208609e-14,-7.034014214903311e-14,8.101433657963767e-14,,8.038873388460928e-14,-1.004859173557616e-14,0.0,,0.0,0.0,2.5669431955401866e-13,,-5.275510661177484e-14,2.5121479338940397e-13,,,,,,2.2548189581758936e-14,,2.1981294421572852e-14,-5.024295867788089e-15
stiff_grid,ANALYTICAL_REFERENCE,A,25,1500.0,positive,6.396118084022657e-14,,-2.135325743809934e-14,6.029155041345696e-14,5.123796534383003e-14,,1.004859173557616e-14,5.02429586778808e-14,4.502635368779044e-14,,-4.1450440909251656e-14,-1.7585035537258278e-14,0.0,,0.0,0.0,1.1019141097727087e-13,,7.536443801682119e-14,-8.038873388460928e-14,,,,,,2.9403937697564055e-14,,1.0048591735576153e-14,2.7633627272834437e-14
stiff_grid,ANALYTICAL_REFERENCE,B,1,60.0,positive,100.0,59.99999999999867,50.000000000002004,86.60254037844271,106.97714338425003,79.73805392826225,19.057840350343596,105.265891569089,36.13499579978112,-31.097077077271138,30.942159649656336,-18.663351190645766,0.0,,0.0,0.0,277.5143587739659,-120.85834604416937,-142.34191682152493,-238.22887742945764,36.13499579978112,106.97714338425003,-0.6918564260207799,100.6918564260202,0.0,2.137806895569293e-12,2.137806895569293e-12,2.071232074740692e-12,-5.293543381412746e-13
stiff_grid,ANALYTICAL_REFERENCE,B,2,120.0,negative,5.67600910580895e-14,,5.1499032644827815e-14,-2.3865405371993378e-14,3.8694418177683974e-14,,3.1401849173675496e-14,-2.260933140504636e-14,2.940393769756406e-14,,1.004859173557616e-14,-2.7633627272834437e-14,0.0,,0.0,0.0,7.587560139005782e-14,,-7.159621611598014e-14,2.51214793389404e-14,,,,,,2.8226751748531424e-14,,1.004859173557616e-14,2.637755330588742e-14
stiff_grid,ANALYTICAL_REFERENCE,B,3,180.0,zero,1.084178118126615e-13,,-4.7730810743986756e-14,-9.734573243839404e-14,1.1766939537721438e-13,,-3.265792314062252e-14,-1.130466570252318e-13,2.341854385203525e-14,,-2.050933274155681e-14,1.130466570252318e-14,0.0,,0.0,0.0,2.3348642184230244e-13,,1.4570458016585432e-13,1.8244474369905465e-13,,,,,,6.991568344691516e-15,,5.436445138192574e-15,4.396258884314571e-15
stiff_grid,ANALYTICAL_REFERENCE,B,4,240.0,positive,7.465983629965759e-14,,7.285229008292716e-14,-1.632896157031126e-14,1.4500991790071218e-13,,1.4068028429806622e-13,3.5170071074516555e-14,6.711571372136645e-14,,-5.872145795477318e-14,-3.250091389475414e-14,0.0,,0.0,0.0,1.7642362618538434e-13,,-1.6580176363700662e-13,-6.029155041345696e-14,,,,,,2.1067926302872324e-14,,-9.10653626036588e-15,-1.8998118750073674e-14
stiff_grid,ANALYTICAL_REFERENCE,B,5,300.0,negative,19.999999999999954,120.00000000001012,-10.000000000003036,17.320508075686966,3.313979898536972,42.56111296215734,2.4409328316626095,2.241497195898017,19.54874366384708,129.52432430871693,-12.44093283166317,15.079010879790717,0.0,,0.0,0.0,0.6255489370185575,129.52432430869604,-0.3981029391037191,0.4825199710706571,97.74371831923563,16.569899492684897,96.3963645083645,3.6036354916369646,0.0,3.0408790652484943e-12,1.5204395326242506e-11,-2.474465077284549e-12,-1.7674750552032492e-12
stiff_grid,ANALYTICAL_REFERENCE,B,6,360.0,zero,5.862650393847435e-14,,-4.207847789272517e-14,4.0822403925778147e-14,1.2134773210615853e-13,,-1.1493076797565233e-13,3.893829297535762e-14,4.379805207358474e-14,,4.231399176152773e-14,-1.130466570252318e-14,0.0,,0.0,0.0,2.1531320832226808e-13,,2.7633627272834437e-14,-2.135325743809934e-13,,,,,,3.3264568146423e-14,,3.0538298321399425e-14,1.3188776652943707e-14
stiff_grid,ANALYTICAL_REFERENCE,B,7,420.0,positive,14.000000000000124,-99.99999999998975,-2.431074487334577,-13.78730854217147,11.284904812096286,-99.90313203264796,-1.940811223625161,-11.11675889872244,2.7151783488140775,-100.40260864129819,-0.4902632637074502,-2.670549643449389,0.0,,0.0,0.0,2.9801536063611844,-12.073261912687338,2.9142354471519103,-0.6233356046872974,19.394131062957523,80.60646294354419,19.393652257091137,80.60634774290895,-0.0,1.9982418742342748e-12,1.4273156244530408e-11,-1.965760887401302e-12,3.588240815588506e-13
stiff_grid,ANALYTICAL_REFERENCE,B,8,480.0,negative,1.6243257199107298e-13,,-1.5857933832706127e-13,-3.5170071074516555e-14,1.6099172255296666e-13,,-1.521027069349907e-13,-5.275510661177484e-14,1.6437300874480473e-14,,1.1932702685996689e-14,-1.130466570252318e-14,0.0,,0.0,0.0,3.8323226363450544e-13,,3.1653063967064903e-13,2.1604472231488743e-13,,,,,,3.42566551041067e-14,,-1.840933407806727e-14,2.888970123978147e-14
stiff_grid,ANALYTICAL_REFERENCE,B,9,540.0,zero,1.0421629883604046e-13,,1.004859173557616e-13,-2.7633627272834437e-14,1.9027758697761423e-13,,1.4068028429806622e-13,-1.2811954462859604e-13,2.4234416517363136e-14,,-2.0725220454625828e-14,1.25607396694702e-14,0.0,,0.0,0.0,3.6893524639217413e-13,,-3.215549355384371e-13,1.8087465124037088e-13,,,,,,9.005489734669965e-14,,-1.9469146487678798e-14,8.792517768629141e-14
stiff_grid,ANALYTICAL_REFERENCE,B,10,600.0,positive,8.720955563955665e-14,,5.02429586778808e-14,-7.128219762424338e-14,1.95496120514315e-13,,8.541302975239736e-14,-1.758503553725828e-13,4.707345624410663e-14,,-3.328596012409603e-14,3.328596012409603e-14,0.0,,0.0,0.0,4.95530333773781e-13,,-4.471623322331391e-13,2.135325743809934e-13,,,,,,7.13070934214485e-14,,-1.8841109504205327e-15,7.128219762424338e-14
stiff_grid,ANALYTICAL_REFERENCE,B,11,660.0,negative,9.000000000000078,109.99999999999916,-3.0781812899309218,8.457233587073294,7.836205975759465,110.0937411357163,-2.6921842623751866,7.359230122230702,1.1638751282195878,109.36884176056982,-0.3859970275558737,1.0980034648425259,0.0,,0.0,0.0,3.250542749697827,-161.2876436499448,-3.0787226766502003,-1.0428302104815224,12.93194586910642,87.06895528621551,12.93116124664237,87.06883875335747,0.0,1.5320901752376818e-13,1.7023224169307426e-12,1.3850032232198828e-13,6.550315845288424e-14
stiff_grid,ANALYTICAL_REFERENCE,B,12,720.0,zero,8.226085852327241e-14,,8.164480785155629e-14,1.004859173557616e-14,1.2947314098277874e-13,,-8.164480785155629e-14,1.004859173557616e-13,6.294661042186565e-14,,3.893829297535762e-14,-4.945791244853891e-14,0.0,,0.0,0.0,2.0228641297829254e-13,,-1.9594753884373512e-13,-5.02429586778808e-14,,,,,,1.3092961379319345e-13,,1.2435132272775498e-13,-4.097941317164653e-14
stiff_grid,ANALYTICAL_REFERENCE,B,13,780.0,positive,6.999999999999996,-89.9999999999576,5.181305113656457e-12,-6.999999999999996,6.149626626973551,-89.92082877501291,0.00849754244503988,-6.149620756026707,0.8504216993986081,-90.57251763501927,-0.00849754243784603,-0.8503792439732603,0.0,,0.0,0.0,3.0144883404191543,-1.0897571485628899,3.013943104186052,-0.05733166012222621,12.148881419980123,87.85180895676507,12.148274913903636,87.85172508609597,-0.0,2.012748472129268e-12,2.87535496018467e-11,-2.0125446448249207e-12,-2.864375403532904e-14
stiff_grid,ANALYTICAL_REFERENCE,B,14,840.0,negative,6.876359695285539e-14,,-6.782799421513907e-14,-1.130466570252318e-14,8.819616179818589e-14,,-8.541302975239736e-14,2.198129442157285e-14,3.36868084576695e-14,,5.181305113656457e-15,-3.328596012409603e-14,0.0,,0.0,0.0,3.9305282046880537e-13,,3.3160352727401324e-13,2.1102042644709936e-13,,,,,,1.2403730423601827e-14,,1.2403730423601827e-14,0.0
stiff_grid,ANALYTICAL_REFERENCE,B,15,900.0,zero,1.2600283007175368e-13,,-8.541302975239736e-14,9.263545506234272e-14,1.9060172307114815e-13,,-1.3063169256249008e-13,1.387961733476457e-13,3.190843552580032e-14,,1.6485970816179636e-14,-2.7319608781097683e-14,0.0,,0.0,0.0,3.51996660804663e-13,,3.215549355384371e-13,-1.4319243223196028e-13,,,,,,3.435920541232775e-14,,2.873269199391309e-14,-1.8841109504205298e-14
stiff_grid,ANALYTICAL_REFERENCE,B,16,960.0,positive,1.1766939537721438e-13,,3.265792314062252e-14,1.130466570252318e-13,2.4379486467719515e-13,,1.0802236115744371e-13,2.1855687024878146e-13,8.57655729925086e-14,,-5.840743946303642e-14,-6.280369834735099e-14,0.0,,0.0,0.0,5.853250776970916e-13,,-1.2058310082691391e-13,-5.727697289278411e-13,,,,,,4.594982277249867e-14,,-1.695699855378477e-14,-4.270651487619867e-14
stiff_grid,ANALYTICAL_REFERENCE,B,17,1020.0,negative,5.849853508292962e-14,,-5.65233285126159e-14,-1.507288760336424e-14,5.351689568741852e-14,,-2.2923349896783115e-14,4.8358847727460265e-14,6.4047456679787536e-15,,1.25607396694702e-15,-6.2803698347351e-15,0.0,,0.0,0.0,7.574032283247278e-14,,7.53644380168212e-15,-7.536443801682119e-14,,,,,,6.69419373765139e-14,,-3.48560525827798e-14,-5.715136549608941e-14
stiff_grid,ANALYTICAL_REFERENCE,B,18,1080.0,zero,1.2475666579389881e-13,,-6.657192024819206e-14,-1.0551021322354968e-13,8.202316886208066e-14,,-4.961492169440729e-14,-6.531584628124504e-14,2.3832327871173822e-14,,-7.53644380168212e-15,-2.260933140504636e-14,0.0,,0.0,0.0,1.9014487373602637e-13,,1.8338679917426492e-13,-5.02429586778808e-14,,,,,,1.9949444270054252e-14,,-9.420554752102649e-15,-1.7585035537258278e-14
stiff_grid,ANALYTICAL_REFERENCE,B,19,1140.0,positive,2.4428943382792783e-14,,7.53644380168212e-15,-2.323736838851987e-14,3.5443772253591475e-14,,3.5170071074516555e-14,4.396258884314569e-15,4.4128135688360757e-14,,-3.222614771448448e-14,-3.014577520672848e-14,0.0,,0.0,0.0,1.0912854189289346e-13,,3.014577520672848e-14,1.0488217624007616e-13,,,,,,5.234704504433998e-15,,4.592520441650041e-15,2.5121479338940415e-15
stiff_grid,ANALYTICAL_REFERENCE,B,20,1200.0,negative,4.949951486243539e-14,,4.019436694230464e-14,-2.888970123978146e-14,1.3012429572064316e-13,,1.2183917479386094e-13,4.568969054769785e-14,9.443137017230194e-14,,-8.290088181850331e-14,-4.521866281009272e-14,0.0,,0.0,0.0,2.6169555796059956e-13,,-2.5435497830677154e-13,6.154762438040397e-14,,,,,,2.9387584587610985e-14,,1.256073966947005e-15,-2.936072897738659e-14
stiff_grid,ANALYTICAL_REFERENCE,B,21,1260.0,zero,6.908406818208609e-14,,-5.5267254545668874e-14,4.1450440909251656e-14,1.2650853743966802e-13,,-1.2560739669470198e-13,1.507288760336424e-14,5.002266277759561e-14,,3.1401849173675496e-14,3.893829297535762e-14,0.0,,0.0,0.0,1.9098934069057252e-13,,1.9092324297594702e-13,5.02429586778808e-15,,,,,,4.091409098194639e-14,,3.8938292975357614e-14,-1.2560739669470204e-14
stiff_grid,ANALYTICAL_REFERENCE,B,22,1320.0,positive,2.046023261813367e-13,,1.9594753884373512e-13,5.887846720064156e-14,1.5208353540432988e-13,,1.4068028429806622e-13,5.777940247956292e-14,4.756939674440356e-14,,3.202988615714901e-14,-3.5170071074516555e-14,0.0,,0.0,0.0,4.552401789856372e-13,,-4.5155859111745367e-13,-5.777940247956292e-14,,,,,,4.3074650329203e-14,,2.3237368388519888e-14,3.6269135795595194e-14
stiff_grid,ANALYTICAL_REFERENCE,B,23,1380.0,negative,1.060102255565987e-13,,1.0551021322354968e-13,1.0284105604378726e-14,6.760665710453773e-14,,5.5267254545668874e-14,3.893829297535762e-14,3.9918655144511616e-14,,3.642614504146358e-14,-1.632896157031126e-14,0.0,,0.0,0.0,1.8584801821433765e-13,,-1.8087465124037088e-13,4.270651487619868e-14,,,,,,1.8515278288508872e-14,,1.3816813636417225e-14,-1.2325225800667633e-14
stiff_grid,ANALYTICAL_REFERENCE,B,24,1440.0,zero,1.7128722890799497e-13,,1.7082605950479472e-13,-1.25607396694702e-14,2.014702729545268e-13,,1.9845968677762915e-13,-3.4699043336911425e-14,4.632171911966514e-14,,-3.5170071074516555e-14,3.014577520672848e-14,0.0,,0.0,0.0,4.2753776215741584e-13,,-4.270651487619868e-13,2.009718347115232e-14,,,,,,1.09962532541047e-14,,7.536443801682118e-15,-8.007471539287254e-15
stiff_grid,ANALYTICAL_REFERENCE,B,25,1500.0,positive,8.290088181850331e-14,,-8.290088181850331e-14,0.0,8.975653857396546e-14,,-8.290088181850331e-14,-3.440465100090822e-14,2.889140781161387e-14,,2.2923349896783115e-14,-1.7585035537258278e-14,0.0,,0.0,0.0,2.034684749684793e-13,,1.7082605950479472e-13,1.1053450909133775e-13,,,,,,5.681907669812276e-14,,-2.2923349896783115e-14,5.1989686538166496e-14
stiff_grid,ANALYTICAL_REFERENCE,C,1,60.0,positive,99.99999999999986,-59.999999999998636,50.00000000000199,-86.60254037844255,106.97714338425064,-40.261946071738286,81.63401607567727,-69.13751966921136,36.13499579978119,-151.09707707726858,-31.634016075677227,-17.465020709234754,0.0,,0.0,0.0,277.5143587739655,119.14165395582883,-135.14130135818922,242.38615470554484,36.13499579978124,106.97714338425078,-0.6918564260208638,100.69185642602298,-0.0,4.056013573126948e-12,4.056013573126954e-12,1.950439809661475e-12,3.5562663924793014e-12
stiff_grid,ANALYTICAL_REFERENCE,C,2,120.0,negative,6.911831625566733e-14,,2.260933140504636e-14,-6.531584628124504e-14,7.536443801682119e-14,,4.521866281009272e-14,-6.029155041345696e-14,4.1358825277495894e-14,,-2.888970123978146e-14,2.959624284618916e-14,0.0,,0.0,0.0,2.1645329030274944e-13,,-8.038873388460928e-14,2.009718347115232e-13,,,,,,3.518557582457686e-14,,6.2803698347351005e-15,-3.462053871397724e-14
stiff_grid,ANALYTICAL_REFERENCE,C,3,180.0,zero,4.016491691983153e-14,,-3.579810805799007e-14,1.821307252073179e-14,5.5254889241832885e-14,,-4.784856767838804e-14,2.7633627272834437e-14,2.7005590289360928e-14,,2.7005590289360928e-14,0.0,0.0,,0.0,0.0,2.1687563858787275e-13,,2.0599613057931126e-13,-6.782799421513907e-14,,,,,,1.767491966496935e-14,,-1.4955130668962958e-14,-9.420554752102648e-15
stiff_grid,ANALYTICAL_REFERENCE,C,4,240.0,positive,1.8336959187428107e-13,,-1.8087465124037088e-13,3.014577520672848e-14,1.9620502586525496e-13,,-1.9594753884373512e-13,-1.004859173557616e-14,4.1984636388997706e-14,,2.3865405371993378e-14,3.4542034091043046e-14,0.0,,0.0,0.0,5.0477925575274e-13,,5.022725775329396e-13,5.02429586778808e-14,,,,,,1.0452618589287096e-14,,-8.792517768629142e-15,5.652332851261592e-15
stiff_grid,ANALYTICAL_REFERENCE,C,5,300.0,negative,19.999999999999947,-119.99999999999815,-9.999999999999414,-17.320508075689048,3.3139798985370583,162.5611129621621,-3.1616599299907366,0.9931612432020599,19.548743663847024,-110.47567569127791,-6.8383400700074475,-18.313669318892096,0.0,,0.0,0.0,0.6255489370186591,-110.47567569126997,-0.21882308322834984,-0.5860272441206237,97.74371831923538,16.569899492685337,96.39636450836048,3.6036354916407354,-0.0,1.5768606702104752e-12,7.884303351052397e-12,-1.2292389328649733e-12,9.876544027065393e-13
stiff_grid,ANALYTICAL_REFERENCE,C,6,360.0,zero,1.6861009380463386e-13,,1.325158035129106e-13,-1.0425413925660266e-13,1.7170569102653332e-13,,1.5488962104915439e-13,-7.410836404987418e-14,3.370400129833633e-14,,-1.507288760336424e-14,-3.014577520672848e-14,0.0,,0.0,0.0,5.413329067275239e-13,,-4.157604830594636e-13,3.466764148773775e-13,,,,,,7.300929932879547e-15,,-7.300929932879547e-15,-6.310887241768095e-30
stiff_grid,ANALYTICAL_REFERENCE,C,7,420.0,positive,14.000000000000101,140.0000000000176,-10.724622203668533,8.999026535608325,11.28490481209618,140.0968679673594,-8.65699000222862,7.239171272969387,2.715178348814114,139.5973913587085,-2.067632201441154,1.7598552626373976,0.0,,0.0,0.0,2.980153606361376,-132.07326191269743,-1.9969421923190072,-2.212134127498799,19.394131062957815,80.60646294354355,19.39365225709143,80.60634774290831,-0.0,1.977395411828842e-12,1.4124252941634483e-11,1.240785252321075e-12,1.539657290550167e-12
stiff_grid,ANALYTICAL_REFERENCE,C,8,480.0,negative,1.0135551853865988e-13,,8.729714070281789e-14,-5.1499032644827815e-14,9.388050097641019e-14,,6.217566136387749e-14,-7.034014214903311e-14,4.452534180030014e-14,,1.9155127995942053e-14,4.019436694230464e-14,0.0,,0.0,0.0,3.0371611382960233e-13,,-3.033418630177053e-13,1.507288760336424e-14,,,,,,2.2171128784205894e-14,,5.966351342998349e-15,-2.1353257438099343e-14
stiff_grid,ANALYTICAL_REFERENCE,C,9,540.0,zero,5.215567340502509e-14,,-4.066539467990977e-14,3.265792314062252e-14,1.000137804415093e-13,,-4.270651487619868e-14,9.043732562018544e-14,3.14018491736755e-16,,0.0,3.14018491736755e-16,0.0,,0.0,0.0,3.1869040395359057e-13,,2.295475174595679e-13,-2.210690181826755e-13,,,,,,5.812926742876035e-14,,2.0411201962889114e-15,-5.809342097129968e-14
stiff_grid,ANALYTICAL_REFERENCE,C,10,600.0,positive,1.594224596611486e-13,,-1.5700924586837749e-13,2.7633627272834437e-14,9.336440972175736e-14,,-7.787658595071524e-14,5.1499032644827815e-14,4.46373171602557e-14,,-4.349156110554057e-14,1.004859173557616e-14,0.0,,0.0,0.0,4.0990372275064023e-13,,4.019436694230464e-13,-8.038873388460928e-14,,,,,,4.9198039842534945e-14,,-3.564109881212168e-14,-3.391399710756954e-14
stiff_grid,ANALYTICAL_REFERENCE,C,11,660.0,negative,9.000000000000037,-130.0000000000075,-5.785088487179781,-6.894399988070074,7.836205975759352,-129.90625886429098,-5.027188106960545,-6.011115024000209,1.163875128219672,-130.63115823941084,-0.7579003802187806,-0.8832849640702517,0.0,,0.0,0.0,3.250542749697303,-41.287643649946226,2.4424787924355247,-2.144836943945251,12.931945869107413,87.06895528621466,12.93116124664343,87.06883875335662,-0.0,5.976400767958633e-13,6.640445297731788e-12,-4.553024623987767e-13,3.871347686867921e-13
stiff_grid,ANALYTICAL_REFERENCE,C,12,720.0,zero,4.52883909360294e-14,,3.7682219008410597e-14,-2.51214793389404e-14,1.0776646160408039e-13,,7.034014214903311e-14,-8.164480785155629e-14,2.3997259443764375e-14,,-2.3865405371993378e-14,2.51214793389404e-15,0.0,,0.0,0.0,1.5313803247531373e-13,,-1.1555880495912584e-13,1.004859173557616e-13,,,,,,5.472217097501669e-14,,-8.792517768629136e-15,5.401118057872185e-14
stiff_grid,ANALYTICAL_REFERENCE,C,13,780.0,positive,6.999999999999858,150.00000000005133,-6.062177826494082,3.4999999999944995,6.1496266269735145,150.07917122499651,-5.329976569582186,3.067451290385319,0.8504216993985475,149.42748236498815,-0.732201256912929,0.4325487096074157,0.0,,0.0,0.0,3.014488340419078,-121.08975714854834,-1.556622226199314,-2.5814854637252673,12.148881419979496,87.85180895676628,12.148274913903004,87.85172508609716,-0.0,2.044834723583686e-12,2.921192462262468e-11,1.0329515021112456e-12,1.7647550087929176e-12
stiff_grid,ANALYTICAL_REFERENCE,C,14,840.0,negative,6.591696189872021e-14,,-3.391399710756954e-14,-5.65233285126159e-14,9.388050097641019e-14,,-6.217566136387749e-14,-7.034014214903311e-14,4.509098067873249e-14,,2.888970123978146e-14,3.4620538713977236e-14,0.0,,0.0,0.0,8.350766672679668e-14,,-3.014577520672848e-14,7.787658595071524e-14,,,,,,2.0813202722198003e-14,,-6.280369834735088e-16,-2.0803725077560023e-14
stiff_grid,ANALYTICAL_REFERENCE,C,15,900.0,zero,1.5822801016540193e-13,,1.0551021322354968e-13,-1.179139436471515e-13,1.2550412065809272e-13,,7.034014214903311e-14,-1.039401207648659e-13,6.091007707397606e-14,,4.7730810743986756e-14,-3.7839228254278975e-14,0.0,,0.0,0.0,3.044988593674151e-13,,-2.4116620165382783e-13,1.8589894710815895e-13,,,,,,2.6969051793004742e-14,,-1.2560739669470188e-14,2.3865405371993378e-14
stiff_grid,ANALYTICAL_REFERENCE,C,16,960.0,positive,1.7547762414164653e-13,,-1.3314384049638411e-13,-1.1430273099217881e-13,1.6861360272577434e-13,,-1.4821672809974835e-13,-8.038873388460928e-14,5.811972467378327e-14,,6.2803698347351e-15,-5.777940247956292e-14,0.0,,0.0,0.0,5.187448621326206e-13,,3.717978942163179e-13,3.6174930248074177e-13,,,,,,2.5433559371059917e-14,,8.792517768629136e-15,2.3865405371993384e-14
stiff_grid,ANALYTICAL_REFERENCE,C,17,1020.0,negative,2.0253584144909416e-14,,-2.009718347115232e-14,2.51214793389404e-15,6.434238129413512e-14,,-4.019436694230464e-14,-5.02429586778808e-14,2.8086667748613604e-14,,2.7633627272834437e-14,-5.02429586778808e-15,0.0,,0.0,0.0,1.2868476258827024e-13,,8.038873388460928e-14,-1.004859173557616e-13,,,,,,5.826883674891095e-14,,-7.536443801682118e-15,5.777940247956292e-14
stiff_grid,ANALYTICAL_REFERENCE,C,18,1080.0,zero,1.1105427228263348e-13,,7.662051198376821e-14,8.038873388460928e-14,7.285229008292716e-14,,5.275510661177484e-14,5.02429586778808e-14,5.602216625070647e-14,,4.4590625826619206e-14,3.391399710756954e-14,0.0,,0.0,0.0,6.316690952237475e-14,,-1.8841109504205298e-14,6.029155041345696e-14,,,,,,2.106500081146021e-14,,-2.0725220454625834e-14,-3.768221900841059e-15
stiff_grid,ANALYTICAL_REFERENCE,C,19,1140.0,positive,1.307101736104603e-13,,-8.79251776862914e-14,-9.671769545492053e-14,1.475338947389994e-13,,-1.004859173557616e-13,-1.0802236115744371e-13,7.640399661428378e-15,,7.53644380168212e-15,-1.25607396694702e-15,0.0,,0.0,0.0,1.8446762319608707e-13,,1.6077746776921855e-13,9.043732562018544e-14,,,,,,1.3528330643921845e-14,,5.024295867788081e-15,1.2560739669470204e-14
stiff_grid,ANALYTICAL_REFERENCE,C,20,1200.0,negative,2.1326364214292322e-13,,-1.7459428140563578e-13,-1.2246721177733443e-13,2.280665092613394e-13,,-1.7333820743868875e-13,-1.4821672809974835e-13,2.674139881499932e-14,,-4.396258884314569e-15,2.637755330588742e-14,0.0,,0.0,0.0,4.808647507754991e-13,,4.3208944462977485e-13,2.1102042644709936e-13,,,,,,3.2023728339893645e-15,,3.140184917367539e-15,-6.280369834735025e-16
stiff_grid,ANALYTICAL_REFERENCE,C,21,1260.0,zero,2.6227594425580137e-14,,2.51214793389404e-14,7.53644380168212e-15,4.493866839778177e-14,,2.009718347115232e-14,4.019436694230464e-14,3.7974171942835164e-14,,2.135325743809934e-14,-3.1401849173675496e-14,0.0,,0.0,0.0,1.811535637441176e-13,,-1.5072887603364239e-13,-1.004859173557616e-13,,,,,,1.637720085286689e-14,,-1.632896157031126e-14,-1.2560739669470239e-15
stiff_grid,ANALYTICAL_REFERENCE,C,22,1320.0,positive,1.7200418422064278e-13,,-2.009718347115232e-14,-1.7082605950479472e-13,1.9984211815260298e-13,,5.903547644650994e-14,-1.9092324297594702e-13,7.54585847593583e-14,,-7.536443801682119e-14,3.76822190084106e-15,0.0,,0.0,0.0,3.9370255465905495e-13,,-3.7682219008410597e-14,3.9189507768747024e-13,,,,,,1.6758116906701655e-14,,-3.768221900841065e-15,1.6328961570311247e-14
stiff_grid,ANALYTICAL_REFERENCE,C,23,1380.0,negative,6.156044012742063e-14,,1.25607396694702e-15,-6.154762438040397e-14,9.974722135027126e-14,,4.207847789272517e-14,-9.043732562018544e-14,3.8694418177683974e-14,,-3.7682219008410597e-14,8.792517768629139e-15,0.0,,0.0,0.0,1.4500991790071218e-13,,-3.5170071074516555e-14,1.4068028429806622e-13,,,,,,2.0341031065027678e-14,,-3.1401849173675565e-15,2.009718347115233e-14
stiff_grid,ANALYTICAL_REFERENCE,C,24,1440.0,zero,2.1836910037548746e-13,,-2.009718347115232e-13,8.541302975239736e-14,1.8747088053723573e-13,,-1.5826531983532452e-13,1.004859173557616e-13,4.326737264617085e-14,,-4.019436694230464e-14,-1.6014943078574506e-14,0.0,,0.0,0.0,5.144692516756991e-13,,4.371137404975629e-13,-2.713119768605563e-13,,,,,,2.682975169497794e-15,,-2.512147933894035e-15,9.420554752102695e-16
stiff_grid,ANALYTICAL_REFERENCE,C,25,1500.0,positive,1.0186597247009026e-13,,1.0174199132270861e-13,-5.02429586778808e-15,1.0079993584749835e-13,,1.0079993584749835e-13,0.0,1.708445301822023e-14,,1.3816813636417219e-14,1.004859173557616e-14,0.0,,0.0,0.0,3.11992187108958e-13,,-3.0145775206728477e-13,-8.038873388460928e-14,,,,,,1.982300023743168e-14,,-1.2874758161206958e-14,-1.507288760336424e-14
weak_grid,ANALYTICAL_REFERENCE,A,1,60.0,positive,99.99999999999997,-179.99999999999935,-99.99999999999997,-1.1681487892607286e-12,108.5807672563862,-160.49496076292263,-102.34954816009582,-36.2540068049,36.33006173909193,86.29196305073268,2.3495481600954435,36.25400680489845,0.0,,0.0,0.0,279.012452183646,-3.4693059161686093,278.50112271380704,-16.884108524893072,36.33006173909194,108.58076725638622,-2.349548160095868,102.34954816009629,-0.0,5.588684061739235e-13,5.588684061739236e-13,4.063416270128073e-13,3.836930773104541e-13
weak_grid,ANALYTICAL_REFERENCE,A,2,120.0,negative,9.820699276137158e-14,,-3.5170071074516555e-14,9.169339958713246e-14,9.439794905280807e-14,,-4.019436694230464e-14,8.541302975239736e-14,1.507288760336424e-14,,1.507288760336424e-14,0.0,0.0,,0.0,0.0,2.7542124944537683e-13,,7.034014214903311e-14,-2.6628768099276823e-13,,,,,,1.1849778104645675e-14,,-1.0048591735576156e-14,6.2803698347351005e-15
weak_grid,ANALYTICAL_REFERENCE,A,3,180.0,zero,1.1535382849852892e-13,,9.42055475210265e-14,6.657192024819206e-14,1.477102397147968e-13,,1.2309524876080795e-13,8.164480785155629e-14,2.1261604297195625e-14,,-1.8841109504205298e-14,-9.852330178240688e-15,0.0,,0.0,0.0,2.9570873105462865e-13,,-2.9140916033170863e-13,-5.02429586778808e-14,,,,,,1.1323798642562577e-14,,-1.0048591735576156e-14,-5.2205574251235485e-15
weak_grid,ANALYTICAL_REFERENCE,A,4,240.0,positive,1.289190287802731e-13,,1.2309524876080795e-13,-3.8310255991884105e-14,6.556898606395033e-14,,6.280369834735099e-14,-1.8841109504205298e-14,3.2284781599486615e-14,,3.2186895403017384e-14,-2.51214793389404e-15,0.0,,0.0,0.0,3.625661635260269e-13,,-3.6174930248074177e-13,-2.4324166762265045e-14,,,,,,3.2823946033481184e-14,,2.8104655010439573e-14,-1.695699855378477e-14
weak_grid,ANALYTICAL_REFERENCE,A,5,300.0,negative,20.00000000000001,6.038093139528569e-12,20.00000000000001,2.1076921165370993e-12,0.8449678376982366,-84.54523840468345,0.08032247246665179,-0.8411414549059376,19.93742891518572,2.417972941871332,19.91967752753346,0.8411414549064475,0.0,,0.0,0.0,0.6379866491287046,2.4179729418669726,0.6374186145855453,0.02691605926425655,99.68714457592854,4.22483918849118,99.59838763766768,0.40161236233281555,0.0,1.6008157032735244e-12,8.004078516367619e-12,-9.947598300641403e-14,1.5977219547380628e-12
weak_grid,ANALYTICAL_REFERENCE,A,6,360.0,zero,9.636889339578156e-14,,-7.567845650855795e-14,5.966351342998344e-14,7.79980467772395e-14,,-7.536443801682119e-14,2.009718347115232e-14,3.94415226011349e-14,,-2.3865405371993378e-14,3.1401849173675496e-14,0.0,,0.0,0.0,3.537136406304575e-13,,3.391399710756954e-13,-1.004859173557616e-13,,,,,,2.492642313840273e-14,,2.355138688025662e-14,8.164480785155627e-15
weak_grid,ANALYTICAL_REFERENCE,A,7,420.0,positive,14.000000000000012,20.00000000001416,13.155696691001546,4.788282006562618,7.134150247916822,20.24495462592039,6.693415364088642,2.468661686751298,6.865982695597811,19.745478017268653,6.462281326913296,2.3196203198101863,0.0,,0.0,0.0,7.536036481889476,108.07482474587353,-2.338121270319337,7.164149271312638,49.04273353998432,50.95821605654868,49.04224964703995,50.95775035295992,0.0,1.1990925114132827e-12,8.564946510094868e-12,-3.9168668308775523e-13,1.1333156635373598e-12
weak_grid,ANALYTICAL_REFERENCE,A,8,480.0,negative,1.0965721766439742e-13,,6.877004969034935e-14,8.541302975239736e-14,1.1775149128829372e-13,,8.604106673587086e-14,8.038873388460928e-14,1.5154442617017196e-14,,-1.507288760336424e-14,1.570092458683775e-15,0.0,,0.0,0.0,2.712305524407062e-13,,7.285229008292716e-14,-2.6126338512498016e-13,,,,,,4.0943002132167194e-15,,-2.1981294421572744e-15,3.4542034091043078e-15
weak_grid,ANALYTICAL_REFERENCE,A,9,540.0,zero,1.1044883448157216e-13,,-1.0551021322354968e-13,3.265792314062252e-14,1.0029929557993392e-13,,-9.546162148797351e-14,3.077381219020199e-14,3.202372833989376e-14,,3.1401849173675496e-14,-6.2803698347351e-15,0.0,,0.0,0.0,3.893829297535762e-14,,0.0,3.893829297535762e-14,,,,,,4.224686731655424e-14,,-4.145044090925166e-14,8.164480785155633e-15
weak_grid,ANALYTICAL_REFERENCE,A,10,600.0,positive,1.2727011026514838e-13,,5.966351342998344e-14,1.1241862004175828e-13,1.16875640895813e-13,,-4.1450440909251656e-14,1.0927843512439073e-13,1.2437917289066624e-13,,1.0613825020702318e-13,-6.48448185436399e-14,0.0,,0.0,0.0,1.759983304023315e-13,,-5.903547644650994e-14,-1.6580176363700662e-13,,,,,,6.817040592926133e-14,,-5.024295867788083e-15,6.798500346100745e-14
weak_grid,ANALYTICAL_REFERENCE,A,11,660.0,negative,8.999999999999941,-10.000000000005835,8.863269777109656,-1.5628335990032658,5.645919835751774,-9.72984035171038,5.564706576430798,-0.9541758275931965,3.354248570331383,-10.454739726852965,3.298563200678824,-0.6086577714098458,0.0,,0.0,0.0,9.367953749173196,78.88877486263344,1.80533783772275,9.192350773242646,37.26942855923783,62.73244261946456,37.2682547406381,62.731745259361105,0.0,2.2595613467131228e-13,2.510623718570153e-12,3.3306690738754696e-14,-2.23487894857044e-13
weak_grid,ANALYTICAL_REFERENCE,A,12,720.0,zero,4.52883909360294e-14,,-1.507288760336424e-14,4.270651487619868e-14,7.105427357601e-14,,-7.034014214903311e-14,-1.004859173557616e-14,3.9977896317562405e-14,,-2.888970123978146e-14,2.7633627272834437e-14,0.0,,0.0,0.0,2.9570873105462865e-13,,2.9140916033170863e-13,5.02429586778808e-14,,,,,,8.7826430709958e-14,,8.415695578545034e-14,2.5121479338940402e-14
weak_grid,ANALYTICAL_REFERENCE,A,13,780.0,positive,7.0000000000000435,30.000000000069008,6.062177826486892,3.500000000007323,4.507026729676746,30.232097140851888,3.8940389781898936,2.269306144696761,2.4930771008923704,29.58040828088808,2.16813884829848,1.2306938553079922,0.0,,0.0,0.0,8.837206126937588,119.06316876734455,-4.292881400940277,7.724466415710815,35.61538715560507,64.38609613823883,35.61443213160539,64.38556786839457,0.0,2.9659643240162622e-12,4.237091891451777e-11,-1.4810375148499588e-12,2.5697222127973873e-12
weak_grid,ANALYTICAL_REFERENCE,A,14,840.0,negative,1.1519129679046948e-13,,1.1241862004175828e-13,2.51214793389404e-14,1.6237883758700545e-13,,1.3314384049638411e-13,9.294947355407948e-14,5.421890964696819e-14,,-5.1499032644827815e-14,-1.695699855378477e-14,0.0,,0.0,0.0,4.780809588711049e-13,,-2.7382412479445036e-13,-3.9189507768747024e-13,,,,,,5.945490489686576e-14,,3.077381219020198e-14,-5.0870995661354306e-14
weak_grid,ANALYTICAL_REFERENCE,A,15,900.0,zero,1.132209773400735e-14,,-3.76822190084106e-15,1.067662871904967e-14,6.663410241787957e-14,,6.531584628124504e-14,-1.318877665294371e-14,8.512681647385485e-14,,-6.280369834735099e-14,5.746538398782616e-14,0.0,,0.0,0.0,6.280369834735099e-14,,-6.280369834735099e-14,0.0,,,,,,3.418189006250929e-14,,-6.280369834735113e-15,-3.3599978615832786e-14
weak_grid,ANALYTICAL_REFERENCE,A,16,960.0,positive,1.0409511705222208e-13,,1.0299806528965563e-13,-1.507288760336424e-14,1.3830652067148427e-13,,7.599247500029471e-14,-1.1555880495912584e-13,1.186607698327035e-13,,2.951773822325497e-14,1.1493076797565233e-13,0.0,,0.0,0.0,3.6021082950232353e-13,,-3.3160352727401324e-13,1.4068028429806622e-13,,,,,,1.4661671005472927e-14,,-2.5121479338940478e-15,-1.444485061989072e-14
weak_grid,ANALYTICAL_REFERENCE,A,17,1020.0,negative,5.96734289794683e-14,,3.893829297535762e-14,-4.521866281009272e-14,6.703246762680666e-14,,6.531584628124504e-14,-1.507288760336424e-14,3.076900540931355e-14,,-7.53644380168212e-15,2.983175671499172e-14,0.0,,0.0,0.0,3.258053458839178e-13,,-1.4570458016585432e-13,2.9140916033170863e-13,,,,,,6.286725493267876e-14,,-1.88411095042053e-14,-5.997753192172021e-14
weak_grid,ANALYTICAL_REFERENCE,A,18,1080.0,zero,3.5198097273142463e-14,,-3.391399710756954e-14,9.420554752102649e-15,4.287243763964159e-14,,4.270651487619868e-14,3.76822190084106e-15,5.5824680976030725e-14,,-5.338314359524835e-14,1.632896157031126e-14,0.0,,0.0,0.0,1.2162532505487666e-13,,-9.546162148797351e-14,7.536443801682119e-14,,,,,,2.557275289107957e-14,,-2.3237368388519863e-14,-1.0676628719049671e-14
weak_grid,ANALYTICAL_REFERENCE,A,19,1140.0,positive,1.7931968162647086e-13,,1.1430273099217881e-13,1.3816813636417219e-13,1.1503882190803107e-13,,6.029155041345696e-14,9.797376942186756e-14,3.3955495575280695e-14,,2.51214793389404e-14,2.2844845273848925e-14,0.0,,0.0,0.0,3.017193206649265e-13,,-2.336297578521457e-13,-1.9092324297594702e-13,,,,,,3.369897238563876e-14,,2.8889701239781455e-14,1.73495216684557e-14
weak_grid,ANALYTICAL_REFERENCE,A,20,1200.0,negative,1.805234928290453e-13,,1.2811954462859604e-13,1.2717748915338577e-13,1.1570207241705123e-13,,4.1450440909251656e-14,1.0802236115744371e-13,9.301098385194204e-14,,9.232143657060596e-14,1.130466570252318e-14,0.0,,0.0,0.0,4.463430165782088e-13,,-2.311176099182517e-13,-3.8184648595189405e-13,,,,,,9.673604544420989e-15,,-5.652332851261573e-15,7.850462293418879e-15
weak_grid,ANALYTICAL_REFERENCE,A,21,1260.0,zero,9.607198689254525e-14,,5.063548179255174e-14,-8.164480785155629e-14,7.77650802058628e-14,,6.657192024819206e-14,-4.019436694230464e-14,4.3366397107056194e-14,,-4.270651487619868e-14,-7.53644380168212e-15,0.0,,0.0,0.0,1.5424670142815279e-13,,-4.270651487619868e-14,1.4821672809974835e-13,,,,,,4.320643692061138e-14,,2.677007642055836e-14,-3.391399710756954e-14
weak_grid,ANALYTICAL_REFERENCE,A,22,1320.0,positive,1.8843726143271344e-13,,-1.5261298698406293e-13,1.1053450909133775e-13,2.342914673208384e-13,,-2.1164846343057287e-13,1.004859173557616e-13,7.200564527499484e-14,,5.887846720064156e-14,4.1450440909251656e-14,0.0,,0.0,0.0,6.3074426808419e-13,,5.426239537211126e-13,-3.215549355384371e-13,,,,,,3.140224169433693e-14,,1.5700924586837877e-16,-3.14018491736755e-14
weak_grid,ANALYTICAL_REFERENCE,A,23,1380.0,negative,1.0710010267206153e-13,,-1.004859173557616e-13,3.705418202493709e-14,1.1019141097727087e-13,,-1.004859173557616e-13,4.521866281009272e-14,2.531698018113677e-15,,-2.1981294421572847e-15,1.25607396694702e-15,0.0,,0.0,0.0,2.299164397316121e-13,,1.8087465124037088e-13,-1.4193635826501325e-13,,,,,,9.673604544420998e-15,,2.1981294421572847e-15,-9.420554752102654e-15
weak_grid,ANALYTICAL_REFERENCE,A,24,1440.0,zero,9.166973760662144e-14,,3.328596012409603e-14,-8.541302975239736e-14,7.824040276299101e-14,,-5.275510661177484e-14,-5.777940247956292e-14,7.470472859187728e-14,,7.410836404987418e-14,-9.420554752102649e-15,0.0,,0.0,0.0,2.8373095597379613e-13,,-1.3188776652943708e-13,2.5121479338940397e-13,,,,,,2.177396160641944e-14,,1.1932702685996686e-14,-1.8213072520731786e-14
weak_grid,ANALYTICAL_REFERENCE,A,25,1500.0,positive,6.396118084022657e-14,,-2.135325743809934e-14,6.029155041345696e-14,7.105427357601e-14,,1.004859173557616e-14,7.034014214903311e-14,3.4135702199084566e-14,,-3.014577520672848e-14,-1.6014943078574506e-14,0.0,,0.0,0.0,1.9230652416587699e-13,,1.0551021322354968e-13,-1.6077746776921855e-13,,,,,,6.097136226011378e-15,,-1.2560739669470239e-15,5.966351342998352e-15
weak_grid,ANALYTICAL_REFERENCE,B,1,60.0,positive,100.0,59.99999999999867,50.000000000002004,86.60254037844271,108.58076725638611,79.50503923707544,19.7778831980342,106.76431217495107,36.3300617390919,-33.70803694926794,30.222116801968014,-20.16177179650718,0.0,,0.0,0.0,279.01245218364613,-123.46930591616942,-153.87262825971763,-232.74699299019565,36.3300617390919,108.58076725638611,-2.3495481600949892,102.34954816009612,0.0,1.2014792331463885e-12,1.2014792331463885e-12,-2.0961010704922955e-13,-1.1830536550405668e-12
weak_grid,ANALYTICAL_REFERENCE,B,2,120.0,negative,5.67600910580895e-14,,5.1499032644827815e-14,-2.3865405371993378e-14,2.637755330588742e-14,,2.637755330588742e-14,0.0,5.4592275093871865e-14,,2.135325743809934e-14,-5.02429586778808e-14,0.0,,0.0,0.0,5.734084279953667e-14,,-5.02429586778808e-14,2.7633627272834437e-14,,,,,,2.6645352591003754e-14,,3.768221900841056e-15,2.637755330588742e-14
weak_grid,ANALYTICAL_REFERENCE,B,3,180.0,zero,1.084178118126615e-13,,-4.7730810743986756e-14,-9.734573243839404e-14,1.0004532555519121e-13,,-4.7730810743986756e-14,-8.79251776862914e-14,2.3995333216565422e-14,,-2.315886376558568e-14,6.2803698347351e-15,0.0,,0.0,0.0,2.538170890341687e-13,,1.6580176363700662e-13,1.9217931694289405e-13,,,,,,2.7979492557845354e-14,,2.315886376558568e-14,-1.570092458683775e-14
weak_grid,ANALYTICAL_REFERENCE,B,4,240.0,positive,7.465983629965759e-14,,7.285229008292716e-14,-1.632896157031126e-14,1.4288911067303283e-13,,1.3816813636417219e-13,3.642614504146358e-14,6.701941085241964e-14,,-6.280369834735099e-14,-2.3394377634388245e-14,0.0,,0.0,0.0,1.621843951300168e-13,,-1.5575317190143048e-13,-4.521866281009272e-14,,,,,,2.9468004569792584e-14,,-2.512147933894035e-15,-2.936072897738659e-14
weak_grid,ANALYTICAL_REFERENCE,B,5,300.0,negative,19.999999999999954,120.00000000001012,-10.000000000003036,17.320508075686966,0.8449678376982224,35.454761595314,0.6882886318914293,0.4901320291038263,19.937428915185727,122.41797294187538,-10.68828863189311,16.830376046583996,0.0,,0.0,0.0,0.6379866491288965,122.41797294185177,-0.3420192983853461,0.5385626834442888,99.68714457592885,4.224839188491122,99.598387637668,0.401612362332322,0.0,1.6031490077671227e-12,8.015745038835632e-12,-1.3553602684623911e-12,-8.562039965909207e-13
weak_grid,ANALYTICAL_REFERENCE,B,6,360.0,zero,5.862650393847435e-14,,-4.207847789272517e-14,4.0822403925778147e-14,1.231096671328401e-13,,-9.734573243839404e-14,7.536443801682119e-14,5.163503942405779e-14,,4.192146864685679e-14,-3.014577520672848e-14,0.0,,0.0,0.0,1.5058226276581434e-13,,7.034014214903311e-14,-1.3314384049638411e-13,,,,,,1.4051231029160619e-14,,1.3345785898812082e-14,-4.396258884314568e-15
weak_grid,ANALYTICAL_REFERENCE,B,7,420.0,positive,14.000000000000124,-99.99999999998975,-2.431074487334577,-13.78730854217147,7.1341502479169385,-99.75504537408382,-1.2087839479688902,-7.030998586757507,6.865982695597853,-100.25452198270857,-1.2222905393637635,-6.756309955414346,0.0,,0.0,0.0,7.536036481889663,-11.925175254102333,7.373395900621026,-1.5572022184279621,49.042733539984226,50.95821605654911,49.04224964703996,50.95775035296035,-0.0,1.9608575007692493e-12,1.4006125005494514e-11,-1.923128323255696e-12,3.82804898890754e-13
weak_grid,ANALYTICAL_REFERENCE,B,8,480.0,negative,1.6243257199107298e-13,,-1.5857933832706127e-13,-3.5170071074516555e-14,1.803657166137139e-13,,-1.800111003880948e-13,-1.130466570252318e-14,2.303278009188492e-14,,2.0725220454625828e-14,-1.004859173557616e-14,0.0,,0.0,0.0,4.95423661454169e-13,,3.931511516544172e-13,3.0145775206728477e-13,,,,,,1.3834866826430599e-14,,7.0654160640768555e-16,-1.3816813636417215e-14
weak_grid,ANALYTICAL_REFERENCE,B,9,540.0,zero,1.0421629883604046e-13,,1.004859173557616e-13,-2.7633627272834437e-14,1.1418534512577734e-13,,8.79251776862914e-14,-7.285229008292716e-14,1.1799743631601009e-14,,-1.067662871904967e-14,5.02429586778808e-15,0.0,,0.0,0.0,3.617841917418038e-13,,-3.215549355384371e-13,1.6580176363700662e-13,,,,,,4.6428034887516126e-14,,2.323736838851987e-14,4.019436694230464e-14
weak_grid,ANALYTICAL_REFERENCE,B,10,600.0,positive,8.720955563955665e-14,,5.02429586778808e-14,-7.128219762424338e-14,1.568433564688413e-13,,1.3314384049638411e-13,-8.290088181850331e-14,4.832213032818601e-14,,-4.7730810743986756e-14,7.53644380168212e-15,0.0,,0.0,0.0,4.650680652030266e-13,,-3.76822190084106e-13,2.7256805082750333e-13,,,,,,3.5406194175727786e-14,,-3.5170071074516555e-14,4.082240392577809e-15
weak_grid,ANALYTICAL_REFERENCE,B,11,660.0,negative,9.000000000000078,109.99999999999916,-3.0781812899309218,8.457233587073294,5.64591983575197,110.27015964829579,-1.956012781843288,5.296265173591975,3.354248570331364,109.54526027314773,-1.1221685080876953,3.1609684134812603,0.0,,0.0,0.0,9.36795374917331,-161.11122513737172,-8.863478208987415,-3.0327069567393963,37.269428559237056,62.732442619465786,37.2682547406373,62.73174525936231,0.0,8.496652210098202e-14,9.44072467788681e-13,6.150635556423367e-14,5.861977570020827e-14
weak_grid,ANALYTICAL_REFERENCE,B,12,720.0,zero,8.226085852327241e-14,,8.164480785155629e-14,1.004859173557616e-14,6.379219192167301e-14,,4.95364170714731e-14,4.019436694230464e-14,4.9084415165693093e-14,,1.004859173557616e-14,-4.8044829235723514e-14,0.0,,0.0,0.0,2.5166657378043787e-13,,-2.260933140504636e-13,-1.1053450909133775e-13,,,,,,2.8407936725797545e-14,,2.2059799044507035e-14,1.7899054028995035e-14
weak_grid,ANALYTICAL_REFERENCE,B,13,780.0,positive,6.999999999999996,-89.9999999999576,5.181305113656457e-12,-6.999999999999996,4.50702672967669,-89.76790285912679,0.018257281178250866,-4.506989750787564,2.4930771008924046,-90.41959171909647,-0.01825728117043628,-2.4930102492124537,0.0,,0.0,0.0,8.83720612693774,-0.9368312326802848,8.836024847155523,-0.14448885921122728,35.6153871556058,64.38609613823847,35.614432131606314,64.385567868394,-0.0,2.6333689195057023e-12,3.7619555992938634e-11,-2.6332790115102256e-12,2.1760371282653068e-14
weak_grid,ANALYTICAL_REFERENCE,B,14,840.0,negative,6.876359695285539e-14,,-6.782799421513907e-14,-1.130466570252318e-14,7.110976306012195e-14,,-6.782799421513907e-14,-2.135325743809934e-14,1.0219179287225244e-14,,9.499059375036839e-15,-3.76822190084106e-15,0.0,,0.0,0.0,4.182254784118783e-13,,3.2657923140622517e-13,2.6126338512498016e-13,,,,,,1.6767124621531268e-14,,-9.499059375036839e-15,1.3816813636417219e-14
weak_grid,ANALYTICAL_REFERENCE,B,15,900.0,zero,1.2600283007175368e-13,,-8.541302975239736e-14,9.263545506234272e-14,1.2903370980327067e-13,,-8.541302975239736e-14,9.671769545492053e-14,1.6347821981747474e-14,,1.632896157031126e-14,-7.850462293418875e-16,0.0,,0.0,0.0,2.87747876815794e-13,,2.8136056859613244e-13,-6.029155041345696e-14,,,,,,1.6658525604469893e-14,,-1.632896157031126e-14,-3.2971941632359227e-15
weak_grid,ANALYTICAL_REFERENCE,B,16,960.0,positive,1.1766939537721438e-13,,3.265792314062252e-14,1.130466570252318e-13,1.8671192014310962e-13,,7.536443801682119e-14,1.7082605950479472e-13,6.975735440694271e-14,,-5.0870995661354306e-14,-4.7730810743986756e-14,0.0,,0.0,0.0,5.831647208845876e-13,,-2.009718347115232e-14,-5.828183206634173e-13,,,,,,1.294731409827788e-14,,8.164480785155633e-15,-1.0048591735576166e-14
weak_grid,ANALYTICAL_REFERENCE,B,17,1020.0,negative,5.849853508292962e-14,,-5.65233285126159e-14,-1.507288760336424e-14,2.4781610414066267e-14,,3.76822190084106e-15,2.449344235546689e-14,1.0357851278622298e-14,,-2.51214793389404e-15,1.004859173557616e-14,0.0,,0.0,0.0,1.3706754290766146e-13,,1.2309524876080795e-13,-6.029155041345696e-14,,,,,,7.615838631193211e-14,,-5.777940247956292e-14,-4.961492169440729e-14
weak_grid,ANALYTICAL_REFERENCE,B,18,1080.0,zero,1.2475666579389881e-13,,-6.657192024819206e-14,-1.0551021322354968e-13,5.2005861338412983e-14,,-3.8310255991884105e-14,-3.5170071074516555e-14,6.531584628124504e-14,,0.0,-6.531584628124504e-14,0.0,,0.0,0.0,1.6861360272577434e-13,,1.4821672809974835e-13,-8.038873388460928e-14,,,,,,2.870479429474016e-14,,-2.8261664256307952e-14,-5.024295867788083e-15
weak_grid,ANALYTICAL_REFERENCE,B,19,1140.0,positive,2.4428943382792783e-14,,7.53644380168212e-15,-2.323736838851987e-14,2.3832327871173822e-14,,2.260933140504636e-14,-7.53644380168212e-15,3.897151664587921e-14,,-2.308035914265149e-14,-3.1401849173675496e-14,0.0,,0.0,0.0,1.3481600519334532e-13,,6.029155041345696e-14,1.2058310082691391e-13,,,,,,1.7624943498748054e-14,,8.007471539287248e-15,1.5700924586837745e-14
weak_grid,ANALYTICAL_REFERENCE,B,20,1200.0,negative,4.949951486243539e-14,,4.019436694230464e-14,-2.888970123978146e-14,1.3503707958279256e-13,,1.312597295459636e-13,3.1715867665412254e-14,8.980928863671193e-14,,-8.290088181850331e-14,-3.4542034091043046e-14,0.0,,0.0,0.0,2.376238327144598e-13,,-2.135325743809934e-13,1.0425413925660266e-13,,,,,,2.7312389011209175e-14,,-8.164480785155646e-15,-2.6063534814150668e-14
weak_grid,ANALYTICAL_REFERENCE,B,21,1260.0,zero,6.908406818208609e-14,,-5.5267254545668874e-14,4.1450440909251656e-14,6.439140406794712e-14,,-6.029155041345696e-14,2.260933140504636e-14,6.155082856732237e-14,,2.951773822325497e-14,5.4011180578721856e-14,0.0,,0.0,0.0,2.112595431543483e-13,,2.1102042644709936e-13,1.004859173557616e-14,,,,,,4.285863527700253e-14,,-2.4493442355466887e-14,-3.517007107451656e-14
weak_grid,ANALYTICAL_REFERENCE,B,22,1320.0,positive,2.046023261813367e-13,,1.9594753884373512e-13,5.887846720064156e-14,1.5714609828911172e-13,,1.3502795144680463e-13,8.038873388460928e-14,4.581765463668197e-14,,2.6063534814150665e-14,-3.7682219008410597e-14,0.0,,0.0,0.0,5.244052401192905e-13,,-5.168744373986987e-13,-8.855321466976491e-14,,,,,,3.8424945590560896e-14,,3.485605258277982e-14,1.617195232444288e-14
weak_grid,ANALYTICAL_REFERENCE,B,23,1380.0,negative,1.060102255565987e-13,,1.0551021322354968e-13,1.0284105604378726e-14,5.411332257568736e-14,,5.02429586778808e-14,2.009718347115232e-14,4.0586206742126376e-14,,3.988034845056788e-14,-7.53644380168212e-15,0.0,,0.0,0.0,1.60541781151764e-13,,-1.5072887603364239e-13,5.5267254545668874e-14,,,,,,1.555441872413724e-14,,1.5386906095101e-14,-2.2766340650914733e-15
weak_grid,ANALYTICAL_REFERENCE,B,24,1440.0,zero,1.7128722890799497e-13,,1.7082605950479472e-13,-1.25607396694702e-14,2.296935261360111e-13,,2.260933140504636e-13,-4.0508385434041396e-14,4.622369264555905e-14,,-2.7633627272834437e-14,3.705418202493709e-14,0.0,,0.0,0.0,3.673237934425183e-13,,-3.6677359834852984e-13,2.009718347115232e-14,,,,,,2.9095469731820764e-14,,-2.7633627272834437e-14,-9.106536260365893e-15
weak_grid,ANALYTICAL_REFERENCE,B,25,1500.0,positive,8.290088181850331e-14,,-8.290088181850331e-14,0.0,9.384911645133312e-14,,-8.79251776862914e-14,-3.28149323864909e-14,1.607558576607047e-14,,1.419952367322139e-14,-7.53644380168212e-15,0.0,,0.0,0.0,1.9510835923236383e-13,,1.1053450909133775e-13,1.6077746776921855e-13,,,,,,4.1381377037999267e-14,,-9.175227805433307e-15,4.0351376188173017e-14
weak_grid,ANALYTICAL_REFERENCE,C,1,60.0,positive,99.99999999999986,-59.999999999998636,50.00000000000199,-86.60254037844255,108.58076725638612,-40.49496076292513,82.57166496206209,-70.51030537005539,36.330061739091946,-153.70803694926863,-32.57166496206408,-16.092235008390848,0.0,,0.0,0.0,279.0124521836457,116.53069408382879,-124.62849445408119,249.63110151509613,36.330061739091995,108.58076725638627,-2.3495481600971395,102.34954816009835,-0.0,5.4227132430853855e-12,5.4227132430853936e-12,3.979039320256561e-12,3.6841640849161195e-12
weak_grid,ANALYTICAL_REFERENCE,C,2,120.0,negative,6.911831625566733e-14,,2.260933140504636e-14,-6.531584628124504e-14,1.0562977157717416e-13,,4.521866281009272e-14,-9.546162148797351e-14,5.0396054768824263e-14,,-3.328596012409603e-14,3.7839228254278975e-14,0.0,,0.0,0.0,2.210690181826755e-13,,0.0,2.210690181826755e-13,,,,,,1.3159772817161408e-14,,1.0676628719049668e-14,-7.693453047550503e-15
weak_grid,ANALYTICAL_REFERENCE,C,3,180.0,zero,4.016491691983153e-14,,-3.579810805799007e-14,1.821307252073179e-14,9.410134860597357e-14,,-8.914199934177132e-14,3.014577520672848e-14,4.9243866853136034e-14,,4.898688471093378e-14,5.02429586778808e-15,0.0,,0.0,0.0,2.338997253074223e-13,,2.135325743809934e-13,-9.546162148797351e-14,,,,,,1.7507807007986317e-14,,4.357006572847473e-15,-1.695699855378477e-14
weak_grid,ANALYTICAL_REFERENCE,C,4,240.0,positive,1.8336959187428107e-13,,-1.8087465124037088e-13,3.014577520672848e-14,2.088862714243916e-13,,-2.0850827851320532e-13,-1.25607396694702e-14,4.021398830883445e-14,,3.1401849173675496e-14,2.51214793389404e-14,0.0,,0.0,0.0,4.3975334358955294e-13,,4.3409131251459665e-13,7.034014214903311e-14,,,,,,1.798424230098713e-14,,-3.768221900841059e-15,1.758503553725828e-14
weak_grid,ANALYTICAL_REFERENCE,C,5,300.0,negative,19.999999999999947,-119.99999999999815,-9.999999999999414,-17.320508075689048,0.8449678376983266,155.45476159530577,-0.7686111043580864,0.35100942580225447,19.937428915185688,-117.58202705811948,-9.231388895638693,-17.671517501492648,0.0,,0.0,0.0,0.6379866491289325,-117.58202705812221,-0.2953993162001577,-0.5654787427085504,99.6871445759287,4.224839188491644,99.59838763766687,0.40161236233237474,-0.0,2.9585024512614615e-12,1.4792512256307348e-11,-2.6343371928305714e-12,1.3464784842653899e-12
weak_grid,ANALYTICAL_REFERENCE,C,6,360.0,zero,1.6861009380463386e-13,,1.325158035129106e-13,-1.0425413925660266e-13,1.742908006032668e-13,,1.4240738600261839e-13,-1.004859173557616e-13,2.4461214127882888e-14,,-1.632896157031126e-14,-1.821307252073179e-14,0.0,,0.0,0.0,5.171948429909313e-13,,-4.050838543404139e-13,3.215549355384371e-13,,,,,,1.5814346614967964e-14,,6.437379080603473e-15,1.4444850619890724e-14
weak_grid,ANALYTICAL_REFERENCE,C,7,420.0,positive,14.000000000000101,140.0000000000176,-10.724622203668533,8.999026535608325,7.134150247916818,140.2449546259233,-5.484631416120514,4.562336900005903,6.865982695597905,139.74547801727272,-5.23999078754724,4.436689635603323,0.0,,0.0,0.0,7.536036481889851,-131.92517525410835,-5.035274630299328,-5.606947052883479,49.04273353998468,50.95821605654832,49.042249647040315,50.95775035295957,-0.0,1.1914025454283067e-12,8.5100181816307e-12,-7.789324740770098e-13,-9.015010959956271e-13
weak_grid,ANALYTICAL_REFERENCE,C,8,480.0,negative,1.0135551853865988e-13,,8.729714070281789e-14,-5.1499032644827815e-14,8.993491796206957e-14,,6.437379080603477e-14,-6.280369834735099e-14,3.1080296497080216e-14,,2.3708396126125002e-14,2.009718347115232e-14,0.0,,0.0,0.0,4.658816484347842e-13,,-4.650613862621341e-13,-2.7633627272834437e-14,,,,,,8.827494904776954e-15,,-7.850462293418781e-16,-8.792517768629142e-15
weak_grid,ANALYTICAL_REFERENCE,C,9,540.0,zero,5.215567340502509e-14,,-4.066539467990977e-14,3.265792314062252e-14,8.440966589174593e-14,,-6.782799421513907e-14,5.02429586778808e-14,1.1234667099445442e-14,,5.02429586778808e-15,-1.004859173557616e-14,0.0,,0.0,0.0,2.959887065616442e-13,,2.1730079628183446e-13,-2.009718347115232e-13,,,,,,2.3385946088361584e-14,,2.2138303667441227e-14,-7.536443801682118e-15
weak_grid,ANALYTICAL_REFERENCE,C,10,600.0,positive,1.594224596611486e-13,,-1.5700924586837749e-13,2.7633627272834437e-14,1.4879043129221205e-13,,-1.4570458016585432e-13,3.014577520672848e-14,4.768766534890505e-14,,-4.60037090394346e-14,1.25607396694702e-14,0.0,,0.0,0.0,3.9192728338894116e-13,,3.9189507768747024e-13,-5.02429586778808e-15,,,,,,3.783140955873187e-14,,3.469904333691143e-14,-1.5072887603364242e-14
weak_grid,ANALYTICAL_REFERENCE,C,11,660.0,negative,9.000000000000037,-130.0000000000075,-5.785088487179781,-6.894399988070074,5.645919835751847,-129.72984035171106,-3.608693794588246,-4.3420893459988195,3.354248570331472,-130.4547397268594,-2.1763946925915048,-2.552310642071269,0.0,,0.0,0.0,9.367953749172829,-41.11122513737051,7.058140371263582,-6.159643816502739,37.26942855923842,62.732442619464706,37.26825474063866,62.73174525936125,-0.0,3.356621199780979e-14,3.729579110867739e-13,-3.019806626980426e-14,1.4654943925052066e-14
weak_grid,ANALYTICAL_REFERENCE,C,12,720.0,zero,4.52883909360294e-14,,3.7682219008410597e-14,-2.51214793389404e-14,7.105427357601e-14,,7.034014214903311e-14,-1.004859173557616e-14,3.160842192300039e-14,,-2.951773822325497e-14,-1.130466570252318e-14,0.0,,0.0,0.0,1.242942153434676e-13,,-3.014577520672848e-14,1.2058310082691391e-13,,,,,,4.90512564663137e-15,,-3.140184917367544e-15,-3.768221900841059e-15
weak_grid,ANALYTICAL_REFERENCE,C,13,780.0,positive,6.999999999999858,150.00000000005133,-6.062177826494082,3.4999999999944995,4.507026729676604,150.23209714087724,-3.9122962593673334,2.2376836060890635,2.4930771008923394,149.58040828086902,-2.1498815671269242,1.262316393905122,0.0,,0.0,0.0,8.837206126937675,-120.93683123266352,-4.5431434462162645,-7.579977556502853,35.61538715560557,64.38609613823851,35.61443213160588,64.38556786839405,-0.0,3.596503014564724e-13,5.137861449378282e-12,1.7541523789077473e-13,3.1397107136399427e-13
weak_grid,ANALYTICAL_REFERENCE,C,14,840.0,negative,6.591696189872021e-14,,-3.391399710756954e-14,-5.65233285126159e-14,9.163530927336394e-14,,-5.212706962830133e-14,-7.536443801682119e-14,3.1102497278041094e-14,,1.5700924586837748e-14,2.6848581043492553e-14,0.0,,0.0,0.0,8.544996511834094e-14,,-2.51214793389404e-15,8.541302975239736e-14,,,,,,8.392287393450225e-15,,2.5121479338940446e-15,-8.007471539287258e-15
weak_grid,ANALYTICAL_REFERENCE,C,15,900.0,zero,1.5822801016540193e-13,,1.0551021322354968e-13,-1.179139436471515e-13,9.49584078901498e-14,,6.531584628124504e-14,-6.892705893621771e-14,6.288533915666476e-14,,3.014577520672848e-14,-5.518874992273469e-14,0.0,,0.0,0.0,2.463954854817942e-13,,-1.9092324297594702e-13,1.5575317190143048e-13,,,,,,1.1808358394528672e-14,,1.004859173557616e-14,6.201865211800905e-15
weak_grid,ANALYTICAL_REFERENCE,C,16,960.0,positive,1.7547762414164653e-13,,-1.3314384049638411e-13,-1.1430273099217881e-13,1.4836567898030567e-13,,-1.3063169256249008e-13,-7.034014214903311e-14,6.156764781279299e-14,,1.570092458683775e-15,-6.154762438040397e-14,0.0,,0.0,0.0,6.027689443585101e-13,,4.622352198365034e-13,3.868707818196821e-13,,,,,,1.8052649707714106e-14,,-4.08224039257781e-15,1.758503553725827e-14
weak_grid,ANALYTICAL_REFERENCE,C,17,1020.0,negative,2.0253584144909416e-14,,-2.009718347115232e-14,2.51214793389404e-15,1.5888218580782545e-14,,-1.507288760336424e-14,5.02429586778808e-15,3.265792314062252e-14,,1.25607396694702e-14,-3.014577520672848e-14,0.0,,0.0,0.0,1.03578512786223e-13,,8.038873388460928e-14,-6.531584628124504e-14,,,,,,3.2754401705733774e-14,,-1.7585035537258278e-14,2.7633627272834437e-14
weak_grid,ANALYTICAL_REFERENCE,C,18,1080.0,zero,1.1105427228263348e-13,,7.662051198376821e-14,8.038873388460928e-14,3.316130428493563e-14,,2.637755330588742e-14,2.009718347115232e-14,8.464589641136179e-14,,6.594388326471854e-14,5.306912510351159e-14,0.0,,0.0,0.0,2.1463801355982374e-14,,7.53644380168212e-15,2.009718347115232e-14,,,,,,1.7282432127432342e-14,,-1.570092458683775e-14,7.222425309945367e-15
weak_grid,ANALYTICAL_REFERENCE,C,19,1140.0,positive,1.307101736104603e-13,,-8.79251776862914e-14,-9.671769545492053e-14,1.458344609643361e-13,,-1.0802236115744371e-13,-9.797376942186756e-14,1.0658141036401501e-14,,-7.53644380168212e-15,-7.53644380168212e-15,0.0,,0.0,0.0,2.481819080425819e-13,,2.311176099182517e-13,9.043732562018544e-14,,,,,,2.8998719367682407e-14,,2.7633627272834437e-14,8.79251776862915e-15
weak_grid,ANALYTICAL_REFERENCE,C,20,1200.0,negative,2.1326364214292322e-13,,-1.7459428140563578e-13,-1.2246721177733443e-13,2.169774615567017e-13,,-1.6077746776921855e-13,-1.4570458016585432e-13,2.161031364628563e-14,,-1.25607396694702e-14,1.7585035537258278e-14,0.0,,0.0,0.0,5.144692516756991e-13,,4.371137404975629e-13,2.713119768605563e-13,,,,,,5.79021488995816e-15,,-1.2560739669470318e-15,5.652332851261604e-15
weak_grid,ANALYTICAL_REFERENCE,C,21,1260.0,zero,2.6227594425580137e-14,,2.51214793389404e-14,7.53644380168212e-15,4.2632564145606005e-14,,3.014577520672848e-14,3.014577520672848e-14,3.8841942294833626e-14,,1.507288760336424e-14,-3.579810805799007e-14,0.0,,0.0,0.0,2.1131928005449722e-13,,-2.009718347115232e-13,-6.531584628124504e-14,,,,,,2.4038315520734623e-14,,-2.009718347115232e-14,1.318877665294371e-14
weak_grid,ANALYTICAL_REFERENCE,C,22,1320.0,positive,1.7200418422064278e-13,,-2.009718347115232e-14,-1.7082605950479472e-13,1.7961857727342385e-13,,6.908406818208609e-14,-1.6580176363700662e-13,9.647729488494104e-14,,-9.640367696318378e-14,-3.76822190084106e-15,0.0,,0.0,0.0,4.421665825794341e-13,,-5.02429586778808e-15,4.42138036365351e-13,,,,,,7.330835502736478e-15,,7.222425309945373e-15,-1.2560739669470357e-15
weak_grid,ANALYTICAL_REFERENCE,C,23,1380.0,negative,6.156044012742063e-14,,1.25607396694702e-15,-6.154762438040397e-14,9.475868959455995e-14,,5.212706962830133e-14,-7.913265991766226e-14,4.362484308104375e-14,,-4.333455185967219e-14,5.02429586778808e-15,0.0,,0.0,0.0,1.8115356374411764e-13,,-1.004859173557616e-14,1.8087465124037088e-13,,,,,,1.4648213755271163e-14,,-7.536443801682124e-15,1.2560739669470204e-14
weak_grid,ANALYTICAL_REFERENCE,C,24,1440.0,zero,2.1836910037548746e-13,,-2.009718347115232e-13,8.541302975239736e-14,1.9797016819003387e-13,,-1.5700924586837749e-13,1.2058310082691391e-13,4.902410993958957e-14,,-4.333455185967219e-14,-2.2923349896783115e-14,0.0,,0.0,0.0,5.662316799957295e-13,,5.074538826465961e-13,-2.5121479338940397e-13,,,,,,1.226281411657843e-14,,-6.280369834735151e-16,-1.224672117773344e-14
weak_grid,ANALYTICAL_REFERENCE,C,25,1500.0,positive,1.0186597247009026e-13,,1.0174199132270861e-13,-5.02429586778808e-15,1.056750376480737e-13,,1.0519619473181292e-13,-1.004859173557616e-14,1.507288760336424e-14,,1.507288760336424e-14,0.0,0.0,,0.0,0.0,3.11992187108958e-13,,-3.0145775206728477e-13,-8.038873388460928e-14,,,,,,1.9196266573252342e-14,,-1.8527091012468547e-14,5.02429586778808e-15
low_quality,ANALYTICAL_REFERENCE,A,1,60.0,positive,99.99999999999997,-179.99999999999935,-99.99999999999997,-1.1681487892607286e-12,107.71785423117035,-160.38510280019125,-101.46700888734901,-36.1605064624695,36.19025203971392,87.67682044060503,1.467008887348269,36.160506462471716,0.0,,0.0,0.0,277.95138898270943,-1.7263701081660208,277.82522698813557,-8.373642362102581,36.190252039713926,107.71785423117038,-1.4670088873486917,101.46700888734948,-0.0,3.468639361669336e-12,3.468639361669337e-12,7.696066006701585e-13,-3.382183422218077e-12
low_quality,ANALYTICAL_REFERENCE,A,2,120.0,negative,9.820699276137158e-14,,-3.5170071074516555e-14,9.169339958713246e-14,8.651423159652382e-14,,-3.7682219008410597e-14,7.787658595071524e-14,1.9479273482635503e-14,,1.946914648767881e-14,-6.2803698347351e-16,0.0,,0.0,0.0,2.879232793781456e-13,,1.4068028429806622e-13,-2.5121479338940397e-13,,,,,,2.2275401441590592e-14,,-1.695699855378477e-14,1.4444850619890727e-14
low_quality,ANALYTICAL_REFERENCE,A,3,180.0,zero,1.1535382849852892e-13,,9.42055475210265e-14,6.657192024819206e-14,1.1998629721882187e-13,,8.79251776862914e-14,8.164480785155629e-14,1.632896157031126e-14,,-1.632896157031126e-14,0.0,0.0,,0.0,0.0,3.924100517305099e-13,,-3.8184648595189405e-13,-9.043732562018544e-14,,,,,,2.7173034561617643e-14,,2.260933140504636e-14,-1.5072887603364236e-14
low_quality,ANALYTICAL_REFERENCE,A,4,240.0,positive,1.289190287802731e-13,,1.2309524876080795e-13,-3.8310255991884105e-14,8.271273300120861e-14,,8.038873388460928e-14,-1.946914648767881e-14,3.3796126199946265e-14,,3.320745550116184e-14,-6.2803698347351e-15,0.0,,0.0,0.0,3.421247770022309e-13,,-3.4165211900958944e-13,-1.797755865192922e-14,,,,,,1.5748152591801915e-14,,9.499059375036834e-15,-1.2560739669470195e-14
low_quality,ANALYTICAL_REFERENCE,A,5,300.0,negative,20.00000000000001,6.038093139528569e-12,20.00000000000001,2.1076921165370993e-12,4.102195869940084,-75.14414592558113,1.0517543366219912,-3.965075506311363,19.358663112169815,11.819065420989006,18.948245663377598,3.9650755063146494,0.0,,0.0,0.0,1.548666162408061,11.819065420987513,1.5158333365190346,0.31720053355138306,96.79331556084902,20.510979349700406,94.74122831689003,5.258771683107864,0.0,1.252144158406406e-12,6.2607207920320265e-12,4.227729277772596e-13,-1.1786127629420662e-12
low_quality,ANALYTICAL_REFERENCE,A,6,360.0,zero,9.636889339578156e-14,,-7.567845650855795e-14,5.966351342998344e-14,5.5406469519099076e-14,,-5.5267254545668874e-14,-3.925231146709437e-15,6.18544694449957e-14,,-3.014577520672848e-14,5.4011180578721856e-14,0.0,,0.0,0.0,3.0380376217364123e-13,,2.7884842066223843e-13,-1.2058310082691391e-13,,,,,,1.3656194505604573e-14,,9.734573243839402e-15,9.577563997971017e-15
low_quality,ANALYTICAL_REFERENCE,A,7,420.0,positive,14.000000000000012,20.00000000001416,13.155696691001546,4.788282006562618,9.459858263194034,19.351159644641843,8.925427900230554,3.1345901099675633,4.5420117713447885,21.35146628946207,4.23026879077102,1.653691896594803,0.0,,0.0,0.0,4.996379001532141,107.18102976462117,-1.4758891259272926,4.773421667412265,32.44294122389132,67.5704161656716,32.43391647227378,67.5660835277258,0.0,2.528580162228657e-13,1.806128687306182e-12,-2.7533531010703882e-14,2.5135449277513544e-13
low_quality,ANALYTICAL_REFERENCE,A,8,480.0,negative,1.0965721766439742e-13,,6.877004969034935e-14,8.541302975239736e-14,1.2611038926158386e-13,,1.0111395433923511e-13,7.536443801682119e-14,3.013432444111759e-14,,-2.51214793389404e-14,-1.6642980062048014e-14,0.0,,0.0,0.0,2.3188431818834713e-13,,1.8841109504205298e-14,-2.311176099182517e-13,,,,,,2.765146347637799e-14,,-7.222425309945364e-15,2.669157179762418e-14
low_quality,ANALYTICAL_REFERENCE,A,9,540.0,zero,1.1044883448157216e-13,,-1.0551021322354968e-13,3.265792314062252e-14,7.105427357601e-14,,-7.034014214903311e-14,1.004859173557616e-14,1.6898746926621696e-14,,1.25607396694702e-14,-1.130466570252318e-14,0.0,,0.0,0.0,9.205884700778346e-14,,3.014577520672848e-14,8.698312221108113e-14,,,,,,5.855245079491138e-14,,-4.773081074398677e-14,3.391399710756954e-14
low_quality,ANALYTICAL_REFERENCE,A,10,600.0,positive,1.2727011026514838e-13,,5.966351342998344e-14,1.1241862004175828e-13,6.451685490163533e-14,,-3.328596012409603e-14,5.5267254545668874e-14,1.0802966366623404e-13,,9.922984338881458e-14,-4.270651487619868e-14,0.0,,0.0,0.0,1.2538739107683342e-13,,-2.3865405371993378e-14,-1.2309524876080795e-13,,,,,,1.000551813636218e-13,,-6.2803698347351005e-15,9.985788037228809e-14
low_quality,ANALYTICAL_REFERENCE,A,11,660.0,negative,8.999999999999941,-10.000000000005835,8.863269777109656,-1.5628335990032658,6.9393790485680436,-10.059403823342404,6.8327012696634535,-1.2120952682213404,2.0606372412707175,-9.799951974829451,2.030568507446047,-0.3507383307825453,0.0,,0.0,0.0,5.757058536619431,78.55921139099992,1.1419421571785693,5.64266702045416,22.895969347452564,77.10421165075654,22.89582979037375,77.10417020962575,0.0,6.389744714885027e-13,7.099716349872299e-12,1.5498713423767185e-13,6.198930257994562e-13
low_quality,ANALYTICAL_REFERENCE,A,12,720.0,zero,4.52883909360294e-14,,-1.507288760336424e-14,4.270651487619868e-14,1.2060926619574241e-13,,-1.2058310082691391e-13,-2.51214793389404e-15,4.029360185634929e-14,,-2.826166425630795e-15,4.019436694230464e-14,0.0,,0.0,0.0,3.4166135472274944e-13,,3.4165211900958944e-13,-2.51214793389404e-15,,,,,,1.0845282248267418e-13,,1.0833637964918047e-13,5.024295867788083e-15
low_quality,ANALYTICAL_REFERENCE,A,13,780.0,positive,7.0000000000000435,30.000000000069008,6.062177826486892,3.500000000007323,5.483671415060252,29.973142316800114,4.750283478850597,2.7396092894622726,1.516331366174027,30.09712835754083,1.311894347637878,0.7603907105422697,0.0,,0.0,0.0,5.3760868898550465,118.80421394328769,-2.590296092678078,4.710910357831911,21.661876659628824,78.33816307228882,21.661845534382067,78.33815446561765,0.0,3.19954010810429e-12,4.5707715830061e-11,-1.5825118993006981e-12,2.7807756097786296e-12
low_quality,ANALYTICAL_REFERENCE,A,14,840.0,negative,1.1519129679046948e-13,,1.1241862004175828e-13,2.51214793389404e-14,1.8794157574144156e-13,,1.1555880495912584e-13,1.4821672809974835e-13,3.3482382739766443e-14,,-3.1401849173675496e-14,-1.1618684194259935e-14,0.0,,0.0,0.0,4.765406241946042e-13,,-3.215549355384371e-13,-3.517007107451656e-13,,,,,,1.1500324392857803e-13,,2.8261664256307933e-14,-1.1147656456654802e-13
low_quality,ANALYTICAL_REFERENCE,A,15,900.0,zero,1.132209773400735e-14,,-3.76822190084106e-15,1.067662871904967e-14,8.050885434378285e-14,,8.038873388460928e-14,4.396258884314569e-15,8.819895687590385e-14,,-6.029155041345696e-14,6.437379080603477e-14,0.0,,0.0,0.0,3.679782254171932e-14,,-3.265792314062252e-14,-1.695699855378477e-14,,,,,,6.280448338867385e-14,,-2.3865405371993384e-14,-5.809342097129967e-14
low_quality,ANALYTICAL_REFERENCE,A,16,960.0,positive,1.0409511705222208e-13,,1.0299806528965563e-13,-1.507288760336424e-14,1.5150147490473668e-13,,9.797376942186756e-14,-1.1555880495912584e-13,1.1732699091047487e-13,,4.270651487619868e-14,1.0927843512439073e-13,0.0,,0.0,0.0,3.6577426033755243e-13,,-2.9140916033170863e-13,2.210690181826755e-13,,,,,,3.869441817768398e-14,,-3.768221900841061e-14,-8.792517768629123e-15
low_quality,ANALYTICAL_REFERENCE,A,17,1020.0,negative,5.96734289794683e-14,,3.893829297535762e-14,-4.521866281009272e-14,8.673279421411239e-14,,8.541302975239736e-14,-1.507288760336424e-14,1.7610251087506112e-14,,-1.130466570252318e-14,1.3502795144680464e-14,0.0,,0.0,0.0,2.1504925414350218e-13,,-1.3063169256249008e-13,1.7082605950479472e-13,,,,,,5.6054719632769926e-14,,-3.5170071074516555e-14,-4.3648570351408946e-14
low_quality,ANALYTICAL_REFERENCE,A,18,1080.0,zero,3.5198097273142463e-14,,-3.391399710756954e-14,9.420554752102649e-15,5.849853508292962e-14,,5.65233285126159e-14,1.507288760336424e-14,4.262801025326449e-14,,-4.262801025326449e-14,0.0,0.0,,0.0,0.0,1.4537937051962132e-13,,-1.3816813636417219e-13,4.521866281009272e-14,,,,,,4.814228393538423e-14,,-4.780931536692095e-14,-5.65233285126159e-15
low_quality,ANALYTICAL_REFERENCE,A,19,1140.0,positive,1.7931968162647086e-13,,1.1430273099217881e-13,1.3816813636417219e-13,1.1259916726473646e-13,,7.034014214903311e-14,8.79251776862914e-14,4.1268126317229786e-14,,3.014577520672848e-14,2.818315963337376e-14,0.0,,0.0,0.0,3.2045398608544476e-13,,-2.4116620165382783e-13,-2.1102042644709936e-13,,,,,,2.602958072938399e-14,,1.3816813636417225e-14,2.205979904450703e-14
low_quality,ANALYTICAL_REFERENCE,A,20,1200.0,negative,1.805234928290453e-13,,1.2811954462859604e-13,1.2717748915338577e-13,1.1580429779916287e-13,,4.7730810743986756e-14,1.0551021322354968e-13,9.066383310010084e-14,,8.918125165323841e-14,1.632896157031126e-14,0.0,,0.0,0.0,4.246941927666684e-13,,-1.8589894710815895e-13,-3.8184648595189405e-13,,,,,,1.0286202842291605e-14,,-8.792517768629123e-15,5.338314359524834e-15
low_quality,ANALYTICAL_REFERENCE,A,21,1260.0,zero,9.607198689254525e-14,,5.063548179255174e-14,-8.164480785155629e-14,7.550039007268128e-14,,5.4011180578721856e-14,-5.275510661177484e-14,4.089480552672362e-14,,-4.019436694230464e-14,-7.53644380168212e-15,0.0,,0.0,0.0,1.0055507575594317e-13,,-4.584669979356623e-14,8.949527014497517e-14,,,,,,4.2562611856056236e-14,,3.681866815613452e-14,-2.1353257438099337e-14
low_quality,ANALYTICAL_REFERENCE,A,22,1320.0,positive,1.8843726143271344e-13,,-1.5261298698406293e-13,1.1053450909133775e-13,2.1477028390837266e-13,,-1.9594753884373512e-13,8.79251776862914e-14,7.03744795404603e-14,,5.495323605393212e-14,4.39625888431457e-14,0.0,,0.0,0.0,6.557091099675361e-13,,5.401118057872185e-13,-3.717978942163179e-13,,,,,,2.4309574772580672e-14,,-1.1618684194259935e-14,-2.1353257438099343e-14
low_quality,ANALYTICAL_REFERENCE,A,23,1380.0,negative,1.0710010267206153e-13,,-1.004859173557616e-13,3.705418202493709e-14,8.906839896032207e-14,,-7.034014214903311e-14,5.4639217562195365e-14,8.449373463310848e-15,,6.2803698347351e-15,5.65233285126159e-15,0.0,,0.0,0.0,2.882369902749722e-13,,2.210690181826755e-13,-1.8495689163294868e-13,,,,,,4.3206936158509604e-14,,-3.6426145041463585e-14,-2.323736838851987e-14
low_quality,ANALYTICAL_REFERENCE,A,24,1440.0,zero,9.166973760662144e-14,,3.328596012409603e-14,-8.541302975239736e-14,7.246142549764705e-14,,-4.019436694230464e-14,-6.029155041345696e-14,7.506290039387684e-14,,7.410836404987418e-14,-1.1932702685996689e-14,0.0,,0.0,0.0,2.609741166162152e-13,,-1.2121113781038743e-13,2.311176099182517e-13,,,,,,1.3203721447146773e-14,,-6.280369834735151e-16,-1.3188776652943713e-14
low_quality,ANALYTICAL_REFERENCE,A,25,1500.0,positive,6.396118084022657e-14,,-2.135325743809934e-14,6.029155041345696e-14,3.0250266941902735e-14,,2.51214793389404e-15,3.014577520672848e-14,4.8469850251071804e-14,,-4.39625888431457e-14,-2.0411201962889073e-14,0.0,,0.0,0.0,1.3188178508919592e-13,,1.2560739669470198e-13,-4.019436694230464e-14,,,,,,5.440500642406348e-14,,2.009718347115232e-14,5.055697716961755e-14
low_quality,ANALYTICAL_REFERENCE,B,1,60.0,positive,100.0,59.99999999999867,50.000000000002004,86.60254037844271,107.71785423117012,79.61489719981004,19.417587233462147,105.95326057370063,36.190252039713904,-32.32317955939558,30.58241276653752,-19.35072019525731,0.0,,0.0,0.0,277.9513889827095,-121.7263701081668,-146.16440050185744,-236.41688320285016,36.190252039713904,107.71785423117014,-1.467008887347807,101.46700888734716,0.0,2.4162318894946107e-12,2.4162318894946107e-12,2.3376856006507296e-12,-6.110667527536862e-13
low_quality,ANALYTICAL_REFERENCE,B,2,120.0,negative,5.67600910580895e-14,,5.1499032644827815e-14,-2.3865405371993378e-14,2.51214793389404e-14,,2.009718347115232e-14,-1.507288760336424e-14,3.912524231977833e-14,,1.25607396694702e-14,-3.705418202493709e-14,0.0,,0.0,0.0,4.846883303472627e-14,,-4.1450440909251656e-14,2.51214793389404e-14,,,,,,3.396629320202205e-14,,1.8841109504205295e-14,2.826166425630795e-14
low_quality,ANALYTICAL_REFERENCE,B,3,180.0,zero,1.084178118126615e-13,,-4.7730810743986756e-14,-9.734573243839404e-14,1.1316522405473292e-13,,-1.7585035537258278e-14,-1.1179058305828478e-13,2.547039512208409e-14,,-2.3904657683460473e-14,8.792517768629139e-15,0.0,,0.0,0.0,2.692367519131791e-13,,1.9594753884373512e-13,1.8464287314121192e-13,,,,,,8.42023839334101e-15,,-6.241117523268006e-15,5.652332851261595e-15
low_quality,ANALYTICAL_REFERENCE,B,4,240.0,positive,7.465983629965759e-14,,7.285229008292716e-14,-1.632896157031126e-14,1.4624498918715837e-13,,1.4570458016585432e-13,1.25607396694702e-14,7.707858776888524e-14,,-7.25382715911904e-14,-2.6063534814150665e-14,0.0,,0.0,0.0,1.352833064392184e-13,,-1.2560739669470198e-13,-5.02429586778808e-14,,,,,,2.8435583831733396e-15,,-3.1401849173675755e-16,-2.826166425630796e-15
low_quality,ANALYTICAL_REFERENCE,B,5,300.0,negative,19.999999999999954,120.00000000001012,-10.000000000003036,17.320508075686966,4.102195869940039,44.855854074420904,2.9079789480779565,2.8933837272108476,19.358663112169832,131.81906542098005,-12.907978948078489,14.427124348478024,0.0,,0.0,0.0,1.548666162408293,131.81906542096812,-1.032620388408757,1.1541499105536406,96.79331556084938,20.510979349700243,94.74122831689486,5.258771683107112,0.0,3.146012717027875e-12,1.573006358513941e-11,-2.502886786714953e-12,-1.9060308886764687e-12
low_quality,ANALYTICAL_REFERENCE,B,6,360.0,zero,5.862650393847435e-14,,-4.207847789272517e-14,4.0822403925778147e-14,1.1926255301471394e-13,,-1.0362610227312915e-13,5.903547644650994e-14,5.3640667717442266e-14,,5.147940648909427e-14,-1.507288760336424e-14,0.0,,0.0,0.0,1.775512869411035e-13,,1.130466570252318e-13,-1.3691206239722518e-13,,,,,,1.054655265108706e-14,,1.0068217891309704e-14,-3.1401849173675534e-15
low_quality,ANALYTICAL_REFERENCE,B,7,420.0,positive,14.000000000000124,-99.99999999998975,-2.431074487334577,-13.78730854217147,9.45985826319416,-100.64884035533626,-1.748079284428379,-9.296942356230634,4.542011771344811,-98.64853371054099,-0.6829952029021849,-4.490366185941569,0.0,,0.0,0.0,4.996379001532205,-12.818970235379034,4.871848989917799,-1.1085533574839177,32.44294122389122,67.57041616567197,32.43391647227367,67.56608352772649,-0.0,4.0793608479772096e-12,2.913829177126553e-11,-4.013012144810091e-12,7.327471962526033e-13
low_quality,ANALYTICAL_REFERENCE,B,8,480.0,negative,1.6243257199107298e-13,,-1.5857933832706127e-13,-3.5170071074516555e-14,1.5056967699222245e-13,,-1.4609710328052525e-13,-3.642614504146358e-14,1.6247233007794927e-14,,1.2246721177733445e-14,-1.067662871904967e-14,0.0,,0.0,0.0,4.253252670430977e-13,,3.6928574628242385e-13,2.1102042644709936e-13,,,,,,2.7457433771826317e-14,,-2.4728956224269468e-14,1.1932702685996694e-14
low_quality,ANALYTICAL_REFERENCE,B,9,540.0,zero,1.0421629883604046e-13,,1.004859173557616e-13,-2.7633627272834437e-14,1.4776897460738367e-13,,1.2058310082691391e-13,-8.541302975239736e-14,2.7382700568288942e-14,,-2.198129442157285e-14,1.632896157031126e-14,0.0,,0.0,0.0,3.2358961836779653e-13,,-2.9140916033170863e-13,1.4068028429806622e-13,,,,,,4.1493239517358224e-14,,1.8841109504205295e-15,4.145044090925166e-14
low_quality,ANALYTICAL_REFERENCE,B,10,600.0,positive,8.720955563955665e-14,,5.02429586778808e-14,-7.128219762424338e-14,1.8082666982890254e-13,,9.797376942186756e-14,-1.5198495000058942e-13,4.241458822570976e-14,,-1.946914648767881e-14,3.7682219008410597e-14,0.0,,0.0,0.0,4.4689586636576036e-13,,-3.9189507768747024e-13,2.1478864834794042e-13,,,,,,5.1473177071149596e-14,,-2.8261664256307952e-14,4.302053336793544e-14
low_quality,ANALYTICAL_REFERENCE,B,11,660.0,negative,9.000000000000078,109.99999999999916,-3.0781812899309218,8.457233587073294,6.939379048568238,109.94059617666011,-2.3666453407454853,6.523340510109488,2.0606372412707064,110.20004802517329,-0.7115359491844785,1.933893076964156,0.0,,0.0,0.0,5.7570585366195175,-161.44078860900294,-5.457664063399406,-1.8323825924577926,22.895969347452095,77.10421165075753,22.895829790373277,77.10417020962673,0.0,1.020153030879958e-12,1.133503367644388e-11,-9.580114479490476e-13,-3.5060843117662444e-13
low_quality,ANALYTICAL_REFERENCE,B,12,720.0,zero,8.226085852327241e-14,,8.164480785155629e-14,1.004859173557616e-14,8.753459076287978e-14,,-1.9155127995942053e-14,8.541302975239736e-14,6.828313871090049e-14,,4.7730810743986756e-14,-4.88298754650654e-14,0.0,,0.0,0.0,1.9926892011852938e-13,,-1.6580176363700662e-13,-1.1053450909133775e-13,,,,,,5.933308561894624e-14,,5.3069125103511584e-14,-2.6534562551755805e-14
low_quality,ANALYTICAL_REFERENCE,B,13,780.0,positive,6.999999999999996,-89.9999999999576,5.181305113656457e-12,-6.999999999999996,5.483671415060184,-90.02685768318375,-0.002570498305589583,-5.483670812593205,1.5163313661740598,-89.90287164243881,0.002570498312905115,-1.5163291874067828,0.0,,0.0,0.0,5.376086889855286,-1.195786056694881,5.374916091172988,-0.11219295933153986,21.661876659629442,78.33816307228838,21.661845534382657,78.33815446561725,-0.0,2.134240175663234e-12,3.0489145366617654e-11,-2.134226823047314e-12,-7.549516567451064e-15
low_quality,ANALYTICAL_REFERENCE,B,14,840.0,negative,6.876359695285539e-14,,-6.782799421513907e-14,-1.130466570252318e-14,6.146104819030354e-14,,-6.029155041345696e-14,-1.1932702685996689e-14,3.0711666703521e-14,,3.925231146709437e-15,-3.0459793698465236e-14,0.0,,0.0,0.0,3.288899623337646e-13,,2.713119768605563e-13,1.8589894710815895e-13,,,,,,3.313341529530994e-14,,-1.1461674948391556e-14,3.1087830681938745e-14
low_quality,ANALYTICAL_REFERENCE,B,15,900.0,zero,1.2600283007175368e-13,,-8.541302975239736e-14,9.263545506234272e-14,1.4770489902096103e-13,,-1.1053450909133775e-13,9.797376942186756e-14,2.3341102430439336e-14,,1.5700924586837748e-14,-1.7271017045521523e-14,0.0,,0.0,0.0,3.275536505632312e-13,,3.0145775206728477e-13,-1.2811954462859604e-13,,,,,,1.5203165631859573e-14,,9.420554752102641e-15,1.1932702685996683e-14
low_quality,ANALYTICAL_REFERENCE,B,16,960.0,positive,1.1766939537721438e-13,,3.265792314062252e-14,1.130466570252318e-13,1.9435081132784725e-13,,6.782799421513907e-14,1.821307252073179e-13,6.594388326471854e-14,,-3.956632995883113e-14,-5.275510661177484e-14,0.0,,0.0,0.0,6.373136613004577e-13,,-1.5575317190143048e-13,-6.179883917379338e-13,,,,,,1.6910413304902296e-14,,4.396258884314574e-15,-1.6328961570311254e-14
low_quality,ANALYTICAL_REFERENCE,B,17,1020.0,negative,5.849853508292962e-14,,-5.65233285126159e-14,-1.507288760336424e-14,4.4387821735275877e-14,,-2.0725220454625828e-14,3.925231146709437e-14,3.14018491736755e-15,,1.88411095042053e-15,2.51214793389404e-15,0.0,,0.0,0.0,4.521866281009272e-14,,0.0,-4.521866281009272e-14,,,,,,6.819408804208043e-14,,-3.76822190084106e-14,-5.6837347004352655e-14
low_quality,ANALYTICAL_REFERENCE,B,18,1080.0,zero,1.2475666579389881e-13,,-6.657192024819206e-14,-1.0551021322354968e-13,7.950313203316807e-14,,-5.715136549608941e-14,-5.5267254545668874e-14,4.050716828981883e-14,,-5.02429586778808e-15,-4.019436694230464e-14,0.0,,0.0,0.0,2.1203481013823154e-13,,2.0599613057931126e-13,-5.02429586778808e-14,,,,,,1.0968194384045371e-14,,-4.396258884314571e-15,-1.0048591735576166e-14
low_quality,ANALYTICAL_REFERENCE,B,19,1140.0,positive,2.4428943382792783e-14,,7.53644380168212e-15,-2.323736838851987e-14,5.043492826291272e-14,,5.02429586778808e-14,-4.396258884314569e-15,3.7682219008410597e-14,,-3.014577520672848e-14,-2.260933140504636e-14,0.0,,0.0,0.0,1.0881001284812696e-13,,4.019436694230464e-14,1.0111395433923511e-13,,,,,,1.311379721279007e-14,,-1.2560739669470201e-14,3.768221900841059e-15
low_quality,ANALYTICAL_REFERENCE,B,20,1200.0,negative,4.949951486243539e-14,,4.019436694230464e-14,-2.888970123978146e-14,1.2762640235710088e-13,,1.2183917479386094e-13,3.7996237500147354e-14,9.185027463696616e-14,,-8.164480785155629e-14,-4.207847789272517e-14,0.0,,0.0,0.0,2.6116448077346145e-13,,-2.4807460847203644e-13,8.164480785155629e-14,,,,,,2.4807460847203644e-14,,-1.262177448353619e-29,-2.4807460847203644e-14
low_quality,ANALYTICAL_REFERENCE,B,21,1260.0,zero,6.908406818208609e-14,,-5.5267254545668874e-14,4.1450440909251656e-14,8.286281022897839e-14,,-8.038873388460928e-14,2.009718347115232e-14,5.720310336735898e-14,,1.8841109504205298e-14,5.4011180578721856e-14,0.0,,0.0,0.0,2.4121853239148483e-13,,2.4116620165382783e-13,-5.02429586778808e-15,,,,,,3.3256322543538374e-14,,6.280369834735104e-15,-3.265792314062252e-14
low_quality,ANALYTICAL_REFERENCE,B,22,1320.0,positive,2.046023261813367e-13,,1.9594753884373512e-13,5.887846720064156e-14,1.606645777408385e-13,,1.4444850619890729e-13,7.034014214903311e-14,4.627166632382044e-14,,2.2923349896783115e-14,-4.019436694230464e-14,0.0,,0.0,0.0,4.840188632223085e-13,,-4.807623108489719e-13,-5.605230077501076e-14,,,,,,4.052329248387868e-14,,2.857568274804472e-14,2.873269199391309e-14
low_quality,ANALYTICAL_REFERENCE,B,23,1380.0,negative,1.060102255565987e-13,,1.0551021322354968e-13,1.0284105604378726e-14,5.3659503389955936e-14,,5.02429586778808e-14,1.8841109504205298e-14,3.793780069502891e-14,,3.579810805799007e-14,-1.25607396694702e-14,0.0,,0.0,0.0,1.8261086546397674e-13,,-1.8087465124037088e-13,2.51214793389404e-14,,,,,,1.9876558179720653e-14,,1.946914648767881e-14,4.003735769643627e-15
low_quality,ANALYTICAL_REFERENCE,B,24,1440.0,zero,1.7128722890799497e-13,,1.7082605950479472e-13,-1.25607396694702e-14,2.013101624493153e-13,,1.9845968677762915e-13,-3.375698786170116e-14,5.716516684028868e-14,,-4.647473677703974e-14,3.328596012409603e-14,0.0,,0.0,0.0,3.1166837572216805e-13,,-3.1150634380286096e-13,1.004859173557616e-14,,,,,,2.2386347222022085e-14,,1.88411095042053e-14,-1.2089711931865071e-14
low_quality,ANALYTICAL_REFERENCE,B,25,1500.0,positive,8.290088181850331e-14,,-8.290088181850331e-14,0.0,8.055920868485643e-14,,-7.285229008292716e-14,-3.4385024845174674e-14,1.9420971147416813e-14,,1.7899054028995035e-14,-7.53644380168212e-15,0.0,,0.0,0.0,1.8398804082016867e-13,,1.5072887603364239e-13,1.0551021322354968e-13,,,,,,5.0383334916332707e-14,,-2.7947645764571188e-14,4.192146864685679e-14
low_quality,ANALYTICAL_REFERENCE,C,1,60.0,positive,99.99999999999986,-59.999999999998636,50.00000000000199,-86.60254037844255,107.71785423117022,-40.38510280019055,82.0494216538852,-69.79275411122984,36.19025203971396,-152.3231795593963,-32.04942165388643,-16.809786267213997,0.0,,0.0,0.0,277.9513889827089,118.27362989183463,-131.66082648628387,244.7905255649528,36.19025203971401,107.71785423117038,-1.4670088873499627,101.46700888734948,-0.0,3.458265219558273e-12,3.4582652195582777e-12,3.211653165635653e-12,1.2825296380469808e-12
low_quality,ANALYTICAL_REFERENCE,C,2,120.0,negative,6.911831625566733e-14,,2.260933140504636e-14,-6.531584628124504e-14,1.1761575079025625e-13,,4.019436694230464e-14,-1.1053450909133775e-13,4.639626951352401e-14,,-3.014577520672848e-14,3.5268201853184295e-14,0.0,,0.0,0.0,2.2958338407482174e-13,,-9.043732562018544e-14,2.1102042644709936e-13,,,,,,1.602447672465972e-14,,1.2560739669470201e-14,9.950460956908413e-15
low_quality,ANALYTICAL_REFERENCE,C,3,180.0,zero,4.016491691983153e-14,,-3.579810805799007e-14,1.821307252073179e-14,8.662947124476059e-14,,-8.362704958064457e-14,2.260933140504636e-14,3.017193206649265e-14,,3.014577520672848e-14,-1.25607396694702e-15,0.0,,0.0,0.0,1.9718361061846194e-13,,1.4068028429806622e-13,-1.3816813636417219e-13,,,,,,1.7959819939853607e-14,,1.7683166315926017e-14,-3.140184917367551e-15
low_quality,ANALYTICAL_REFERENCE,C,4,240.0,positive,1.8336959187428107e-13,,-1.8087465124037088e-13,3.014577520672848e-14,2.1604472231488743e-13,,-2.1604472231488743e-13,0.0,3.630140688970195e-14,,1.821307252073179e-14,3.1401849173675496e-14,0.0,,0.0,0.0,5.753372870155728e-13,,5.742613167635907e-13,3.5170071074516555e-14,,,,,,1.7003456171128864e-14,,1.6956998553784753e-14,-1.2560739669470176e-15
low_quality,ANALYTICAL_REFERENCE,C,5,300.0,negative,19.999999999999947,-119.99999999999815,-9.999999999999414,-17.320508075689048,4.10219586994015,164.85585407442554,-3.95973328470027,1.0716917791001457,19.358663112169772,-108.1809345790148,-6.040266715298077,-18.392199854790206,0.0,,0.0,0.0,1.5486661624083637,-108.18093457901595,-0.48321294811022464,-1.4713504441047598,96.79331556084912,20.510979349700804,94.74122831689002,5.258771683111716,-0.0,1.4707336233923939e-12,7.35366811696199e-12,-1.0667022820598504e-12,1.0125233984581428e-12
low_quality,ANALYTICAL_REFERENCE,C,6,360.0,zero,1.6861009380463386e-13,,1.325158035129106e-13,-1.0425413925660266e-13,1.68450945949414e-13,,1.4130832128153974e-13,-9.169339958713246e-14,3.86140611498048e-14,,-2.009718347115232e-14,-3.297194163235927e-14,0.0,,0.0,0.0,4.95228168601528e-13,,-3.849866708692616e-13,3.1150634380286096e-13,,,,,,2.333265163275813e-14,,1.1304665702523183e-14,2.041120196288907e-14
low_quality,ANALYTICAL_REFERENCE,C,7,420.0,positive,14.000000000000101,140.0000000000176,-10.724622203668533,8.999026535608325,9.459858263194063,139.35115964464518,-7.177348615799025,6.162352246261877,4.5420117713448676,141.35146628944003,-3.5472735878680486,2.8366742893481938,0.0,,0.0,0.0,4.9963790015324925,-132.8189702353859,-3.39595986399114,-3.664868309928216,32.44294122389168,67.57041616567139,32.433916472274475,67.56608352772557,-0.0,2.2753602663020923e-12,1.625257333072911e-11,-1.4588330543574557e-12,-1.7461587731304462e-12
low_quality,ANALYTICAL_REFERENCE,C,8,480.0,negative,1.0135551853865988e-13,,8.729714070281789e-14,-5.1499032644827815e-14,9.0236479672532e-14,,5.65233285126159e-14,-7.034014214903311e-14,3.041940178241625e-14,,1.515139222629843e-14,2.637755330588742e-14,0.0,,0.0,0.0,4.269987610163935e-13,,-4.2235487138593547e-13,-6.280369834735099e-14,,,,,,1.7345258450207237e-14,,1.5622419963903565e-14,-7.536443801682124e-15
low_quality,ANALYTICAL_REFERENCE,C,9,540.0,zero,5.215567340502509e-14,,-4.066539467990977e-14,3.265792314062252e-14,7.038498763790439e-14,,-7.034014214903311e-14,2.51214793389404e-15,5.338314359524835e-15,,-2.51214793389404e-15,-4.7102773760513246e-15,0.0,,0.0,0.0,3.365246967958346e-13,,2.5372694132329803e-13,-2.210690181826755e-13,,,,,,4.744407905459112e-14,,3.2186895403017384e-14,3.4856052582779804e-14
low_quality,ANALYTICAL_REFERENCE,C,10,600.0,positive,1.594224596611486e-13,,-1.5700924586837749e-13,2.7633627272834437e-14,1.8081358177963183e-13,,-1.7710642933952982e-13,3.642614504146358e-14,6.951113361456555e-14,,-6.672892949406044e-14,1.946914648767881e-14,0.0,,0.0,0.0,4.010949233874099e-13,,3.9189507768747024e-13,-8.541302975239736e-14,,,,,,9.130988752147362e-14,,8.682611296521277e-14,-2.8261664256307952e-14
low_quality,ANALYTICAL_REFERENCE,C,11,660.0,negative,9.000000000000037,-130.0000000000075,-5.785088487179781,-6.894399988070074,6.939379048568113,-130.05940382334356,-4.466055928918472,-5.311245241888031,2.060637241270793,-129.79995197483376,-1.319032558261824,-1.583154746181614,0.0,,0.0,0.0,5.757058536619006,-41.44078860900222,4.315721906220204,-3.8102844279960024,22.89596934745316,77.1042116507565,22.895829790374343,77.10417020962569,-0.0,6.700643247263215e-13,7.445159163625763e-12,5.149214388211476e-13,-4.2876813211023546e-13
low_quality,ANALYTICAL_REFERENCE,C,12,720.0,zero,4.52883909360294e-14,,3.7682219008410597e-14,-2.51214793389404e-14,9.429761462333627e-14,,7.034014214903311e-14,6.280369834735099e-14,4.5118239836266e-14,,-2.826166425630795e-14,3.5170071074516555e-14,0.0,,0.0,0.0,1.6357922210689449e-13,,-1.1053450909133775e-13,1.2058310082691391e-13,,,,,,1.2317372836633267e-13,,-4.396258884314565e-15,-1.2309524876080795e-13
low_quality,ANALYTICAL_REFERENCE,C,13,780.0,positive,6.999999999999858,150.00000000005133,-6.062177826494082,3.4999999999944995,5.483671415060109,149.97314231682023,-4.747712980544302,2.744061523129262,1.5163313661739921,150.0971283575641,-1.3144648459505206,0.7559384768639305,0.0,,0.0,0.0,5.376086889855135,-121.1957860567214,-2.7846199984954114,-4.598717398498376,21.6618766596289,78.33816307228886,21.66184553438211,78.3381544656177,-0.0,1.5020422466383358e-12,2.145774638054809e-11,7.400746682151293e-13,1.3070655668911968e-12
low_quality,ANALYTICAL_REFERENCE,C,14,840.0,negative,6.591696189872021e-14,,-3.391399710756954e-14,-5.65233285126159e-14,9.348473425373246e-14,,-1.821307252073179e-14,-9.169339958713246e-14,5.3096771620197505e-14,,4.207847789272517e-14,3.238315696035286e-14,0.0,,0.0,0.0,1.231977427408971e-13,,-5.02429586778808e-15,1.2309524876080795e-13,,,,,,5.784657501680672e-14,,-5.777940247956292e-14,2.7869141141637043e-15
low_quality,ANALYTICAL_REFERENCE,C,15,900.0,zero,1.5822801016540193e-13,,1.0551021322354968e-13,-1.179139436471515e-13,1.0032399377213745e-13,,6.531584628124504e-14,-7.614948424616309e-14,5.961644373690817e-14,,4.7730810743986756e-14,-3.571960343505588e-14,0.0,,0.0,0.0,2.8241559922085676e-13,,-2.4116620165382783e-13,1.4696065413280132e-13,,,,,,9.661173263366253e-15,,-7.536443801682118e-15,-6.044855965932532e-15
low_quality,ANALYTICAL_REFERENCE,C,16,960.0,positive,1.7547762414164653e-13,,-1.3314384049638411e-13,-1.1430273099217881e-13,1.429939672270429e-13,,-1.3565598843027815e-13,-4.521866281009272e-14,5.449103088813688e-14,,2.3865405371993378e-14,-4.898688471093378e-14,0.0,,0.0,0.0,5.449682133827682e-13,,4.119922611586225e-13,3.5672500661295365e-13,,,,,,2.932334201094587e-14,,-2.1353257438099343e-14,-2.0097183471152313e-14
low_quality,ANALYTICAL_REFERENCE,C,17,1020.0,negative,2.0253584144909416e-14,,-2.009718347115232e-14,2.51214793389404e-15,2.0715702557244597e-14,,-2.009718347115232e-14,5.02429586778808e-15,3.8958546965271006e-14,,3.642614504146358e-14,-1.3816813636417219e-14,0.0,,0.0,0.0,8.788928253162695e-14,,7.536443801682119e-14,-4.521866281009272e-14,,,,,,3.813999881000976e-14,,-3.642614504146358e-14,1.1304665702523179e-14
low_quality,ANALYTICAL_REFERENCE,C,18,1080.0,zero,1.1105427228263348e-13,,7.662051198376821e-14,8.038873388460928e-14,4.756939674440356e-14,,3.202988615714901e-14,3.5170071074516555e-14,6.864016139573459e-14,,5.777940247956292e-14,3.705418202493709e-14,0.0,,0.0,0.0,6.050053388380548e-14,,-4.521866281009272e-14,4.019436694230464e-14,,,,,,1.5511369252661383e-14,,-1.3188776652943722e-14,8.164480785155633e-15
low_quality,ANALYTICAL_REFERENCE,C,19,1140.0,positive,1.307101736104603e-13,,-8.79251776862914e-14,-9.671769545492053e-14,1.2794702616765437e-13,,-9.294947355407948e-14,-8.79251776862914e-14,1.4043333874306804e-14,,1.25607396694702e-14,6.2803698347351e-15,0.0,,0.0,0.0,2.2497403334380638e-13,,1.9594753884373512e-13,1.1053450909133775e-13,,,,,,1.685200064916816e-14,,-7.536443801682116e-15,-1.5072887603364236e-14
low_quality,ANALYTICAL_REFERENCE,C,20,1200.0,negative,2.1326364214292322e-13,,-1.7459428140563578e-13,-1.2246721177733443e-13,2.0382872328101796e-13,,-1.5324102396753642e-13,-1.3439991446333115e-13,2.821277464851695e-14,,-8.16448078515563e-15,2.7005590289360928e-14,0.0,,0.0,0.0,4.980392676792194e-13,,4.270651487619868e-13,2.562390892571921e-13,,,,,,2.0028374130340294e-14,,-1.3188776652943732e-14,-1.5072887603364217e-14
low_quality,ANALYTICAL_REFERENCE,C,21,1260.0,zero,2.6227594425580137e-14,,2.51214793389404e-14,7.53644380168212e-15,3.657742603375524e-14,,1.004859173557616e-14,3.5170071074516555e-14,3.1401849173675496e-14,,8.792517768629139e-15,-3.014577520672848e-14,0.0,,0.0,0.0,2.471626761877997e-13,,-2.210690181826755e-13,-1.1053450909133775e-13,,,,,,6.764165321960922e-15,,6.2803698347351005e-15,2.5121479338940415e-15
low_quality,ANALYTICAL_REFERENCE,C,22,1320.0,positive,1.7200418422064278e-13,,-2.009718347115232e-14,-1.7082605950479472e-13,1.807393982650216e-13,,5.903547644650994e-14,-1.7082605950479472e-13,7.719044646034543e-14,,-7.693453047550497e-14,6.2803698347351e-15,0.0,,0.0,0.0,3.842272572927134e-13,,-4.270651487619868e-14,3.8184648595189405e-13,,,,,,6.653932544407804e-15,,-2.1981294421572902e-15,-6.2803698347351e-15
low_quality,ANALYTICAL_REFERENCE,C,23,1380.0,negative,6.156044012742063e-14,,1.25607396694702e-15,-6.154762438040397e-14,7.775747171858434e-14,,4.584669979356623e-14,-6.280369834735099e-14,3.5406194175727786e-14,,-3.5170071074516555e-14,4.082240392577815e-15,0.0,,0.0,0.0,1.4605067229279076e-13,,1.004859173557616e-14,1.4570458016585432e-13,,,,,,9.835347909592558e-15,,-9.420554752102657e-15,-2.8261664256307974e-15
low_quality,ANALYTICAL_REFERENCE,C,24,1440.0,zero,2.1836910037548746e-13,,-2.009718347115232e-13,8.541302975239736e-14,1.8228225730418476e-13,,-1.5826531983532452e-13,9.043732562018544e-14,5.2130852846336445e-14,,-4.8358847727460265e-14,-1.946914648767881e-14,0.0,,0.0,0.0,5.359772264241118e-13,,4.622352198365034e-13,-2.713119768605563e-13,,,,,,1.551136925266137e-14,,5.652332851261592e-15,1.4444850619890727e-14
low_quality,ANALYTICAL_REFERENCE,C,25,1500.0,positive,1.0186597247009026e-13,,1.0174199132270861e-13,-5.02429586778808e-15,9.205884700778346e-14,,8.698312221108113e-14,-3.014577520672848e-14,2.7173034561617647e-14,,2.260933140504636e-14,1.507288760336424e-14,0.0,,0.0,0.0,2.474178777799828e-13,,-2.1604472231488743e-13,-1.2058310082691391e-13,,,,,,1.2751625546912878e-14,,-7.850462293418882e-15,1.004859173557616e-14
