case,origin,phase,order,frequency_hz,sequence,Iload_rms,Iload_angle_deg,Iload_real,Iload_imag,Iload_theory_error_pct,Isystem_rms,Isystem_angle_deg,Isystem_real,Isystem_imag,Isystem_theory_error_pct,Ifilter_rms,Ifilter_angle_deg,Ifilter_real,Ifilter_imag,Ifilter_theory_error_pct,Ilinear_rms,Ilinear_angle_deg,Ilinear_real,Ilinear_imag,Ilinear_theory_error_pct,Vpcc_rms,Vpcc_angle_deg,Vpcc_real,Vpcc_imag,Vpcc_theory_error_pct,filter_magnitude_pct,system_magnitude_pct,filter_projection_pct,system_projection_pct,linear_projection_pct,kcl_error_a,kcl_error_pct,kcl_real_a,kcl_imag_a
without_filter,PSCAD_EMTDC,A,1,60.0,positive,99.9999999997614,-179.99999998842426,-99.9999999997614,-2.020348338200412e-08,2.0204880004693435e-08,100.00000000003644,-179.99999998842858,-100.00000000003644,-2.019592866625145e-08,2.0196684938379936e-08,2.7523096678881147e-10,,2.7512767567898515e-10,-7.539705231838631e-12,,0.0,,0.0,0.0,,275.2314236136699,-1.5697864632730725,275.1281292205403,-7.539831298714326,3.2445800675349594e-06,2.7523096678946815e-10,100.00000000027504,-2.7512767567811826e-10,100.00000000027502,-0.0,9.202597016576994e-14,9.20259701659895e-14,-9.079352096557022e-14,-1.5010520831261597e-14
without_filter,PSCAD_EMTDC,A,2,120.0,negative,5.845434350146845e-11,,5.579229346385273e-11,1.7439330957092424e-11,,5.839934546388834e-11,,5.5737026209307063e-11,1.7431794513290744e-11,,7.251427296065218e-17,,4.289255051595871e-18,-7.238730602884964e-17,,0.0,,0.0,0.0,,3.904259001224634e-09,,3.904244662869686e-09,1.0581167097561697e-11,,,,,,,5.5784313597437177e-14,,5.5262965290613693e-14,7.608831107709011e-15
without_filter,PSCAD_EMTDC,A,3,180.0,zero,2.061040366958372e-11,,-6.534724813041871e-12,1.9547023073629524e-11,,2.0576832436029094e-11,,-6.511487444653351e-12,1.951938944635669e-11,,1.5687148594083417e-16,,-1.3027939292622362e-17,-1.5632957461425231e-16,,0.0,,0.0,0.0,,2.707265192217975e-09,,2.7071848191117384e-09,-2.0860876443056106e-11,,,,,,,3.62167321950055e-14,,-2.3224340449227135e-14,2.7789956847450128e-14
without_filter,PSCAD_EMTDC,A,4,240.0,positive,1.1221713431077715e-10,,-1.0968163486778073e-10,2.3719700791827525e-11,,1.122091267084254e-10,,-1.0966719001716083e-10,2.3748590493067305e-11,,8.565502787349888e-17,,3.2664239444057334e-18,-8.559272325744334e-17,,0.0,,0.0,0.0,,1.91100361831412e-09,,1.909623068763191e-09,-7.26261967688767e-11,,,,,,,3.222459857848137e-14,,-1.4448117043845652e-14,-2.8804108516522436e-14
without_filter,PSCAD_EMTDC,A,5,300.0,negative,20.00000000014253,-1.9975293131137875e-07,20.00000000014253,-6.972692683836958e-08,3.486353625745869e-07,20.000000000142073,-1.9977455041959668e-07,20.000000000142073,-6.9734473330763e-08,3.486730902454487e-07,7.550665913626371e-12,,4.001186433068583e-13,7.540057082706831e-12,,0.0,,0.0,0.0,,7.550648182848626,86.96330088261746,0.40000002789632366,7.540045620474601,0.0029568117510338035,3.775332956786281e-11,99.9999999999977,2.0005930850837822e-12,99.9999999999977,0.0,5.853623667018384e-14,2.9268118334883337e-13,5.81814212584063e-14,6.435310704204058e-15
without_filter,PSCAD_EMTDC,A,6,360.0,zero,4.015174245898104e-10,,3.9679549326026816e-10,6.139689550437033e-11,,4.0160813539744445e-10,,3.9688106329926643e-10,6.143708987131264e-11,,7.062000337515708e-17,,1.1954812098198907e-17,6.96007711480552e-17,,0.0,,0.0,0.0,,1.324340588155411e-09,,1.311952929514592e-09,1.8071387377260165e-10,,,,,,,9.458046711973963e-14,,-8.558199381036668e-14,-4.026396771345948e-14
without_filter,PSCAD_EMTDC,A,7,420.0,positive,14.000000000108974,20.00000023570583,13.15569667140688,4.788282060717101,4.113850189080183e-07,14.000000000108702,20.000000235675696,13.155696671409144,4.78828206071009,4.1133242628850183e-07,7.394831567176606e-12,,-2.2642693065394068e-12,7.039646185311814e-12,,0.0,,0.0,0.0,,7.394757714356878,107.82999616802881,-2.26422847031597,7.039581741002172,0.005799581350628059,5.282022547942175e-11,99.99999999999807,1.9998833488029966e-12,99.99999999999808,0.0,2.8371785615348523e-14,2.026556115366263e-13,-5.856636959125475e-16,-2.8365740199025082e-14
without_filter,PSCAD_EMTDC,A,8,480.0,negative,8.286376470709257e-11,,-6.100248827874897e-11,-5.608119047625055e-11,,8.286536249560427e-11,,-6.101504901841843e-11,-5.6069885810548025e-11,,1.4729468827697227e-16,,1.6967965652035096e-17,1.4631409137961316e-16,,0.0,,0.0,0.0,,1.0173852782928936e-09,,1.0171686984336968e-09,-2.0991508135618596e-11,,,,,,,1.6984438371572378e-14,,1.2543771703813824e-14,-1.145097979390147e-14
without_filter,PSCAD_EMTDC,A,9,540.0,zero,2.8866123657068768e-11,,4.970284687209358e-12,-2.8435002463746636e-11,,2.889120947218638e-11,,4.986613648779669e-12,-2.8457611795151683e-11,,1.6488537444515996e-16,,-1.2704985479628305e-16,-1.0509767410444438e-16,,0.0,,0.0,0.0,,9.079021646989639e-10,,9.073802972787255e-10,3.0778836486069774e-11,,,,,,,2.7900667225518542e-14,,-1.6201911715514505e-14,2.271442907915139e-14
without_filter,PSCAD_EMTDC,A,10,600.0,positive,4.300546334188257e-11,,3.6903453148903444e-11,-2.208178033892861e-11,,4.3040565394307244e-11,,3.692857462824239e-11,-2.2108157892234498e-11,,2.423404301584892e-16,,5.845757645715062e-18,-2.4226991395332013e-16,,0.0,,0.0,0.0,,7.794981931535824e-10,,7.788512725369048e-10,3.175103773648677e-11,,,,,,,3.660597567017409e-14,,-2.5127325096590358e-14,2.6619823219841964e-14
without_filter,PSCAD_EMTDC,A,11,660.0,negative,9.000000000038769,-9.999999924047712,8.863269779219772,-1.5628335872597996,1.3256245035660956e-07,9.000000000038597,-9.999999924095535,8.863269779218298,-1.5628335872671677,1.324789757921607e-07,7.467544938798213e-12,,1.4737042048925862e-12,7.32068462163565e-12,,0.0,,0.0,0.0,,7.467663699146537,78.61881317562965,1.473634820344988,7.320819731411076,0.01432897048797104,8.297272154184494e-11,99.99999999999808,2.0010199188779093e-12,99.99999999999807,0.0,4.742626433746498e-14,5.269584926362298e-13,6.719718096216957e-16,4.742150359166373e-14
without_filter,PSCAD_EMTDC,A,12,720.0,zero,2.6321656088783717e-11,,-2.6194166506713152e-11,-2.587512371910861e-12,,2.6340724867907048e-11,,-2.62167758381182e-11,-2.5523423008363443e-12,,8.85028673403561e-17,,-6.947550375342457e-17,5.4826197257082834e-17,,0.0,,0.0,0.0,,1.0962636681736798e-09,,1.093904769222424e-09,7.187757668457626e-11,,,,,,,4.189417227507518e-14,,2.2678806908800372e-14,-3.522489727177393e-14
without_filter,PSCAD_EMTDC,A,13,780.0,positive,6.999999999991037,29.999999996015493,6.062177826726709,3.4999999995739386,6.955439458977025e-09,6.999999999990871,29.999999995959516,6.062177826729984,3.4999999995679323,7.053161511285039e-09,6.864275022117616e-12,,-3.3100937834360417e-12,6.013447490759844e-12,,0.0,,0.0,0.0,,6.864039879361077,118.83130553010157,-3.3100624427026983,6.013196328980809,0.020016195568691417,9.806107174466292e-11,99.99999999999763,2.00140627911832e-12,99.99999999999763,0.0,3.522321894663847e-14,5.031888420954796e-13,3.449177158197985e-14,-7.140927537747343e-15
without_filter,PSCAD_EMTDC,A,14,840.0,negative,2.4358386673868056e-12,,3.893829297535762e-14,-2.4355274219102715e-12,,2.4136556188326023e-12,,5.966351342998344e-14,-2.4129180905052254e-12,,2.1503857625717252e-16,,1.339291282610935e-16,1.6823964420413925e-16,,0.0,,0.0,0.0,,5.586035224847267e-10,,5.585258501426619e-10,9.3150445388791e-12,,,,,,,3.088562552749897e-14,,-2.0859149582886916e-14,-2.2777571049250278e-14
without_filter,PSCAD_EMTDC,A,15,900.0,zero,3.295930968796251e-12,,2.265957436372424e-12,-2.3934489440175465e-12,,3.2988179418080753e-12,,2.2810303239757882e-12,-2.3830863337902335e-12,,5.558091678622986e-17,,1.1397284935002046e-17,-5.4399818077896027e-17,,0.0,,0.0,0.0,,5.106029975584187e-10,,5.102574397408218e-10,1.878207402775879e-11,,,,,,,1.8270053432665175e-14,,-1.5084284888299365e-14,-1.0308210409235153e-14
without_filter,PSCAD_EMTDC,A,16,960.0,positive,4.136534399456241e-12,,3.4994220719143974e-12,-2.205665885958967e-12,,4.2461009632764665e-12,,3.6074444330718412e-12,-2.2395798830665365e-12,,1.6779807652636293e-16,,-4.205354008962413e-18,-1.6774537097519698e-16,,0.0,,0.0,0.0,,4.975699263406349e-10,,4.971038331589526e-10,2.1531619941405815e-11,,,,,,,1.1326732606338409e-13,,-1.0801815580343483e-13,3.408174247854481e-14
without_filter,PSCAD_EMTDC,A,17,1020.0,negative,4.941979884629108e-12,,4.56457279588547e-12,-1.894159542156106e-12,,4.950163759070616e-12,,4.5796456834888345e-12,-1.879086654552742e-12,,7.940135688148129e-17,,-7.405576665465604e-17,-2.864120981752501e-17,,0.0,,0.0,0.0,,4.727900416483203e-10,,4.717336511745567e-10,3.1587748120783656e-11,,,,,,,2.1243688616048856e-14,,-1.4998831836709707e-14,-1.5044246393546837e-14
without_filter,PSCAD_EMTDC,A,18,1080.0,zero,4.8117339471661156e-12,,4.602255014893881e-12,-1.4042906950467682e-12,,4.706824754361624e-12,,4.501769097538119e-12,-1.3741449198400397e-12,,1.4902484003293301e-16,,-9.58987232956752e-17,1.140694429595446e-16,,0.0,,0.0,0.0,,4.370628280173043e-10,,4.3638019330086585e-10,2.4418077917450067e-11,,,,,,,1.0503504140992453e-13,,1.0058181607905728e-13,-3.025984464968807e-14
without_filter,PSCAD_EMTDC,A,19,1140.0,positive,5.147601051939848e-12,,4.928834246300106e-12,-1.4847186812428446e-12,,5.152903758552614e-12,,4.9263220983662124e-12,-1.5112139914831334e-12,,1.287238958872276e-16,,1.0206861379244421e-16,-7.843366274039917e-17,,0.0,,0.0,0.0,,4.329299730871248e-10,,4.326295564355621e-10,1.6125399083042908e-11,,,,,,,2.668280995984049e-14,,2.4100793201012125e-15,2.6573743903029234e-14
without_filter,PSCAD_EMTDC,A,20,1200.0,negative,5.238036428225325e-12,,5.04941734712702e-12,-1.3929860293442452e-12,,5.260712045230829e-12,,5.0770509743998544e-12,-1.3779131417408808e-12,,1.2547789226162372e-16,,1.1826622155719408e-16,-4.192615275701232e-17,,0.0,,0.0,0.0,,3.890002372289209e-10,,3.878907138808431e-10,2.935947290341964e-11,,,,,,,3.156101067224703e-14,,-2.7751893494391453e-14,-1.503096145060735e-14
without_filter,PSCAD_EMTDC,A,21,1260.0,zero,4.915425879102532e-12,,4.844677290514656e-12,-8.309714337583879e-13,,4.976831034006415e-12,,4.9037127669611655e-12,-8.499695525084616e-13,,6.23086224734846e-17,,-3.2893887806823794e-17,5.291839547355265e-17,,0.0,,0.0,0.0,,3.7397102884543923e-10,,3.730012130766531e-10,2.6915152963740744e-11,,,,,,,6.196955191924866e-14,,-5.900258255870259e-14,1.8945200354600102e-14
without_filter,PSCAD_EMTDC,A,22,1320.0,positive,5.0810042658804855e-12,,5.025551941755027e-12,-7.486200843004238e-13,,5.0657623482973535e-12,,5.0067108322508215e-12,-7.712294157054703e-13,,1.834984622798971e-16,,-1.37890061295339e-16,1.2107029633669225e-16,,0.0,,0.0,0.0,,3.7508826180095944e-10,,3.737473210130197e-10,3.168823403813942e-11,,,,,,,2.942659192296619e-14,,1.897899956550059e-14,2.248826110870975e-14
without_filter,PSCAD_EMTDC,A,23,1380.0,negative,5.055512813251186e-12,,5.004198684316927e-12,-7.184743090936954e-13,,5.0327923045090905e-12,,4.9841015008457754e-12,-6.983771256225431e-13,,3.806687572949809e-17,,-3.7001330816802085e-17,-8.943631566126985e-18,,0.0,,0.0,0.0,,3.31967897229449e-10,,3.310508547285566e-10,2.465798804513695e-11,,,,,,,2.844156777487055e-14,,2.013418480196848e-14,-2.0088239839586155e-14
without_filter,PSCAD_EMTDC,A,24,1440.0,zero,4.819419628180485e-12,,4.746703521092788e-12,-8.340331140528213e-13,,4.83534071530012e-12,,4.769312852497835e-12,-7.963508950444107e-13,,1.6190127849575937e-16,,1.318173816016995e-16,-9.400107385680958e-17,,0.0,,0.0,0.0,,3.5025040635247773e-10,,3.49201123550941e-10,2.7091003319113327e-11,,,,,,,4.3932151957672216e-14,,-2.2741148786648647e-14,-3.7588217934553795e-14
without_filter,PSCAD_EMTDC,A,25,1500.0,positive,4.692608960130964e-12,,4.65752226943955e-12,-5.727697289278411e-13,,4.6404540520143706e-12,,4.609791458695563e-12,-5.325753619855365e-13,,3.926943951210491e-17,,3.865838182375389e-17,-6.900608260415946e-18,,0.0,,0.0,0.0,,3.1576330780463465e-10,,3.1451087273179823e-10,2.8095862492670942e-11,,,,,,,6.236644808938303e-14,,4.769215236216299e-14,-4.018746633404425e-14
without_filter,PSCAD_EMTDC,B,1,60.0,positive,99.999999999698,60.00000001176914,49.999999982059954,86.60254038845284,2.054325526136289e-08,99.99999999997311,60.00000001176484,49.99999998220401,86.60254038868733,2.053418355959059e-08,2.752309538233745e-10,,-1.440935207622287e-10,-2.3449762305164135e-10,,0.0,,0.0,0.0,,275.2314236046245,-121.56978646291189,-144.09375004899195,-234.49803354452015,3.2438580646338728e-06,2.752309538242057e-10,100.00000000027511,-2.751276590701852e-10,100.0000000002751,0.0,3.832953770361451e-14,3.832953770373026e-14,3.808651422597929e-14,4.309396093083458e-15
without_filter,PSCAD_EMTDC,B,2,120.0,negative,1.672390115187187e-10,,-2.3315244974470584e-11,-1.656058160981629e-10,,1.672122474995367e-10,,-2.328384312529691e-11,-1.6558320676675785e-10,,1.3250268578714269e-16,,-1.2684245329996595e-16,-3.831388497205968e-17,,0.0,,0.0,0.0,,1.3474545050139624e-09,,1.3473679350126632e-09,1.527385943807576e-11,,,,,,,3.856911818088202e-14,,-3.127500672037438e-14,-2.2571017520071656e-14
without_filter,PSCAD_EMTDC,B,3,180.0,zero,1.7697950676682683e-10,,1.1076060240538822e-11,-1.7663257543549905e-10,,1.7703577367723707e-10,,1.1113742459547233e-11,-1.7668658661607778e-10,,1.065652958146084e-16,,1.0289367762694826e-16,-2.7731811633152275e-17,,0.0,,0.0,0.0,,8.035759456123953e-10,,7.88899864272481e-10,1.528767625171218e-10,,,,,,,6.593875031444217e-14,,-3.778511268603745e-14,5.403891239036737e-14
without_filter,PSCAD_EMTDC,B,4,240.0,positive,2.776419108850651e-10,,6.74172580279474e-11,-2.693324042886478e-10,,2.7765866330146816e-10,,6.741097765811267e-11,-2.69351245398152e-10,,1.0521730220112947e-16,,-8.459259150813703e-17,6.256815599345459e-17,,0.0,,0.0,0.0,,7.606697952098208e-10,,7.5677200434591e-10,7.690689684823214e-11,,,,,,,1.9827918747405588e-14,,6.364962426241066e-15,1.8778541348205334e-14
without_filter,PSCAD_EMTDC,B,5,300.0,negative,19.999999999947665,119.9999998002258,-9.999999939582109,17.320508110510627,3.486718558089141e-07,19.99999999994722,119.99999980020431,-9.999999939575392,17.32050811051399,3.4870935023572e-07,7.550636288333427e-12,,-6.729846119596067e-12,-3.423635431125129e-12,,0.0,,0.0,0.0,,7.550648182202033,-153.03669910379918,-6.729871065584808,-3.423612625866903,0.0029568044524243015,3.775318144176592e-11,99.99999999999778,1.999838884291269e-12,99.99999999999777,0.0,6.072184657918878e-14,3.036092328967384e-13,1.3440909823719846e-14,5.92155773010546e-14
without_filter,PSCAD_EMTDC,B,6,360.0,zero,1.5173294315067612e-10,,-1.5116347762620605e-10,-1.3133509398398041e-11,,1.5173318898853205e-10,,-1.5116096547827217e-10,-1.3165225266063453e-11,,6.459671797666536e-17,,1.911886070016173e-17,6.17025537468641e-17,,0.0,,0.0,0.0,,4.104741213747094e-10,,4.0967103646770446e-10,-2.566410329266151e-11,,,,,,,3.175521186359714e-14,,-2.5312667945881637e-15,3.1654165111665095e-14
without_filter,PSCAD_EMTDC,B,7,420.0,positive,13.999999999926578,-99.99999976418935,-2.431074430580231,-13.787308552104111,4.115675609689245e-07,13.999999999926327,-99.99999976421962,-2.431074430587471,-13.787308552102582,4.115147386498504e-07,7.394742027980181e-12,,7.2285747719927284e-12,-1.5588189202363163e-12,,0.0,,0.0,0.0,,7.394757714892159,-12.170003822990942,7.228570855650539,-1.558911494215351,0.005799589179098743,5.281958591442116e-11,99.99999999999821,1.9993439451367936e-12,99.99999999999821,-0.0,3.151437209382994e-14,2.2510265781425154e-13,1.1411616192842398e-14,2.937568151270068e-14
without_filter,PSCAD_EMTDC,B,8,480.0,negative,2.137868513899349e-10,,-2.1692397409175035e-11,2.126834683793372e-10,,2.1378062875969757e-10,,-2.1704958148844504e-11,2.1267593193553553e-10,,2.1628430067954933e-17,,4.57769574395778e-18,-2.1138441022936576e-17,,0.0,,0.0,0.0,,1.7258499162238124e-10,,1.7174048135273215e-10,1.705246017527274e-11,,,,,,,1.4655178363479512e-14,,1.2556161973725133e-14,7.557582242686942e-15
without_filter,PSCAD_EMTDC,B,9,540.0,zero,1.2502896216392165e-10,,-2.8548049120771868e-11,1.217261281368357e-10,,1.2502980923926395e-10,,-2.857317060011081e-11,1.2172110384096792e-10,,7.260015106876894e-17,,-1.9631119548281112e-17,6.989564421685494e-17,,0.0,,0.0,0.0,,1.9306694737669817e-10,,1.927922810387642e-10,1.0294782233097775e-11,,,,,,,2.5624627151652036e-14,,2.5141110458489694e-14,4.954400223559149e-15
without_filter,PSCAD_EMTDC,B,10,600.0,positive,1.0839908779278921e-10,,-3.335504419227812e-11,1.0313972688174038e-10,,1.0837696500070366e-10,,-3.335378811831117e-11,1.0311688203646653e-10,,2.168493965441748e-17,,-1.421188986011307e-17,1.6378607829108772e-17,,0.0,,0.0,0.0,,1.8235795963045604e-10,,1.8231662415442605e-10,3.882524631833239e-12,,,,,,,2.2862220183964137e-14,,-1.2418620770903503e-15,2.282846666601903e-14
without_filter,PSCAD_EMTDC,B,11,660.0,negative,9.000000000085063,110.0000000757898,-3.0781813011471826,8.457233583081347,1.322815153236742e-07,9.00000000008492,110.00000007574222,-3.0781813011401136,8.457233583083768,1.3219849736167823e-07,7.46761716292912e-12,,-7.0767925863664355e-12,-2.384179687360541e-12,,0.0,,0.0,0.0,,7.467663698786507,-161.3811868189441,-7.076833273533871,-2.384204675940733,0.014328965895876126,8.297352403176156e-11,99.99999999999842,2.000106285646405e-12,99.99999999999841,0.0,3.780401517931566e-14,4.200446130995373e-13,7.78054397313874e-15,-3.699468474200021e-14
without_filter,PSCAD_EMTDC,B,12,720.0,zero,9.800819026935543e-12,,-5.927413050022987e-12,7.805243630608782e-12,,9.767502860270701e-12,,-5.918620532254358e-12,7.770073559534265e-12,,5.308545398683369e-17,,-5.260589870898027e-17,7.119329042033743e-18,,0.0,,0.0,0.0,,3.769677075648018e-10,,-9.035191259043304e-11,3.6597975960141933e-10,,,,,,,3.6232847458468066e-14,,-8.73991186992003e-15,3.5162951745475617e-14
without_filter,PSCAD_EMTDC,B,13,780.0,positive,6.999999999983257,-90.0000000037465,-4.5772088999929574e-10,-6.999999999983257,6.5432491350802205e-09,6.999999999983132,-90.0000000038027,-4.6458659030262817e-10,-6.999999999983132,6.6413301386987846e-09,6.864038750334065e-12,,6.862610833475889e-12,-1.4000183694150684e-13,,0.0,,0.0,0.0,,6.86403987981634,-1.168694464988967,6.862612000659222,-0.14000000041834795,0.020016202376033184,9.805769643357833e-11,99.99999999999821,2.0000262356157784e-12,99.99999999999821,-0.0,1.5088363925880585e-14,2.1554805608452393e-13,3.089469856538283e-15,1.4768679763789177e-14
without_filter,PSCAD_EMTDC,B,14,840.0,negative,1.7829491073416714e-11,,-1.1017024764092312e-11,1.4018413508112216e-11,,1.7821348151602718e-11,,-1.1021421022976626e-11,1.40045966944758e-11,,2.0018230888749807e-16,,-1.462752751563853e-16,1.3666199423926704e-16,,0.0,,0.0,0.0,,1.5765234943466586e-10,,1.566600573055662e-10,1.76603999752751e-11,,,,,,,1.4414616385561987e-14,,4.542534159470082e-15,1.3680151642177055e-14
without_filter,PSCAD_EMTDC,B,15,900.0,zero,1.7223035604426147e-11,,-1.0857503370290041e-11,1.336965130418408e-11,,1.7249722096231724e-11,,-1.0875088405827299e-11,1.3389748487655233e-11,,5.780444102559207e-17,,5.520895580320421e-17,1.7126721852152418e-17,,0.0,,0.0,0.0,,1.4349776194691587e-10,,1.434335984336141e-10,-4.29074867109102e-12,,,,,,,2.668108495763038e-14,,1.7529826581454816e-14,-2.0114310193004636e-14
without_filter,PSCAD_EMTDC,B,16,960.0,positive,1.6181203516734396e-11,,-1.061068483578495e-11,1.2216575402526717e-11,,1.6190110337962252e-11,,-1.0635806315123892e-11,1.220652681079114e-11,,5.62964396680346e-17,,4.616567120758833e-17,-3.221831654896806e-17,,0.0,,0.0,0.0,,1.3517045392016665e-10,,1.3381458399473382e-10,1.909734859346249e-11,,,,,,,2.702580409242743e-14,,2.5075313667733822e-14,1.008081005212521e-14
without_filter,PSCAD_EMTDC,B,17,1020.0,negative,1.4969515813067663e-11,,-1.0339686877416131e-11,1.0824845447149418e-11,,1.498155612236988e-11,,-1.0301690639915984e-11,1.0877600553761193e-11,,9.134136716767132e-17,,-6.1002448255515726e-18,-9.113743670483429e-17,,0.0,,0.0,0.0,,1.2865138028028566e-10,,1.2814215396000109e-10,1.1435297395085669e-11,,,,,,,6.493646262271249e-14,,-3.799013725532095e-14,-5.266396917507084e-14
without_filter,PSCAD_EMTDC,B,18,1080.0,zero,1.3618575226321589e-11,,-9.747133983508875e-12,9.510992077722834e-12,,1.3614668179433676e-11,,-9.722012504169934e-12,9.531089261193987e-12,,1.7332969263207334e-16,,-1.5723128455114094e-16,-7.294864979098083e-17,,0.0,,0.0,0.0,,1.199074498479658e-10,,1.196184360202986e-10,8.32023395705706e-12,,,,,,,3.200286957605763e-14,,-2.4964248054390272e-14,-2.0024234821361502e-14
without_filter,PSCAD_EMTDC,B,19,1140.0,positive,1.2769021003820445e-11,,-9.369683756441295e-12,8.675074852719593e-12,,1.2721441686383794e-11,,-9.318184723796468e-12,8.660630002099702e-12,,5.907790991641043e-17,,-5.59462471670068e-17,1.8979380074693973e-17,,0.0,,0.0,0.0,,1.2363228051184555e-10,,1.208920950227829e-10,2.5885172310844188e-11,,,,,,,5.342749197880121e-14,,-5.1443086397659815e-14,1.442587123981686e-14
without_filter,PSCAD_EMTDC,B,20,1200.0,negative,1.1872055388531308e-11,,-9.051269005820226e-12,7.68246240033971e-12,,1.1823806305257196e-11,,-9.020495193630024e-12,7.644152144347826e-12,,1.8275697185106445e-16,,-1.8591261237341462e-17,1.8180889902800601e-16,,0.0,,0.0,0.0,,1.0254996855161221e-10,,1.0241650304295917e-10,5.230291998367391e-12,,,,,,,4.898634597622254e-14,,-3.0755220928965e-14,3.812844709285611e-14
without_filter,PSCAD_EMTDC,B,21,1260.0,zero,1.0996970621335342e-11,,-8.445841353751762e-12,7.042806732671941e-12,,1.095915525862985e-11,,-8.44207313185092e-12,6.988167515109745e-12,,8.8127021849056e-17,,-7.145362626139327e-17,-5.1582470608542245e-17,,0.0,,0.0,0.0,,1.0475211590816642e-10,,1.0467429599854643e-10,4.037021729767722e-12,,,,,,,5.4815597268515874e-14,,-3.696768274580303e-15,5.4690800032804257e-14
without_filter,PSCAD_EMTDC,B,22,1320.0,positive,1.0178813304906712e-11,,-8.076555607469337e-12,6.194956804982702e-12,,1.0202749488421418e-11,,-8.106701382676066e-12,6.194956804982702e-12,,2.0495831181123435e-17,,-1.441581885072194e-17,1.456925745082026e-17,,0.0,,0.0,0.0,,1.0171558863365007e-10,,9.834556731608388e-11,2.5965561044728795e-11,,,,,,,3.0160194544510247e-14,,3.0160191025579444e-14,-1.456925745082026e-17
without_filter,PSCAD_EMTDC,B,23,1380.0,negative,9.782282120036521e-12,,-7.908241695898437e-12,5.7578430644851395e-12,,9.757552534404236e-12,,-7.90321740003065e-12,5.722672993410623e-12,,2.309842516639736e-16,,-2.305125229891272e-16,1.4754703045231784e-17,,0.0,,0.0,0.0,,1.126212371168132e-10,,1.1180063165002036e-10,1.3570623138895604e-11,,,,,,,3.548065145871936e-14,,-4.7937833447981855e-15,3.515531637147161e-14
without_filter,PSCAD_EMTDC,B,24,1440.0,zero,9.183999034316878e-12,,-7.501273730607604e-12,5.298748029566004e-12,,9.191251733233149e-12,,-7.501273730607604e-12,5.311308769235474e-12,,2.2030192732754418e-16,,-1.5027987654943264e-16,1.6108661610611183e-16,,0.0,,0.0,0.0,,8.113142459933854e-11,,8.085096910444578e-11,-6.740092906637709e-12,,,,,,,1.2722713864646506e-14,,1.5027987654943264e-16,-1.272182628557601e-14
without_filter,PSCAD_EMTDC,B,25,1500.0,positive,8.605480727127379e-12,,-7.2199131620114706e-12,4.6826437487784906e-12,,8.6023487239193e-12,,-7.199815978540318e-12,4.70776522811743e-12,,1.5785409601089201e-16,,-9.699468016699156e-17,1.2453894028262376e-16,,0.0,,0.0,0.0,,9.060239169330499e-11,,9.027654815241622e-11,7.677124085980186e-12,,,,,,,3.2208213092779524e-14,,-2.000018879098549e-14,-2.524601827922242e-14
without_filter,PSCAD_EMTDC,C,1,60.0,positive,99.99999999970977,-59.999999988581116,50.000000017114516,-86.60254036822766,1.9931805416064688e-08,99.99999999998488,-59.999999988585415,50.00000001724558,-86.60254036846966,1.9922983722553912e-08,2.7523142361851013e-10,,-1.310343791901412e-10,2.42037864842107e-10,,0.0,,0.0,0.0,,275.2314236081667,118.43021353759691,-131.03437916638958,242.03786484320372,3.24300597054318e-06,2.752314236193089e-10,100.00000000027511,-2.751281292253755e-10,100.00000000027511,-0.0,5.2388525846516835e-14,5.2388525846668883e-14,-3.233384816687762e-14,-4.1219896932094184e-14
without_filter,PSCAD_EMTDC,C,2,120.0,negative,1.5171227246455707e-10,,-3.2448158788142365e-11,1.48201655212145e-10,,1.516912262259115e-10,,-3.2464487749712675e-11,1.4817653373280606e-10,,1.362049408882951e-20,,-1.3620134861651454e-20,-9.892206157553696e-23,,0.0,,0.0,0.0,,2.6717896279375444e-09,,-2.6717396678384605e-09,-1.6339010162046836e-11,,,,,,,2.9962045322652785e-14,,1.6328975190445648e-14,2.512147943785378e-14
without_filter,PSCAD_EMTDC,C,3,180.0,zero,1.5713038926941013e-10,,-4.549499908282107e-12,1.5706451312292316e-10,,1.5716581757953193e-10,,-4.558920463034209e-12,1.5709968319399767e-10,,9.08748907095088e-21,,-9.085208588291236e-21,-2.035743645228276e-22,,0.0,,0.0,0.0,,1.7905941772941805e-09,,-1.7864964181532092e-09,-1.2107045752608935e-10,,,,,,,3.640990123688145e-14,,9.420563837311214e-15,-3.517007087093521e-14
without_filter,PSCAD_EMTDC,C,4,240.0,positive,2.491982480981325e-10,,4.2194036697684294e-11,2.4560014275715083e-10,,2.4920258111520763e-10,,4.22342310646266e-11,2.455976306092169e-10,,6.860731298146094e-21,,-6.860378401721268e-21,-6.95854191459847e-23,,0.0,,0.0,0.0,,1.3865951445530416e-09,,-1.3865348334500053e-09,1.2932537563686518e-11,,,,,,,4.027278820726294e-14,,-4.0194360081926563e-14,2.5121480034992706e-15
without_filter,PSCAD_EMTDC,C,5,300.0,negative,19.999999999997492,-120.00000019997935,-10.000000060452479,-17.320508040783622,3.4902980782803234e-07,19.999999999997137,-120.00000020000095,-10.000000060458833,-17.320508040779544,3.4906751912541947e-07,7.550648178173578e-12,,6.32987103433456e-12,-4.116432994626329e-12,,0.0,,0.0,0.0,,7.550648181799725,-33.03669911019276,6.329871038713678,-4.1164329945438585,0.0029567985417479057,3.775324089087262e-11,99.99999999999822,2.000000014193087e-12,99.99999999999822,-0.0,4.4959207471445285e-14,2.2479603735725462e-13,2.4157380200135816e-14,3.79176913633537e-14
without_filter,PSCAD_EMTDC,C,6,360.0,zero,2.503145622688253e-10,,-2.456127034968203e-10,-4.828850758531124e-11,,2.5039344147701295e-10,,-2.4569309223070487e-10,-4.828850758531124e-11,,4.519308200789356e-21,,-4.514214695196365e-21,-2.1450477709159536e-22,,0.0,,0.0,0.0,,8.753777837567267e-10,,-8.653746716760833e-10,-1.3195810667158614e-10,,,,,,,8.038873839878585e-14,,8.038873839878585e-14,2.1450477709159536e-22
without_filter,PSCAD_EMTDC,C,7,420.0,positive,13.999999999985617,140.0000002361501,-10.724622240745031,8.99902649139974,4.1215968576994043e-07,13.999999999985315,140.0000002361198,-10.724622240740038,8.999026491405218,4.1210679414084995e-07,7.394757717250192e-12,,-4.964342387737438e-12,-5.480670246798711e-12,,0.0,,0.0,0.0,,7.394757715089703,-132.17000382721614,-4.964342384604103,-5.480670246721831,0.005799591568966089,5.281969798041278e-11,99.99999999999784,2.000000020735887e-12,99.99999999999783,-0.0,2.9094668358776506e-14,2.0781905970576e-13,-2.8996687816665664e-14,2.3857540883384844e-15
without_filter,PSCAD_EMTDC,C,8,480.0,negative,1.7706538285611679e-10,,8.274512864660188e-11,-1.565419863526732e-10,,1.771233829966677e-10,,8.275517723833746e-11,-1.5660227790308666e-10,,3.2812295988051838e-21,,-3.28072312029549e-21,-5.764970107340051e-23,,0.0,,0.0,0.0,,5.449192324123966e-10,,-5.443523114996318e-10,2.4850167362079843e-11,,,,,,,6.112319680895519e-14,,-1.0048588454854737e-14,6.029155047111685e-14
without_filter,PSCAD_EMTDC,C,9,540.0,zero,9.631000646810374e-11,,2.3579020507529458e-11,-9.337905085077536e-11,,9.627347145577488e-11,,2.3579020507529458e-11,-9.334136863176695e-11,,2.9591459592919538e-21,,-2.9572980614358557e-21,-1.0456091153785277e-22,,0.0,,0.0,0.0,,5.256701585813816e-10,,-5.252097442433592e-10,-2.1996367309176213e-11,,,,,,,3.768221890384971e-14,,2.9572980614358557e-21,-3.768221890384959e-14
without_filter,PSCAD_EMTDC,C,10,600.0,positive,8.110296141183081e-11,,-3.6275416165429937e-12,-8.102179516395057e-11,,8.10995832749995e-11,,-3.608072470055315e-12,-8.101928301601667e-11,,2.635841162985822e-21,,-2.633863863435278e-21,-1.0207734998637899e-22,,0.0,,0.0,0.0,,4.455229651978149e-10,,-4.450948344835443e-10,-1.9526925890158372e-11,,,,,,,1.963054887489085e-14,,-1.9469143853815003e-14,-2.5121478318235766e-15
without_filter,PSCAD_EMTDC,C,11,660.0,negative,9.000000000052754,-129.99999992363195,-5.785088478023394,-6.89439999582201,1.332887311424902e-07,9.000000000052559,-129.9999999236796,-5.7850884780290075,-6.894399995817046,1.33205483320421e-07,7.467663697229271e-12,,5.603198451652875e-12,-4.936615055512306e-12,,0.0,,0.0,0.0,,7.467663698667754,-41.38118682135486,5.6031984536564385,-4.936615055414211,0.014328964204416268,8.297404107983888e-11,99.99999999999783,2.000000018943649e-12,99.99999999999784,-0.0,2.921174097036164e-14,3.245748996687824e-13,1.0089160851916474e-14,-2.7414132191693775e-14
without_filter,PSCAD_EMTDC,C,12,720.0,zero,3.25178628392181e-11,,3.208954967057899e-11,-5.26043777357412e-12,,3.253723239882087e-11,,3.2105878632149304e-11,-5.280534957045272e-12,,2.454257267662882e-21,,-2.402512793602741e-21,-5.013092981894798e-22,,0.0,,0.0,0.0,,7.145453421750749e-10,,-5.789885511381958e-10,-4.1874491480492974e-10,,,,,,,2.589462707062198e-14,,-1.6328959167797994e-14,2.009718397246178e-14
without_filter,PSCAD_EMTDC,C,13,780.0,positive,6.999999999977808,149.99999999595317,-6.062177826224644,3.5000000004170797,7.070189396518215e-09,6.999999999977716,149.9999999958968,-6.062177826221121,3.500000000422998,7.168536759356038e-09,6.864039880783845e-12,,-3.5525495592734713e-12,-5.873196328567347e-12,,0.0,,0.0,0.0,,6.86403987984237,-121.16869446825278,-3.5525495575697663,-5.873196328497568,0.020016202639034964,9.805771258293723e-11,99.99999999999868,2.0000000252299602e-12,99.99999999999868,-0.0,5.3765786672059846e-14,7.680826667461471e-13,2.914576832307455e-14,-4.518057110443728e-14
without_filter,PSCAD_EMTDC,C,14,840.0,negative,1.5894729852187383e-11,,1.092344725355476e-11,-1.1546459941160481e-11,,1.5890130864165474e-11,,1.09426023815507e-11,-1.1521966498805014e-11,,1.9131879219362803e-21,,-1.9111348856376113e-21,-8.860854102047475e-23,,0.0,,0.0,0.0,,3.4855091050780103e-10,,-3.484989782034176e-10,-6.016594301676226e-12,,,,,,,3.109417259559734e-14,,-1.9155126084806366e-14,-2.4493442266859253e-14
without_filter,PSCAD_EMTDC,C,15,900.0,zero,1.389726856519543e-11,,8.566601089980277e-12,-1.0942916400042438e-11,,1.3896638220900739e-11,,8.55272539787666e-12,-1.0952964991778014e-11,,1.770688295854929e-21,,-1.7690466621974925e-21,-7.622957461211694e-23,,0.0,,0.0,0.0,,3.108026393339933e-10,,-3.1073856859056457e-10,6.310515609941828e-12,,,,,,,1.7132106637777465e-14,,1.3875693872664091e-14,1.0048591811805816e-14
without_filter,PSCAD_EMTDC,C,16,960.0,positive,1.2209389478450071e-11,,7.094305765316768e-12,-9.936801152517875e-12,,1.2184496700243168e-11,,7.08928146944898e-12,-9.909795562228514e-12,,1.6784449291561379e-21,,-1.675332482969141e-21,-1.0216874139581685e-22,,0.0,,0.0,0.0,,3.091836475313873e-10,,-3.085621064243371e-10,-1.959475388437351e-11,,,,,,,2.746899101096295e-14,,5.024297543120604e-15,-2.70055901871919e-14
without_filter,PSCAD_EMTDC,C,17,1020.0,negative,1.0592250890490201e-11,,5.741514102914828e-12,-8.901168166770056e-12,,1.0589326736117654e-11,,5.758471101468613e-12,-8.886723316150167e-12,,1.5857218752606946e-21,,-1.582130952428105e-21,-1.0665605959921566e-22,,0.0,,0.0,0.0,,2.9683743638785555e-10,,-2.9585377806375067e-10,-2.4145509866622566e-11,,,,,,,2.2275400168041085e-14,,-1.6956996971654258e-14,-1.444485051323388e-14
without_filter,PSCAD_EMTDC,C,18,1080.0,zero,9.603206540816633e-12,,5.159951856218358e-12,-8.099164938874384e-12,,9.622596977777314e-12,,5.124781785143841e-12,-8.144383601684477e-12,,1.4876700994836543e-21,,-1.4844766878351909e-21,-9.74232424607561e-23,,0.0,,0.0,0.0,,2.701238662712687e-10,,-2.697108309169631e-10,-1.4932207319066172e-11,,,,,,,5.728578775707279e-14,,3.5170072558993536e-14,4.521866290751552e-14
without_filter,PSCAD_EMTDC,C,19,1140.0,positive,8.44700649027566e-12,,4.403167291132778e-12,-7.208608496308947e-12,,8.421194659423143e-12,,4.393746736380676e-12,-7.184115053953481e-12,,1.4391728767282248e-21,,-1.435174137248339e-21,-1.0720897762631469e-22,,0.0,,0.0,0.0,,2.8572563918999654e-10,,-2.8465650668540146e-10,-2.4694414190178412e-11,,,,,,,2.6242629289885368e-14,,9.420556187276762e-15,-2.4493442248257203e-14
without_filter,PSCAD_EMTDC,C,20,1200.0,negative,7.441273611635561e-12,,3.955376921916166e-12,-6.302979166140146e-12,,7.462797280533075e-12,,3.905133963238285e-12,-6.359502494652762e-12,,1.331729053037096e-21,,-1.3281136706623609e-21,-9.806298232682111e-23,,0.0,,0.0,0.0,,2.3579875596562355e-10,,-2.352877754885158e-10,-1.551502563972959e-11,,,,,,,7.56256683104009e-14,,5.0242960005994875e-14,5.6523328610678736e-14
without_filter,PSCAD_EMTDC,C,21,1260.0,zero,7.113723935944073e-12,,3.5908014530097932e-12,-6.140945624403981e-12,,7.100799356783041e-12,,3.5597136223278545e-12,-6.144085809321348e-12,,1.2784329880485506e-21,,-1.2750273283009931e-21,-9.325350940515385e-23,,0.0,,0.0,0.0,,2.3480025975471725e-10,,-2.345519909100651e-10,-1.0794699671942689e-11,,,,,,,3.124602467011585e-14,,3.1087831956966075e-14,3.140185010620782e-15
without_filter,PSCAD_EMTDC,C,22,1320.0,positive,6.185024504301041e-12,,2.9794074495983314e-12,-5.4201161766222595e-12,,6.261167081706283e-12,,3.0422111479456825e-12,-5.4724002554964295e-12,,1.2373351355158522e-21,,-1.231581494443624e-21,-1.1918582183314592e-22,,0.0,,0.0,0.0,,2.4136888638666046e-10,,-2.3857366498604916e-10,-3.66271168761751e-11,,,,,,,8.171859817442297e-14,,-6.280369711576961e-14,5.2284078993355876e-14
without_filter,PSCAD_EMTDC,C,23,1380.0,negative,5.7700543676861915e-12,,2.911579455383192e-12,-4.981589352911881e-12,,5.774035268938791e-12,,2.9492616743916027e-12,-4.964004317374623e-12,,1.173492845784124e-21,,-1.169174870508983e-21,-1.0057624608636219e-22,,0.0,,0.0,0.0,,2.202599858801325e-10,,-2.195139986115951e-10,-1.8112586603376028e-11,,,,,,,4.158344637704963e-14,,-3.7682217839235633e-14,-1.7585035436681772e-14
without_filter,PSCAD_EMTDC,C,24,1440.0,zero,5.325878781415547e-12,,2.777179540919861e-12,-4.5444756124143185e-12,,5.253712969577847e-12,,2.782203836787649e-12,-4.456550434728027e-12,,1.128430527402722e-21,,-1.125412094099665e-21,-8.24807470176664e-23,,0.0,,0.0,0.0,,2.1560259575272468e-10,,-2.1560258427852208e-10,7.034014214903311e-14,,,,,,,8.806861185643822e-14,,-5.024294742376026e-15,-8.792517760381096e-14
without_filter,PSCAD_EMTDC,C,25,1500.0,positive,4.874428038565135e-12,,2.519684377695722e-12,-4.172677718198e-12,,4.850955221054434e-12,,2.5096357859601457e-12,-4.151324460759901e-12,,1.0763659744167847e-21,,-1.0718064628938897e-21,-9.89677572802559e-23,,0.0,,0.0,0.0,,1.991895210983724e-10,,-1.9851495403217482e-10,-1.637920452898914e-11,,,,,,,2.3599487630025822e-14,,1.0048592807382704e-14,-2.135325733913115e-14
tuned_5th,PSCAD_EMTDC,A,1,60.0,positive,99.9999999997614,-179.99999998842426,-99.9999999997614,-2.020348338200412e-08,2.0204880004693435e-08,107.50661098829254,-160.33882587553393,-101.23884200699075,-36.171373698985036,4.4086460813392325e-05,36.19258215890275,88.03842991819222,1.2388420072294464,36.171373678781535,0.00013089911489515672,0.0,,0.0,0.0,,277.9562615504991,-1.7228387424240463,277.83061292634585,-8.356665369658266,4.403552606509265e-06,36.192582158989104,107.50661098854906,-1.2388420145402796,101.23884201454018,-0.0,9.609171085797121e-14,9.609171085820048e-14,-9.50350909079134e-14,1.4210854715202004e-14
tuned_5th,PSCAD_EMTDC,A,2,120.0,negative,5.845434350146845e-11,,5.579229346385273e-11,1.7439330957092424e-11,,4.789687662253572e-10,,1.7839767337755136e-10,4.4450573579304615e-10,,4.443429706668565e-10,,-1.2261118925579574e-10,-4.2709152631529264e-10,,0.0,,0.0,0.0,,8.74919315553587e-11,,-1.9027008451313457e-11,8.5397956864794e-11,,,,,,,2.5784436774486485e-14,,5.809342097098233e-15,2.5121479338931718e-14
tuned_5th,PSCAD_EMTDC,A,3,180.0,zero,2.061040366958372e-11,,-6.534724813041871e-12,1.9547023073629524e-11,,6.858869265783128e-10,,2.5685833372289694e-10,6.359753709446151e-10,,6.703616529184361e-10,,-2.6343450897684807e-10,-6.164308600189195e-10,,0.0,,0.0,0.0,,1.0352820992095668e-10,,-2.199762338314316e-11,1.0116419729791299e-10,,,,,,,4.1526496828105007e-14,,4.1450440909268354e-14,2.5121479339138513e-15
tuned_5th,PSCAD_EMTDC,A,4,240.0,positive,1.1221713431077715e-10,,-1.0968163486778073e-10,2.3719700791827525e-11,,1.801960099435403e-09,,8.623632343403277e-10,1.5822104322798962e-09,,1.8367734951924366e-09,,-9.720155084791312e-10,-1.558500152042821e-09,,0.0,,0.0,0.0,,5.575622645654088e-10,,-4.662251387925105e-10,3.0579371940118587e-10,,,,,,,3.083503296433494e-14,,-2.936072897720455e-14,9.420554752176942e-15
tuned_5th,PSCAD_EMTDC,A,5,300.0,negative,20.00000000014253,-1.9975293131137875e-07,20.00000000014253,-6.972692683836958e-08,3.486353625745869e-07,1.6812449251315358,-81.97911624836244,0.23459088778924927,-1.664797769594492,0.2935075316345706,19.835396360047387,4.814535861005067,19.765409112353247,1.6647976998675527,0.024878355260541843,0.0,,0.0,0.0,,0.6347244469840637,4.984184855497718,0.6323243744909135,0.055145344535151394,0.2934098784711159,99.17698179953014,8.40622462559777,98.82704553204162,1.1729544679581954,0.0,3.764032658966892e-14,1.882016329470034e-13,3.552713678800501e-14,1.2434497875801753e-14
tuned_5th,PSCAD_EMTDC,A,6,360.0,zero,4.015174245898104e-10,,3.9679549326026816e-10,6.139689550437033e-11,,4.423235816496023e-10,,-9.728920910988143e-11,-4.3149155342150807e-10,,6.979377980205324e-10,,4.941269378572881e-10,4.929054059244321e-10,,0.0,,0.0,0.0,,2.313618976395989e-10,,2.3128592382982256e-10,-5.928669123989934e-12,,,,,,,4.5512373853470666e-14,,-4.2235487138513035e-14,-1.69569985537117e-14
tuned_5th,PSCAD_EMTDC,A,7,420.0,positive,14.000000000108974,20.00000023570583,13.15569667140688,4.788282060717101,4.113850189080183e-07,9.452211455156158,20.16230973015891,8.872979592264304,3.257995480083804,0.003926451991604067,4.547905297919653,19.662660213421887,4.282717079142544,1.5302865806333135,0.00815958795142141,0.0,,0.0,0.0,,4.992629541368575,107.99230567041724,-1.5421697088532387,4.748480001689141,0.009725842059636268,32.48503784203037,67.51579610773274,32.48447479768591,67.51552520231392,0.0,3.505844540393816e-14,2.504174671690376e-13,3.108624468950438e-14,-1.6209256159527285e-14
tuned_5th,PSCAD_EMTDC,A,8,480.0,negative,8.286376470709257e-11,,-6.100248827874897e-11,-5.608119047625055e-11,,2.9275713253038826e-10,,-2.055426878772434e-10,-2.0846808414626302e-10,,2.0996388555169212e-10,,1.4447613982618014e-10,1.5235313668215075e-10,,0.0,,0.0,0.0,,1.52922905409706e-10,,1.3722859303689583e-10,-6.74813178002617e-11,,,,,,,7.240986575360776e-14,,6.405977231428622e-14,3.375698786173473e-14
tuned_5th,PSCAD_EMTDC,A,9,540.0,zero,2.8866123657068768e-11,,4.970284687209358e-12,-2.8435002463746636e-11,,1.9184353876925946e-10,,-1.2802227249424164e-10,-1.4287841374022352e-10,,1.7548719959485399e-10,,1.330069284339869e-10,1.1447669723660098e-10,,0.0,,0.0,0.0,,1.2009847256181427e-10,,1.1834477701781433e-10,-2.0448884181897485e-11,,,,,,,3.625586905362496e-14,,-1.4371252535893403e-14,-3.3285960124100036e-14
tuned_5th,PSCAD_EMTDC,A,10,600.0,positive,4.300546334188257e-11,,3.6903453148903444e-11,-2.208178033892861e-11,,1.3838949890223268e-10,,-8.385298588544915e-11,-1.100923710549724e-10,,1.4945852766136838e-10,,1.2080919414096438e-10,8.799426175447349e-11,,0.0,,0.0,0.0,,7.36384007161181e-11,,7.206347563168443e-11,-1.514825204138106e-11,,,,,,,5.5224417240788284e-14,,-5.275510661177729e-14,1.6328961570310787e-14
tuned_5th,PSCAD_EMTDC,A,11,660.0,negative,9.000000000038769,-9.999999924047712,8.863269779219772,-1.5628335872597996,1.3256245035660956e-07,6.9390358416185105,-9.834007365915248,6.83707849714449,-1.185148106841825,0.001710621582543774,2.0610913210424844,-10.558851902612078,2.0261912820753287,-0.37768548041801775,0.005758695595273818,0.0,,0.0,0.0,,5.7575984511964275,78.78480573919275,1.1198211384947614,5.647649116490842,0.016038173598937132,22.901014678151174,77.10039823987356,22.899925322709443,77.10007467729113,0.0,6.355685013237352e-14,7.061872236899971e-13,-4.6629367034256575e-14,4.318767565791859e-14
tuned_5th,PSCAD_EMTDC,A,12,720.0,zero,2.6321656088783717e-11,,-2.6194166506713152e-11,-2.587512371910861e-12,,1.2473282537219042e-10,,-1.0747220075992092e-10,-6.330879709130957e-11,,1.014308015211414e-10,,8.121366046240173e-11,6.076634637296293e-11,,0.0,,0.0,0.0,,4.1768622853137235e-10,,4.1691104681318705e-10,2.5435497830677153e-11,,,,,,,7.857822576694625e-14,,6.437379080603838e-14,-4.5061653564217817e-14
tuned_5th,PSCAD_EMTDC,A,13,780.0,positive,6.999999999991037,29.999999996015493,6.062177826726709,3.4999999995739386,6.955439458977025e-09,5.483557971639999,30.14116212490447,4.742131059274576,2.753470727100612,0.0015073130839052,1.5165188501698288,29.48956771677354,1.3200467674521186,0.7465292724733785,0.005449891530554382,0.0,,0.0,0.0,,5.377051514291201,118.97246766316475,-2.60458612950958,4.704127345354036,0.021521846277337695,21.664555002453863,78.33654245210029,21.66369530052335,78.33630469947686,0.0,5.359422696077308e-14,7.656318137263101e-13,1.3988810110276972e-14,-5.1736392947532295e-14
tuned_5th,PSCAD_EMTDC,A,14,840.0,negative,2.4358386673868056e-12,,3.893829297535762e-14,-2.4355274219102715e-12,,8.511838049790738e-11,,-7.156230211887257e-11,-4.608660992125311e-11,,8.387941926037973e-11,,7.162447778023645e-11,4.3654222684260204e-11,,0.0,,0.0,0.0,,5.3463255640382163e-11,,4.868542695886649e-11,-2.2091828930664187e-11,,,,,,,2.3448583132870644e-14,,-2.323736838852218e-14,-3.1401849173664648e-15
tuned_5th,PSCAD_EMTDC,A,15,900.0,zero,3.295930968796251e-12,,2.265957436372424e-12,-2.3934489440175465e-12,,7.578418927309571e-11,,-6.417281897132325e-11,-4.031243789519766e-11,,7.647229133636871e-11,,6.642087735366668e-11,3.7898263730725484e-11,,0.0,,0.0,0.0,,3.842556384400736e-11,,3.600410418856938e-11,-1.3424918558729749e-11,,,,,,,2.738450105489903e-14,,1.789905402899402e-14,2.0725220454627715e-14
tuned_5th,PSCAD_EMTDC,A,16,960.0,positive,4.136534399456241e-12,,3.4994220719143974e-12,-2.205665885958967e-12,,6.829349195418683e-11,,-5.832077035931708e-11,-3.5534332524931194e-11,,7.022746083593074e-11,,6.182144850519842e-11,3.331673393628623e-11,,0.0,,0.0,0.0,,4.951724354214028e-11,,4.840406639027036e-11,-1.044048681326363e-11,,,,,,,1.1998629721885483e-14,,-1.256073966944001e-15,1.1932702686000321e-14
tuned_5th,PSCAD_EMTDC,A,17,1020.0,negative,4.941979884629108e-12,,4.56457279588547e-12,-1.894159542156106e-12,,6.188990118096063e-11,,-5.3248743680785013e-11,-3.154252945797356e-11,,6.498714224472797e-11,,5.7837672535935816e-11,2.963329702821409e-11,,0.0,,0.0,0.0,,4.835272011255443e-11,,4.8331214100187436e-11,-1.441972914055179e-12,,,,,,,2.864279252516789e-14,,-2.4356059265330266e-14,1.5072887603360323e-14
tuned_5th,PSCAD_EMTDC,A,18,1080.0,zero,4.8117339471661156e-12,,4.602255014893881e-12,-1.4042906950467682e-12,,5.7092803881411416e-11,,-4.971540761176305e-11,-2.8070741013332e-11,,6.0486038569685e-11,,5.4283120592565886e-11,2.6681523205888598e-11,,0.0,,0.0,0.0,,3.9030387352053914e-11,,3.842581479684323e-11,-6.843090971927365e-12,,,,,,,3.768745228654461e-14,,3.454203409104404e-14,-1.5072887603366786e-14
tuned_5th,PSCAD_EMTDC,A,19,1140.0,positive,5.147601051939848e-12,,4.928834246300106e-12,-1.4847186812428446e-12,,5.295716791246529e-11,,-4.63428490105103e-11,-2.5628148175357653e-11,,5.6674157159203134e-11,,5.126948512736825e-11,2.415367434740772e-11,,0.0,,0.0,0.0,,5.319116615383846e-11,,5.164222507705978e-11,-1.2742870394677516e-11,,,,,,,1.047801469925254e-14,,2.198129442155233e-15,-1.0244853292911646e-14
tuned_5th,PSCAD_EMTDC,A,20,1200.0,negative,5.238036428225325e-12,,5.04941734712702e-12,-1.3929860293442452e-12,,4.9238882750932794e-11,,-4.3359673339011125e-11,-2.3332515991516106e-11,,5.319690552681074e-11,,4.845619345989866e-11,2.1952404720333067e-11,,0.0,,0.0,0.0,,3.0216675110111117e-11,,3.0175920981935206e-11,-1.568836384716828e-12,,,,,,,4.8830632738516766e-14,,-4.710277376051636e-14,-1.287475816120509e-14
tuned_5th,PSCAD_EMTDC,A,21,1260.0,zero,4.915425879102532e-12,,4.844677290514656e-12,-8.309714337583879e-13,,4.6140204501817374e-11,,-4.10321682782583e-11,-2.1101650121595265e-11,,5.022349909328061e-11,,4.5933996934269046e-11,2.03093029623205e-11,,0.0,,0.0,0.0,,3.189078731155509e-11,,3.1710215332560993e-11,-3.3888875628230596e-12,,,,,,,6.897907767905833e-14,,-5.715136549608775e-14,-3.8624274483621734e-14
tuned_5th,PSCAD_EMTDC,A,22,1320.0,positive,5.0810042658804855e-12,,5.025551941755027e-12,-7.486200843004238e-13,,4.3470313700369695e-11,,-3.886418461130774e-11,-1.9474170783546598e-11,,4.770429348246779e-11,,4.3885340294178456e-11,1.8702313330857654e-11,,0.0,,0.0,0.0,,4.435355423423215e-11,,4.4344435329097594e-11,8.993489603340662e-13,,,,,,,2.364957466428558e-14,,4.396258884310466e-15,2.3237368388518948e-14
tuned_5th,PSCAD_EMTDC,A,23,1380.0,negative,5.055512813251186e-12,,5.004198684316927e-12,-7.184743090936954e-13,,4.0914321291767906e-11,,-3.668238413072077e-11,-1.8121379121144658e-11,,4.514938955290786e-11,,4.166899777950044e-11,1.738280762857981e-11,,0.0,,0.0,0.0,,2.1601494838914087e-11,,2.111209123644551e-11,-4.572109239687153e-12,,,,,,,2.6704498840453983e-14,,1.7585035537254788e-14,2.0097183471155714e-14
tuned_5th,PSCAD_EMTDC,A,24,1440.0,zero,4.819419628180485e-12,,4.746703521092788e-12,-8.340331140528213e-13,,3.901297846127139e-11,,-3.5112291672036995e-11,-1.700410132754528e-11,,4.2995796121484e-11,,3.983136156585695e-11,1.618953735998014e-11,,0.0,,0.0,0.0,,4.615859114765964e-11,,4.610293888282342e-11,-2.265957436372424e-12,,,,,,,3.380332855226836e-14,,2.7633627272832645e-14,-1.9469146487680483e-14
tuned_5th,PSCAD_EMTDC,A,25,1500.0,positive,4.692608960130964e-12,,4.65752226943955e-12,-5.727697289278411e-13,,3.703154772712567e-11,,-3.351707773401428e-11,-1.5746143249647843e-11,,4.108238710012388e-11,,3.817962429932162e-11,1.5168349224852213e-11,,0.0,,0.0,0.0,,2.7352532499642305e-11,,2.7312072337296e-11,-1.4871915768652716e-12,,,,,,,7.105427357602201e-15,,-5.0242958677889286e-15,5.0242958677889286e-15
tuned_5th,PSCAD_EMTDC,B,1,60.0,positive,99.999999999698,60.00000001176914,49.999999982059954,86.60254038845284,2.054325526136289e-08,107.50661098835461,79.6611741248036,19.294092489782162,105.7610958774404,4.4087024154214185e-05,36.192582159179224,-31.961570081648194,30.705907492277795,-19.1585554889876,0.00013089986960687438,0.0,,0.0,0.0,,277.95626155055595,-121.7228387424817,-146.15239096449048,-236.4300360582889,4.403646719492378e-06,36.19258215928852,107.50661098867927,-1.2388420145718713,101.23884201457183,0.0,3.9241005173051e-14,3.9241005173169503e-14,-3.552713678800501e-15,3.907985046680551e-14
tuned_5th,PSCAD_EMTDC,B,2,120.0,negative,1.672390115187187e-10,,-2.3315244974470584e-11,-1.656058160981629e-10,,3.684928828251411e-10,,-1.7963113801309333e-11,-3.680547937948158e-10,,2.0250566814220035e-10,,-5.3433386553926224e-12,2.0243516088301647e-10,,0.0,,0.0,0.0,,6.336442379738019e-11,,6.317047194569952e-11,4.953955725639047e-12,,,,,,,1.6377200852871516e-14,,-8.79251776862901e-15,1.3816813636422785e-14
tuned_5th,PSCAD_EMTDC,B,3,180.0,zero,1.7697950676682683e-10,,1.1076060240538822e-11,-1.7663257543549905e-10,,4.856322518825576e-10,,2.5553568783570174e-11,-4.849594820095254e-10,,3.0865405296947346e-10,,-1.4447048749332887e-11,3.0831575891756966e-10,,0.0,,0.0,0.0,,1.1840938558587934e-10,,7.963508950444106e-12,1.181412930351689e-10,,,,,,,3.2435617407865636e-14,,-3.0459793698464725e-14,1.1147656456691016e-14
tuned_5th,PSCAD_EMTDC,B,4,240.0,positive,2.776419108850651e-10,,6.74172580279474e-11,-2.693324042886478e-10,,1.2131852805619475e-09,,7.611808239698941e-11,-1.2107950125865138e-09,,9.4148499125005e-10,,-8.675074852719593e-12,9.414450232623286e-10,,0.0,,0.0,0.0,,3.831894906035011e-10,,3.802990028246153e-10,4.6977166363818546e-11,,,,,,,3.118126145122658e-14,,-2.5749516322413412e-14,1.758503553739696e-14
tuned_5th,PSCAD_EMTDC,B,5,300.0,negative,19.999999999947665,119.9999998002258,-9.999999939582109,17.320508110510627,3.486718558089141e-07,1.6812449238979312,38.02088380479268,1.3244617148053388,1.0355605535879888,0.29350763067021896,19.835396358364314,124.81453585722129,-11.32446165438747,16.28494755692262,0.024878364619504486,0.0,,0.0,0.0,,0.6347244464983695,124.98418490303972,-0.36391945666637776,0.5200362987737586,0.29340996734628694,99.1769817920811,8.406224619511653,98.82704552516549,1.1729544748344964,0.0,2.774758085844075e-14,1.3873790429256677e-13,2.1316282072803006e-14,1.7763568394002505e-14
tuned_5th,PSCAD_EMTDC,B,6,360.0,zero,1.5173294315067612e-10,,-1.5116347762620605e-10,-1.3133509398398041e-11,,2.3079855913346864e-10,,-1.3158128448150203e-10,1.8961629801333866e-10,,2.0371029216412442e-10,,-1.9557699702348574e-11,-2.0276927655822437e-10,,0.0,,0.0,0.0,,1.1587597477164561e-10,,-1.1367971830457309e-10,-2.2453578233144928e-11,,,,,,,3.1288598296795434e-14,,-2.4493442355446793e-14,1.946914648767725e-14
tuned_5th,PSCAD_EMTDC,B,7,420.0,positive,13.999999999926578,-99.99999976418935,-2.431074430580231,-13.787308552104111,4.115675609689245e-07,9.45221145521797,-99.83769026900234,-1.6149829448389235,-9.313223474288224,0.003926452673514997,4.547905297676524,-100.33733978801914,-0.816091485741296,-4.474085077815883,0.008159593364656298,0.0,,0.0,0.0,,4.9926295412982284,-12.007694328438115,4.883389165203733,-1.0386818559186197,0.009725840711728061,32.48503784071697,67.51579610905387,32.484474796367365,67.51552520363259,-0.0,1.2578390807388248e-14,8.984564862467297e-14,-1.176836406102666e-14,-4.440892098500626e-15
tuned_5th,PSCAD_EMTDC,B,8,480.0,negative,2.137868513899349e-10,,-2.1692397409175035e-11,2.126834683793372e-10,,2.2713988490202046e-10,,-3.5172583222450455e-11,2.24400126343019e-10,,1.7885014529674232e-11,,1.3507819440548252e-11,-1.1722310296533063e-11,,0.0,,0.0,0.0,,1.5873138090173445e-10,,-1.5871248216755765e-10,2.4493442355466887e-12,,,,,,,2.820578350117277e-14,,-2.763362727283103e-14,5.652332851246389e-15
tuned_5th,PSCAD_EMTDC,B,9,540.0,zero,1.2502896216392165e-10,,-2.8548049120771868e-11,1.217261281368357e-10,,1.465506148925904e-10,,-3.6679871982786876e-11,1.4188611530633538e-10,,2.1742495648566097e-11,,8.146267712634898e-12,-2.0158731095532723e-11,,0.0,,0.0,0.0,,1.1007783891594528e-10,,-1.1006222527976567e-10,-1.8539651752138016e-12,,,,,,,1.449935968384155e-14,,-1.444485061988994e-14,-1.2560739669601568e-15
tuned_5th,PSCAD_EMTDC,B,10,600.0,positive,1.0839908779278921e-10,,-3.335504419227812e-11,1.0313972688174038e-10,,1.2328307598323298e-10,,-3.8167063559652146e-11,1.17226243150248e-10,,1.494193624323619e-11,,4.8230100145848195e-12,-1.4142136793856497e-11,,0.0,,0.0,0.0,,9.107391343466364e-11,,-9.084429358547628e-11,-6.463128596925891e-12,,,,,,,5.669600661595476e-14,,-1.0990647210790705e-14,5.562052534887031e-14
tuned_5th,PSCAD_EMTDC,B,11,660.0,negative,9.000000000085063,110.0000000757898,-3.0781813011471826,8.457233583081347,1.322815153236742e-07,6.939035841770252,110.1659926346636,-2.3921708809183064,6.513657719734645,0.0017106237460541751,2.061091320938122,109.44114809468921,-0.6860104202288497,1.943575863346705,0.005758700611377578,0.0,,0.0,0.0,,5.757598451250171,-161.21519426060442,-5.4509181758335075,-1.8540310046507509,0.0160381745391151,22.9010146768738,77.10039824116298,22.899925321422245,77.10007467857768,0.0,2.6535956088351246e-14,2.948439565344494e-13,-2.6423307986078726e-14,-2.4424906541753444e-15
tuned_5th,PSCAD_EMTDC,B,12,720.0,zero,9.800819026935543e-12,,-5.927413050022987e-12,7.805243630608782e-12,,3.398411905166281e-11,,-1.4130832128153974e-11,3.090695603069837e-11,,2.45989789633704e-11,,8.224458317077349e-12,-2.3183357207941147e-11,,0.0,,0.0,0.0,,3.957506584618916e-10,,-2.7306043182254657e-10,2.8645520460606956e-10,,,,,,,8.431206452554587e-14,,-2.10392389463621e-14,8.164480785155716e-14
tuned_5th,PSCAD_EMTDC,B,13,780.0,positive,6.999999999983257,-90.0000000037465,-4.5772088999929574e-10,-6.999999999983257,6.5432491350802205e-09,5.483557971706918,-89.85883787489249,0.013510068628247858,-5.483541329024169,0.0015073142920867958,1.5165188500950462,-90.51043228289502,-0.013510069085959956,-1.5164586709590517,0.005449896472645063,0.0,,0.0,0.0,,5.377051514294565,-1.0275323361224245,5.376186848473001,-0.09642591811030887,0.021521846360673988,21.66455500140962,78.33654245314334,21.663695299479464,78.33630470052,-0.0,3.767782494820095e-14,5.382546421184438e-13,-8.793313299726435e-15,-3.6637359812630166e-14
tuned_5th,PSCAD_EMTDC,B,14,840.0,negative,1.7829491073416714e-11,,-1.1017024764092312e-11,1.4018413508112216e-11,,3.2908614353451834e-11,,-1.6524281072171522e-11,2.8459181887610367e-11,,1.549020456532959e-11,,5.4956965023521496e-12,-1.448253283889914e-11,,0.0,,0.0,0.0,,4.385242735535077e-11,,-4.359079094892938e-11,4.783129666134252e-12,,,,,,,4.333473407676934e-14,,1.1559805727060791e-14,4.1764459400989814e-14
tuned_5th,PSCAD_EMTDC,B,15,900.0,zero,1.7223035604426147e-11,,-1.0857503370290041e-11,1.336965130418408e-11,,2.996177073758268e-11,,-1.570092458683775e-11,2.5518398712495658e-11,,1.3064172627572385e-11,,4.861006252084967e-12,-1.212613807690653e-11,,0.0,,0.0,0.0,,4.468551914657992e-11,,-4.285724375223232e-11,-1.2651176995090385e-11,,,,,,,2.864289338439638e-14,,-1.7585035537258827e-14,-2.2609331405046947e-14
tuned_5th,PSCAD_EMTDC,B,16,960.0,positive,1.6181203516734396e-11,,-1.061068483578495e-11,1.2216575402526717e-11,,2.712989366385493e-11,,-1.5002547461215207e-11,2.260430710917857e-11,,1.1274869501863476e-11,,4.391234588446782e-12,-1.0384591521734487e-11,,0.0,,0.0,0.0,,4.078745449484064e-11,,-4.032499863486713e-11,6.124616662833669e-12,,,,,,,3.2023728339886502e-15,,6.280369834752317e-16,-3.1401849173664648e-15
tuned_5th,PSCAD_EMTDC,B,17,1020.0,negative,1.4969515813067663e-11,,-1.0339686877416131e-11,1.0824845447149418e-11,,2.4489727515837354e-11,,-1.426841147984614e-11,1.9903748080242477e-11,,9.874144001370672e-12,,3.958517106833533e-12,-9.045930691460702e-12,,0.0,,0.0,0.0,,3.5944267729449134e-11,,-3.594381263815592e-11,1.8087465124037088e-13,,,,,,,4.443807211886643e-14,,-2.9792504403523705e-14,-3.2971941632357574e-14
tuned_5th,PSCAD_EMTDC,B,18,1080.0,zero,1.3618575226321589e-11,,-9.747133983508875e-12,9.510992077722834e-12,,2.2205831087139685e-11,,-1.34877222570771e-11,1.764030279180395e-11,,8.932594037012398e-12,,3.767593863857586e-12,-8.099164938874384e-12,,0.0,,0.0,0.0,,3.509645556577766e-11,,-3.500929360674734e-11,-2.4719535669517352e-12,,,,,,,4.047307339073137e-14,,-2.7005590289360644e-14,-3.014577520673034e-14
tuned_5th,PSCAD_EMTDC,B,19,1140.0,positive,1.2769021003820445e-11,,-9.369683756441295e-12,8.675074852719593e-12,,2.0228374730531562e-11,,-1.2740986283727097e-11,1.57116012155568e-11,,7.860469167702176e-12,,3.456401538546462e-12,-7.059763731225726e-12,,0.0,,0.0,0.0,,2.945579142806456e-11,,-2.700559028936093e-11,1.1761876626491895e-11,,,,,,,8.82146076744985e-14,,-8.509901126065963e-14,2.3237368388520563e-14
tuned_5th,PSCAD_EMTDC,B,20,1200.0,negative,1.1872055388531308e-11,,-9.051269005820226e-12,7.68246240033971e-12,,1.8569106818252272e-11,,-1.2251745473601233e-11,1.3953725698814445e-11,,7.058986505944611e-12,,3.2519755004258347e-12,-6.265296947131736e-12,,0.0,,0.0,0.0,,3.5884765180883585e-11,,-3.554186896873288e-11,-4.9489314297712586e-12,,,,,,,5.1843492472066406e-14,,-5.149903264482844e-14,-5.966351342998545e-15
tuned_5th,PSCAD_EMTDC,B,21,1260.0,zero,1.0996970621335342e-11,,-8.445841353751762e-12,7.042806732671941e-12,,1.725572921460196e-11,,-1.1611147750458253e-11,1.276485168909909e-11,,6.612584341419905e-12,,3.1521176200535467e-12,-5.81295330978494e-12,,0.0,,0.0,0.0,,2.869284495189271e-11,,-2.8099630714571784e-11,-5.804317801262179e-12,,,,,,,9.186007043229508e-14,,1.3188776652943514e-14,9.090835335779098e-14
tuned_5th,PSCAD_EMTDC,B,22,1320.0,positive,1.0178813304906712e-11,,-8.076555607469337e-12,6.194956804982702e-12,,1.5741418436170004e-11,,-1.0915282772769604e-11,1.134234792153159e-11,,5.914097390798298e-12,,2.839983239267212e-12,-5.187585483491192e-12,,0.0,,0.0,0.0,,3.063999226406411e-11,,-2.823151848110122e-11,1.190758120665775e-11,,,,,,,4.021398830883393e-14,,-1.2560739669456166e-15,4.019436694230416e-14
tuned_5th,PSCAD_EMTDC,B,23,1380.0,negative,9.782282120036521e-12,,-7.908241695898437e-12,5.7578430644851395e-12,,1.4969901394784212e-11,,-1.0730639899628391e-11,1.0437974665329736e-11,,5.488341858830891e-12,,2.8211421297630068e-12,-4.70776522811743e-12,,0.0,,0.0,0.0,,1.2348644021429303e-11,,-1.2188941775253881e-11,1.9795725719085034e-12,,,,,,,2.766215967823784e-14,,1.2560739669472321e-15,2.7633627272833453e-14
tuned_5th,PSCAD_EMTDC,B,24,1440.0,zero,9.183999034316878e-12,,-7.501273730607604e-12,5.298748029566004e-12,,1.3964356103822025e-11,,-1.0259612162023259e-11,9.473309858714424e-12,,5.021656045130043e-12,,2.746405728729659e-12,-4.204079567371676e-12,,0.0,,0.0,0.0,,3.6094708052008805e-11,,-3.303976962657441e-11,-1.453277579757702e-11,,,,,,,3.183844002474111e-14,,1.1932702685995878e-14,2.9517738223255916e-14
tuned_5th,PSCAD_EMTDC,B,25,1500.0,positive,8.605480727127379e-12,,-7.2199131620114706e-12,4.6826437487784906e-12,,1.3036120202230267e-11,,-9.782304054583391e-12,8.616667413256557e-12,,4.700211499945053e-12,,2.5873553626649928e-12,-3.92397507274249e-12,,0.0,,0.0,0.0,,2.1702027111684692e-11,,-2.1524083497604135e-11,-2.77341131901902e-12,,,,,,,2.6910945039076338e-14,,-2.49644700930722e-14,-1.0048591735576242e-14
tuned_5th,PSCAD_EMTDC,C,1,60.0,positive,99.99999999970977,-59.999999988581116,50.000000017114516,-86.60254036822766,1.9931805416064688e-08,107.50661098840662,-40.33882587558965,81.94474951661599,-69.58972217843419,4.4086413826882705e-05,36.19258215912299,-151.96157008210332,-31.944749499501466,-17.012818189793503,0.00013089973942982002,0.0,,0.0,0.0,,277.9562615502469,118.27716125754333,-131.67822196186424,244.78670142789883,4.4035470467504314e-06,36.19258215922804,107.50661098871865,-1.2388420146360146,101.23884201463602,-0.0,2.5121479338940402e-14,2.512147933901331e-14,-3.552713678800501e-15,2.4868995751603507e-14
tuned_5th,PSCAD_EMTDC,C,2,120.0,negative,1.5171227246455707e-10,,-3.2448158788142365e-11,1.48201655212145e-10,,1.7772530809170527e-10,,-1.604207427626056e-10,-7.649490458707351e-11,,2.5854065361309816e-10,,1.279286213856201e-10,2.2467206635686304e-10,,0.0,,0.0,0.0,,1.0928924225466851e-10,,-4.816290018861653e-11,-9.810440111443005e-11,,,,,,,5.032532102443388e-14,,4.3962588843156356e-14,2.4493442355453255e-14
tuned_5th,PSCAD_EMTDC,C,3,180.0,zero,1.5713038926941013e-10,,-4.549499908282107e-12,1.5706451312292316e-10,,3.202757984799519e-10,,-2.824389080967565e-10,-1.510127487501724e-10,,4.1493320771414946e-10,,2.779016549096521e-10,3.081237366098726e-10,,0.0,,0.0,0.0,,2.2795806534544595e-10,,4.820811885142663e-12,-2.2790708485873509e-10,,,,,,,4.806124569859313e-14,,-1.2246721177726628e-14,-4.647473677704436e-14
tuned_5th,PSCAD_EMTDC,C,4,240.0,positive,2.491982480981325e-10,,4.2194036697684294e-11,2.4560014275715083e-10,,1.0092839213200228e-09,,-9.384404943333914e-10,-3.714612663931761e-10,,1.1586311263569254e-09,,9.806626749383976e-10,6.170306353381367e-10,,0.0,,0.0,0.0,,3.626945556995482e-10,,7.532926794574668e-11,-3.5478562840798746e-10,,,,,,,4.170260226966716e-14,,-2.8143907321870122e-14,3.0773812190237884e-14
tuned_5th,PSCAD_EMTDC,C,5,300.0,negative,19.999999999997492,-120.00000019997935,-10.000000060452479,-17.320508040783622,3.4902980782803234e-07,1.6812449231593403,158.0208837420721,-1.55905260259322,0.6292372159975624,0.29350752568017846,19.835396360286847,-115.18546414482991,-8.440947457859313,-17.9497452567812,0.02487835555848369,0.0,,0.0,0.0,,0.6347244462846083,-115.01581515932016,-0.2684049178305464,-0.5751816433055563,0.293409861615668,99.17698180144667,8.406224615797756,98.82704553476623,1.1729544652339723,-0.0,5.51529477954916e-14,2.757647389774926e-13,5.3290705182007514e-14,1.4210854715202004e-14
tuned_5th,PSCAD_EMTDC,C,6,360.0,zero,2.503145622688253e-10,,-2.456127034968203e-10,-4.828850758531124e-11,,3.3304075798098545e-10,,2.289596748430367e-10,2.418545301877148e-10,,5.562491509104731e-10,,-4.745849390795265e-10,-2.901417816990591e-10,,0.0,,0.0,0.0,,1.253465264236605e-10,,-1.213467937988177e-10,3.1411897765411076e-11,,,,,,,1.262338713874213e-14,,1.2560739669465859e-14,-1.2560739669569257e-15
tuned_5th,PSCAD_EMTDC,C,7,420.0,positive,13.999999999985617,140.0000002361501,-10.724622240745031,8.99902649139974,4.1215968576994043e-07,9.4522114552702,140.16230972999912,-7.2579966473702875,6.055227994213173,0.003926453192596963,4.547905297681415,139.66266021509935,-3.4666255933747365,2.9437984971865747,0.00815959310613214,0.0,,0.0,0.0,,4.99262954140068,-132.00769432859877,-3.3412194563563244,-3.709798145739564,0.009725842754526958,32.48503784061491,67.51579610914222,32.48447479627459,67.51552520372542,-0.0,1.0695084443661336e-14,7.639346031194517e-14,-7.105427357601002e-15,-7.993605777301127e-15
tuned_5th,PSCAD_EMTDC,C,8,480.0,negative,1.7706538285611679e-10,,8.274512864660188e-11,-1.565419863526732e-10,,2.4123467439440773e-10,,2.4070899072985913e-10,-1.5916969309152637e-11,,2.1151328976656097e-10,,-1.5798176113728622e-10,-1.4064008993112393e-10,,0.0,,0.0,0.0,,6.946820837785652e-11,,2.0348398264541723e-11,6.642119137215842e-11,,,,,,,2.340017255997276e-14,,1.7899054028981094e-14,1.507288760337971e-14
tuned_5th,PSCAD_EMTDC,C,9,540.0,zero,9.631000646810374e-11,,2.3579020507529458e-11,-9.337905085077536e-11,,1.6475459890425495e-10,,1.6475168580063893e-10,9.797376942186755e-13,,1.69758930429796e-10,,-1.4114565970282011e-10,-9.431859417805173e-11,,0.0,,0.0,0.0,,2.2992577207043234e-11,,-7.672099790112398e-12,2.1674812373637777e-11,,,,,,,4.842405436112612e-14,,-2.7005590289367107e-14,-4.0194366942298504e-14
tuned_5th,PSCAD_EMTDC,C,10,600.0,positive,8.110296141183081e-11,,-3.6275416165429937e-12,-8.102179516395057e-11,,1.222459781775401e-10,,1.220360643881799e-10,-7.16087768556496e-12,,1.4573905914893476e-10,,-1.2562560976722274e-10,-7.38788165324146e-11,,0.0,,0.0,0.0,,2.63790734704614e-11,,1.8584870414948106e-11,1.8720526403378384e-11,,,,,,,4.200107378745988e-14,,-3.799623750013681e-14,1.789905402899402e-14
tuned_5th,PSCAD_EMTDC,C,11,660.0,negative,9.000000000052754,-129.99999992363195,-5.785088478023394,-6.89439999582201,1.332887311424902e-07,6.939035841609535,-129.83400736429857,-4.444907616188198,-5.328509612893074,0.0017106213897378007,2.0610913210672086,-130.55885190623246,-1.3401808618352187,-1.565890382928889,0.005758694333021138,0.0,,0.0,0.0,,5.757598451185547,-41.21519426004331,4.331097037336827,-3.7936181118117798,0.016038173435489623,22.901014678390304,77.100398239654,22.89992532293283,77.10007467706693,-0.0,5.2142673633510525e-14,5.793630403689432e-13,2.2426505097428162e-14,-4.707345624410664e-14
tuned_5th,PSCAD_EMTDC,C,12,720.0,zero,3.25178628392181e-11,,3.208954967057899e-11,-5.26043777357412e-12,,1.25759481532408e-10,,1.2152641237609112e-10,3.235395324062134e-11,,9.702611991690271e-11,,-8.944314307534686e-11,-3.760308634849293e-11,,0.0,,0.0,0.0,,3.4595406946163065e-10,,-1.4847924755884027e-10,-3.1247100860947626e-10,,,,,,,1.2932072993412288e-14,,6.2803698347329295e-15,-1.130466570252832e-14
tuned_5th,PSCAD_EMTDC,C,13,780.0,positive,6.999999999977808,149.99999999595317,-6.062177826224644,3.5000000004170797,7.070189396518215e-09,5.483557971663335,150.1411621241634,-4.755641127868153,2.7300706019298158,0.0015073135514368907,1.516518850132586,149.48956771914928,-1.3065366983565585,0.7699293984872924,0.005449894073679175,0.0,,0.0,0.0,,5.377051514324744,-121.02753233677994,-2.7716007189716994,-4.60770142720832,0.021521846902832955,21.664555001962764,78.3365424525817,21.66369530004048,78.33630469996055,-0.0,7.303647544146047e-14,1.0433782205956002e-12,6.727951529228449e-14,-2.842170943040401e-14
tuned_5th,PSCAD_EMTDC,C,14,840.0,negative,1.5894729852187383e-11,,1.092344725355476e-11,-1.1546459941160481e-11,,8.976430431040074e-11,,8.802848977007279e-11,1.756745050172102e-11,,8.247040097178725e-11,,-7.714084062457602e-11,-2.9166037512509806e-11,,0.0,,0.0,0.0,,1.978668566078302e-11,,-6.9536254810187026e-12,1.852457886453465e-11,,,,,,,6.323555905157775e-14,,3.579810805798804e-14,5.212706962830529e-14
tuned_5th,PSCAD_EMTDC,C,15,900.0,zero,1.389726856519543e-11,,8.566601089980277e-12,-1.0942916400042438e-11,,8.120356951923329e-11,,7.984736600485512e-11,1.4778966295098636e-11,,7.579834187171747e-11,,-7.128470977217727e-11,-2.576584528398422e-11,,0.0,,0.0,0.0,,2.792888632463016e-11,,5.547646936578849e-12,2.737236388770946e-11,,,,,,,4.41392242447479e-14,,3.9448573024353206e-15,4.396258884314666e-14
tuned_5th,PSCAD_EMTDC,C,16,960.0,positive,1.2209389478450071e-11,,7.094305765316768e-12,-9.936801152517875e-12,,7.449476196060055e-11,,7.335974396557375e-11,1.2954440353485156e-11,,7.007631743623712e-11,,-6.621896346347994e-11,-2.2929002229634377e-11,,0.0,,0.0,0.0,,9.955969032399928e-12,,-8.430768466148397e-12,5.295607844648636e-12,,,,,,,5.988132770453908e-14,,-4.647473677704436e-14,3.776072363134531e-14
tuned_5th,PSCAD_EMTDC,C,17,1020.0,negative,1.0592250890490201e-11,,5.741514102914828e-12,-8.901168166770056e-12,,6.860349412410806e-11,,6.759185230935303e-11,1.1738011221119902e-11,,6.512769879843982e-11,,-6.179287282245038e-11,-2.057323550462524e-11,,0.0,,0.0,0.0,,1.212065001729266e-11,,-1.2090339968848541e-11,8.566424454578676e-13,,,,,,,8.74692294289696e-14,,-5.746538398781406e-14,-6.594388326471838e-14
tuned_5th,PSCAD_EMTDC,C,18,1080.0,zero,9.603206540816633e-12,,5.159951856218358e-12,-8.099164938874384e-12,,6.411000685649226e-11,,6.324834853165024e-11,1.0475656884338147e-11,,6.094776063310117e-11,,-5.804569016055569e-11,-1.8582986303997687e-11,,0.0,,0.0,0.0,,8.579644010091604e-12,,-3.5785547318320597e-12,7.7977071868071e-12,,,,,,,4.34799397350343e-14,,-4.270651487619943e-14,8.164480785155393e-15
tuned_5th,PSCAD_EMTDC,C,19,1140.0,positive,8.44700649027566e-12,,4.403167291132778e-12,-7.208608496308947e-12,,5.991390381876655e-11,,5.909419790446472e-11,9.876823620596155e-12,,5.733380608454392e-11,,-5.4727142739881657e-11,-1.7091084449756363e-11,,0.0,,0.0,0.0,,2.6760082888311116e-11,,-2.675186334803763e-11,-6.632070545480265e-13,,,,,,,3.655180639317972e-14,,3.611212654972081e-14,5.652332851260929e-15
tuned_5th,PSCAD_EMTDC,C,20,1200.0,negative,7.441273611635561e-12,,3.955376921916166e-12,-6.302979166140146e-12,,5.6428425864201806e-11,,5.563905243988519e-11,9.405481864499285e-12,,5.4046357970605576e-11,,-5.172261381094439e-11,-1.5677373199957494e-11,,0.0,,0.0,0.0,,6.779249851171528e-12,,2.9794074495983314e-12,6.089446591759152e-12,,,,,,,4.982613647819497e-14,,3.8938292975360965e-14,-3.108783068193511e-14
tuned_5th,PSCAD_EMTDC,C,21,1260.0,zero,7.113723935944073e-12,,3.5908014530097932e-12,-6.140945624403981e-12,,5.330478517338876e-11,,5.264237397324134e-11,8.37738532255315e-12,,5.1188840401859175e-11,,-4.9093493988878404e-11,-1.449573142862995e-11,,0.0,,0.0,0.0,,1.1305597535799164e-11,,-5.479308662314638e-12,9.889070341773888e-12,,,,,,,4.7625074930440074e-14,,4.1921468646857814e-14,-2.2599518327180096e-14
tuned_5th,PSCAD_EMTDC,C,22,1320.0,positive,6.185024504301041e-12,,2.9794074495983314e-12,-5.4201161766222595e-12,,5.03874671628284e-11,,4.97355047952342e-11,8.07938177389497e-12,,4.8641637579851904e-11,,-4.672799269062543e-11,-1.3509389533006936e-11,,0.0,,0.0,0.0,,2.0663601631473794e-11,,-1.7082605950479472e-11,-1.1626220638061616e-11,,,,,,,2.979454710860088e-14,,-2.8104655010441492e-14,9.891582489708241e-15
tuned_5th,PSCAD_EMTDC,C,23,1380.0,negative,5.7700543676861915e-12,,2.911579455383192e-12,-4.981589352911881e-12,,4.8006855706578433e-11,,4.738413432910938e-11,7.707269861186914e-12,,4.6252166293067634e-11,,-4.448134739149482e-11,-1.2675670437445852e-11,,0.0,,0.0,0.0,,9.999639167611744e-12,,-9.45823697111106e-12,3.2456951305910994e-12,,,,,,,1.5850936827612074e-14,,8.792517768633856e-15,-1.3188776652942706e-14
tuned_5th,PSCAD_EMTDC,C,24,1440.0,zero,5.325878781415547e-12,,2.777179540919861e-12,-4.5444756124143185e-12,,4.601478890222647e-11,,4.540173559077524e-11,7.486200843004239e-12,,4.4244007006425727e-11,,-4.258844392330566e-11,-1.1989854051492778e-11,,0.0,,0.0,0.0,,2.1877842757296227e-11,,-1.3163655173604768e-11,1.747450102816694e-11,,,,,,,5.450279209565757e-14,,-3.611212654972081e-14,-4.082240392577858e-14
tuned_5th,PSCAD_EMTDC,C,25,1500.0,positive,4.874428038565135e-12,,2.519684377695722e-12,-4.172677718198e-12,,4.38344657397367e-11,,4.326232760657273e-11,7.059135694242252e-12,,4.2298319110251916e-11,,-4.0778441336935e-11,-1.123683770830804e-11,,0.0,,0.0,0.0,,7.0912307422048845e-12,,-5.8281832066341724e-12,4.039533877701616e-12,,,,,,,3.6148970794456275e-14,,3.579810805798804e-14,5.024295867787313e-15
detuned_285hz,PSCAD_EMTDC,A,1,60.0,positive,99.9999999997614,-179.99999998842426,-99.9999999997614,-2.020348338200412e-08,2.0204880004693435e-08,107.5761726548038,-160.25883201412475,-101.25371585818769,-36.336179600579186,4.4643448368539656e-05,36.35780177556087,88.0238939915015,1.2537158584263897,36.33617958037564,0.0001320366515431793,0.0,,0.0,0.0,,277.9685175204353,-1.723673735767045,277.84274153627706,-8.361082951034842,4.420886678738378e-06,36.35780177564762,107.57617265506047,-1.2537158657705552,101.25371586577046,-0.0,1.1495736209346793e-13,1.1495736209374223e-13,-9.992007221626409e-14,5.684341886080802e-14
detuned_285hz,PSCAD_EMTDC,A,2,120.0,negative,5.845434350146845e-11,,5.579229346385273e-11,1.7439330957092424e-11,,7.536560374671219e-10,,9.038205836563977e-11,7.482168845570339e-10,,7.316332958897549e-10,,-3.461512189499478e-11,-7.308139797449829e-10,,0.0,,0.0,0.0,,6.846020907275272e-11,,-6.547159945314646e-11,2.0006746145532134e-11,,,,,,,4.438289250507731e-14,,2.5356993207736142e-14,3.642614504144065e-14
detuned_285hz,PSCAD_EMTDC,A,3,180.0,zero,2.061040366958372e-11,,-6.534724813041871e-12,1.9547023073629524e-11,,1.1357582414313157e-09,,7.763416367509446e-11,1.1331018134349727e-09,,1.1167239663937704e-09,,-8.41720286730537e-11,-1.1135472539175415e-09,,0.0,,0.0,0.0,,1.364615731464459e-10,,-1.3578913227077454e-10,1.3530428771953299e-11,,,,,,,8.164480785019187e-15,,3.1401849173664648e-15,-7.536443801534759e-15
detuned_285hz,PSCAD_EMTDC,A,4,240.0,positive,1.1221713431077715e-10,,-1.0968163486778073e-10,2.3719700791827525e-11,,4.06719121580944e-09,,7.374730558807526e-10,3.999772228240925e-09,,4.065295201368261e-09,,-8.471283131952273e-10,-3.976053155486081e-09,,0.0,,0.0,0.0,,1.2250780384073277e-09,,-1.197525219162702e-09,2.583593421133986e-10,,,,,,,2.6385028877331432e-14,,-2.6377553305888644e-14,6.280369834784628e-16
detuned_285hz,PSCAD_EMTDC,A,5,300.0,negative,20.00000000014253,-1.9975293131137875e-07,20.00000000014253,-6.972692683836958e-08,3.486353625745869e-07,6.37750174039182,-5.445654116894674,6.3487179173993145,-0.6052348750638906,0.036745298812203446,13.66469215431564,2.5385678484309753,13.651282082743148,0.6052348053369939,0.01714058190548889,0.0,,0.0,0.0,,2.407713596350345,81.51764697658531,0.35514928689198083,2.381376439387614,0.039653210736868554,68.32346077109129,31.887508701731853,68.25641040267901,31.743589597320643,0.0,7.552919940034709e-14,3.7764599699904415e-13,6.927791673660977e-14,-3.008704396734174e-14
detuned_285hz,PSCAD_EMTDC,A,6,360.0,zero,4.015174245898104e-10,,3.9679549326026816e-10,6.139689550437033e-11,,6.225558738430834e-10,,2.339148866426427e-10,-5.769398944981052e-10,,6.588363680589507e-10,,1.6291404958699542e-10,6.383763563324343e-10,,0.0,,0.0,0.0,,3.1674606511450006e-10,,3.056367101553175e-10,8.315209661189272e-11,,,,,,,5.180662763286414e-14,,-3.34429693699438e-14,-3.9566329958832966e-14
detuned_285hz,PSCAD_EMTDC,A,7,420.0,positive,14.000000000108974,20.00000023570583,13.15569667140688,4.788282060717101,4.113850189080183e-07,10.04139851670448,20.20623194209209,9.423405262484657,3.4683018078378605,0.00280093588994632,3.958831523203026,19.476896628914638,3.732291408922255,1.3199802528792306,0.007103724159237183,0.0,,0.0,0.0,,5.303836367650204,108.03622788255525,-1.6421647022175043,5.043210813122906,0.008599865049896077,28.27736802265865,71.72427511875942,28.27618950488708,71.72381049511311,0.0,3.441333221242959e-14,2.4580951580115515e-13,-3.2862601528904634e-14,1.021405182655144e-14
detuned_285hz,PSCAD_EMTDC,A,8,480.0,negative,8.286376470709257e-11,,-6.100248827874897e-11,-5.608119047625055e-11,,2.8611593180717856e-10,,-6.383619114818145e-11,-2.789036879167841e-10,,2.2284751212778916e-10,,2.7909963545562785e-12,2.2283003388433523e-10,,0.0,,0.0,0.0,,1.8928256003369075e-10,,1.8475340765030328e-10,-4.115903174891995e-11,,,,,,,4.336639710705788e-14,,4.2706514876199027e-14,-7.536443801689855e-15
detuned_285hz,PSCAD_EMTDC,A,9,540.0,zero,2.8866123657068768e-11,,4.970284687209358e-12,-2.8435002463746636e-11,,1.9466367385725144e-10,,-1.1941495203765318e-11,-1.9429705765116673e-10,,1.6668821655925397e-10,,1.6914292038908572e-11,1.6582782717182077e-10,,0.0,,0.0,0.0,,1.5791364502136153e-10,,1.5791361912457935e-10,9.043732562018544e-14,,,,,,,3.432008069787873e-14,,-2.5121479338944643e-15,3.422801559931773e-14
detuned_285hz,PSCAD_EMTDC,A,10,600.0,positive,4.300546334188257e-11,,3.6903453148903444e-11,-2.208178033892861e-11,,1.5020080987442574e-10,,1.4959840946339008e-11,-1.4945396095719117e-10,,1.2919438972963954e-10,,2.2025257010415993e-11,1.2730309655008048e-10,,0.0,,0.0,0.0,,1.0548350526210099e-10,,1.0548006744834294e-10,8.516181495900795e-13,,,,,,,1.0695084443661529e-13,,-8.164480785155716e-14,6.908406818208807e-14
detuned_285hz,PSCAD_EMTDC,A,11,660.0,negative,9.000000000038769,-9.999999924047712,8.863269779219772,-1.5628335872597996,1.3256245035660956e-07,7.13483763086952,-9.83977719993614,7.029880560884997,-1.219297879340007,0.001362950749498979,1.8652969759591025,-10.61286932015596,1.8333892183347753,-0.3435357079198233,0.005213014869446152,0.0,,0.0,0.0,,5.920063108227103,78.77903590503526,1.1520043934088935,5.806895304976503,0.015690330242532743,20.72552195501186,79.27597367598652,20.724336290159904,79.27566370984013,0.0,3.080948908369598e-14,3.4232765648403625e-13,2.220446049250313e-16,3.0808688933348094e-14
detuned_285hz,PSCAD_EMTDC,A,12,720.0,zero,2.6321656088783717e-11,,-2.6194166506713152e-11,-2.587512371910861e-12,,9.382103076066248e-11,,-3.250970641252277e-11,-8.80085495958475e-11,,8.569710199293614e-11,,6.25807452182179e-12,8.546829700694303e-11,,0.0,,0.0,0.0,,4.5181205886961245e-10,,4.503276386298456e-10,3.6594458953034477e-11,,,,,,,7.44026709646803e-14,,5.746538398782698e-14,-4.725978300637951e-14
detuned_285hz,PSCAD_EMTDC,A,13,780.0,positive,6.999999999991037,29.999999996015493,6.062177826726709,3.4999999995739386,6.955439458977025e-09,5.620559429300726,30.13511513262927,4.860906508204304,2.8217505589258476,0.0012172829739356885,1.3795198746100192,29.449494236825682,1.20127131852238,0.6782494406481627,0.004959252929223718,0.0,,0.0,0.0,,5.511392009804208,118.96642067116046,-2.669150333853423,4.821937202102888,0.021231635818120282,19.707426780168365,80.29370613297031,19.706517128639696,80.29348287136052,0.0,7.56940906691755e-14,1.0813441524181772e-12,2.4202861936828413e-14,-7.172040739078511e-14
detuned_285hz,PSCAD_EMTDC,A,14,840.0,negative,2.4358386673868056e-12,,3.893829297535762e-14,-2.4355274219102715e-12,,6.362533356739697e-11,,-9.700031209748362e-12,-6.288157493330172e-11,,6.123830569553887e-11,,9.737085391773299e-12,6.045923628804439e-11,,0.0,,0.0,0.0,,7.228219372912552e-11,,7.074836618829089e-11,-1.481162421823926e-11,,,,,,,1.3322676295502529e-14,,1.8841109504208482e-15,-1.3188776652944322e-14
detuned_285hz,PSCAD_EMTDC,A,15,900.0,zero,3.295930968796251e-12,,2.265957436372424e-12,-2.3934489440175465e-12,,5.4855672825193364e-11,,-7.204840274408106e-12,-5.438046632500428e-11,,5.284025875502492e-11,,9.502199559954205e-12,5.197885290020158e-11,,0.0,,0.0,0.0,,5.660284003102551e-11,,5.6181676393606306e-11,-6.892077856638299e-12,,,,,,,3.244587613268231e-14,,-3.140184917367434e-14,8.164480785155393e-15
detuned_285hz,PSCAD_EMTDC,A,16,960.0,positive,4.136534399456241e-12,,3.4994220719143974e-12,-2.205665885958967e-12,,4.7826856078710855e-11,,-5.563151599608352e-12,-4.75022052820024e-11,,4.614893916642498e-11,,9.107792334332842e-12,4.524127214149776e-11,,0.0,,0.0,0.0,,6.764368673038535e-11,,6.749136639199728e-11,-4.536939168612636e-12,,,,,,,7.14086611788027e-14,,-4.5218662810093895e-14,5.526725454567175e-14
detuned_285hz,PSCAD_EMTDC,A,17,1020.0,negative,4.941979884629108e-12,,4.56457279588547e-12,-1.894159542156106e-12,,4.192770566744173e-11,,-4.0998254281150734e-12,-4.172677718198e-11,,4.070888711515435e-11,,8.713497959106945e-12,3.976541768259223e-11,,0.0,,0.0,0.0,,6.636205641157406e-11,,6.623529242505025e-11,4.0998254281150734e-12,,,,,,,8.322630737606697e-14,,-4.9099735106401146e-14,6.719995723165915e-14
detuned_285hz,PSCAD_EMTDC,A,18,1080.0,zero,4.8117339471661156e-12,,4.602255014893881e-12,-1.4042906950467682e-12,,3.6905635715954914e-11,,-3.758173309105484e-12,-3.671378597989445e-11,,3.6288410224118045e-11,,8.281295664081702e-12,3.5330848542285774e-11,,0.0,,0.0,0.0,,5.501039756871602e-11,,5.497584538533717e-11,-1.949426796701775e-12,,,,,,,8.196303721106207e-14,,7.91326599176627e-14,-2.1353257438093253e-14
detuned_285hz,PSCAD_EMTDC,A,19,1140.0,positive,5.147601051939848e-12,,4.928834246300106e-12,-1.4847186812428446e-12,,3.3181060182415355e-11,,-3.072356923152411e-12,-3.3038513552607467e-11,,3.2564671548834624e-11,,7.983920152406996e-12,3.157079112222987e-11,,0.0,,0.0,0.0,,6.81111688701851e-11,,6.758682801348525e-11,-8.435164725032712e-12,,,,,,,2.4231396436465937e-14,,1.7271017045520403e-14,-1.699625086525019e-14
detuned_285hz,PSCAD_EMTDC,A,20,1200.0,negative,5.238036428225325e-12,,5.04941734712702e-12,-1.3929860293442452e-12,,2.976617640885538e-11,,-2.5046114900923576e-12,-2.966061663699519e-11,,2.9328986347246906e-11,,7.591397037736052e-12,2.8329492250523088e-11,,0.0,,0.0,0.0,,4.50701186376318e-11,,4.4992569496042256e-11,2.64277962645653e-12,,,,,,,7.227202272452783e-14,,-3.73682005166745e-14,-6.186164287214068e-14
detuned_285hz,PSCAD_EMTDC,A,21,1260.0,zero,4.915425879102532e-12,,4.844677290514656e-12,-8.309714337583879e-13,,2.6727164391274255e-11,,-2.3702115756290268e-12,-2.6621859692458615e-11,,2.676498148066034e-11,,7.21614494011063e-12,2.5773852755523506e-11,,0.0,,0.0,0.0,,4.5732701231668825e-11,,4.57311409886071e-11,3.7776424555931625e-13,,,,,,,1.7081747284587307e-14,,-1.2560739669464243e-15,1.7035503176720826e-14
detuned_285hz,PSCAD_EMTDC,A,22,1320.0,positive,5.0810042658804855e-12,,5.025551941755027e-12,-7.486200843004238e-13,,2.428358443112702e-11,,-2.018824883375598e-12,-2.4199521047201287e-11,,2.4457776650903843e-11,,7.066672138043934e-12,2.3414631827105266e-11,,0.0,,0.0,0.0,,5.817104760038068e-11,,5.8000471497745594e-11,4.451526138860239e-12,,,,,,,4.257383221254372e-14,,-2.229531291330933e-14,3.6269135795596885e-14
detuned_285hz,PSCAD_EMTDC,A,23,1380.0,negative,5.055512813251186e-12,,5.004198684316927e-12,-7.184743090936954e-13,,2.22215979963383e-11,,-1.6580176363700663e-12,-2.2159656924879324e-11,,2.2427212012690776e-11,,6.611345325025639e-12,2.1430584491689515e-11,,0.0,,0.0,0.0,,3.371652075859947e-11,,3.369292808938686e-11,-1.261098262814808e-12,,,,,,,5.196324118003181e-14,,5.0870995661354016e-14,1.059812409611505e-14
detuned_285hz,PSCAD_EMTDC,A,24,1440.0,zero,4.819419628180485e-12,,4.746703521092788e-12,-8.340331140528213e-13,,2.0550641489317193e-11,,-1.6529933405022782e-12,-2.0484054252972e-11,,2.0651520400347383e-11,,6.3569903467188675e-12,1.9648765064952234e-11,,0.0,,0.0,0.0,,5.863395082112255e-11,,5.862850848121911e-11,7.988630429783046e-13,,,,,,,4.272498255917042e-14,,4.270651487619862e-14,1.2560739669472321e-15
detuned_285hz,PSCAD_EMTDC,A,25,1500.0,positive,4.692608960130964e-12,,4.65752226943955e-12,-5.727697289278411e-13,,1.8650900910311473e-11,,-1.507288760336424e-12,-1.8589894710815895e-11,,1.9124279729122324e-11,,6.135921328536193e-12,1.81132146403595e-11,,0.0,,0.0,0.0,,3.914298351530457e-11,,3.9109119034862415e-11,1.6278718611633378e-12,,,,,,,1.0033861321985105e-13,,2.888970123978149e-14,-9.608965847144549e-14
detuned_285hz,PSCAD_EMTDC,B,1,60.0,positive,99.999999999698,60.00000001176914,49.999999982059954,86.60254038845284,2.054325526136289e-08,107.57617265492236,79.74116798629935,19.158803317755957,105.85637996130988,4.464417126031719e-05,36.35780177600942,-31.976106008325786,30.84119666430402,-19.253839572857046,0.00013203787509537385,0.0,,0.0,0.0,,277.96851752040993,-121.72367373582492,-146.16228100710913,-236.43833095184314,4.420963865918251e-06,36.35780177611922,107.57617265524723,-1.2537158657999257,101.25371586579992,0.0,2.4868995751603507e-14,2.486899575167861e-14,-2.4868995751603507e-14,0.0
detuned_285hz,PSCAD_EMTDC,B,2,120.0,negative,1.672390115187187e-10,,-2.3315244974470584e-11,-1.656058160981629e-10,,4.196176651546161e-10,,1.767415398521317e-10,-3.8058036339321145e-10,,2.936632132739973e-10,,-2.0003103531027988e-10,2.1500155288533792e-10,,0.0,,0.0,0.0,,1.5839683987321056e-10,,6.89559486374575e-11,1.4259956531956128e-10,,,,,,,3.731406568192787e-14,,-2.574951632241018e-14,-2.7005590289367107e-14
detuned_285hz,PSCAD_EMTDC,B,3,180.0,zero,1.7697950676682683e-10,,1.1076060240538822e-11,-1.7663257543549905e-10,,7.078165034952977e-10,,4.691159930274391e-10,-5.300324402394522e-10,,5.784130966652057e-10,,-4.5797493095911076e-10,3.5329969290508915e-10,,0.0,,0.0,0.0,,3.274092136730593e-10,,2.46994384860462e-11,3.2647623334093555e-10,,,,,,,1.1941376360374196e-13,,-6.500182778955561e-14,1.0017189886403934e-13
detuned_285hz,PSCAD_EMTDC,B,4,240.0,positive,2.776419108850651e-10,,6.74172580279474e-11,-2.693324042886478e-10,,2.942646900309984e-09,,2.096369865799039e-09,-2.0650433810633803e-09,,2.709434027985059e-09,,-2.0289359647910297e-09,1.795675806703658e-09,,0.0,,0.0,0.0,,1.0088793828402535e-09,,6.778051461918848e-10,7.472735730078567e-10,,,,,,,3.8909159393557886e-14,,-1.6642980061765675e-14,3.517007107438033e-14
detuned_285hz,PSCAD_EMTDC,B,5,300.0,negative,19.999999999947665,119.9999998002258,-9.999999939582109,17.320508110510627,3.486718558089141e-07,6.3775017409137025,114.55434590663506,-2.650210184237108,5.800768434847509,0.03674531669231378,13.6646921532401,122.5385678378647,-7.349789755345015,11.51973967566312,0.01714059166398899,0.0,,0.0,0.0,,2.4077135965013405,-158.48235300190888,-2.2399071357383926,-0.88311991600555,0.03965322541010928,68.32346076637928,31.887508704651953,68.25641039852859,31.74358960147145,0.0,1.5203165631859585e-14,7.601582815949684e-14,1.509903313490213e-14,-1.7763568394002505e-15
detuned_285hz,PSCAD_EMTDC,B,6,360.0,zero,1.5173294315067612e-10,,-1.5116347762620605e-10,-1.3133509398398041e-11,,6.365690846800399e-10,,-6.233970462396077e-10,1.288267142719872e-10,,4.931426488730947e-10,,4.722505256119554e-10,-1.420180030728648e-10,,0.0,,0.0,0.0,,1.702609632711366e-10,,-9.869726802682904e-11,-1.3873588179723225e-10,,,,,,,6.021626981844938e-14,,-1.69569985538151e-14,5.777940247955329e-14
detuned_285hz,PSCAD_EMTDC,B,7,420.0,positive,13.999999999926578,-99.99999976418935,-2.431074430580231,-13.787308552104111,4.115675609689245e-07,10.041398516695931,-99.79376805799754,-1.7080651576772714,-9.895059251375516,0.0028009358034709,3.958831523028711,-100.5231033705091,-0.7230092729029247,-3.892249300728591,0.007103728539770523,0.0,,0.0,0.0,,5.303836367572515,-11.963772116303149,5.188631031859469,-1.0994490571235,0.008599863642130974,28.27736802178195,71.72427511963281,28.27618950401253,71.72381049598738,-0.0,3.536299973138038e-14,2.525928552254703e-13,-3.5083047578154947e-14,-4.440892098500626e-15
detuned_285hz,PSCAD_EMTDC,B,8,480.0,negative,2.137868513899349e-10,,-2.1692397409175035e-11,2.126834683793372e-10,,3.5452902146614475e-10,,-2.841616135424243e-10,2.1199765199338414e-10,,2.624788260149326e-10,,2.624780086510179e-10,6.550425737628709e-13,,0.0,,0.0,0.0,,1.6467386922937826e-10,,-1.5951636950640374e-10,-4.089023191999329e-11,,,,,,,3.2005247779521604e-14,,-8.792517768646781e-15,3.0773812190182146e-14
detuned_285hz,PSCAD_EMTDC,B,9,540.0,zero,1.2502896216392165e-10,,-2.8548049120771868e-11,1.217261281368357e-10,,2.740366360087667e-10,,-2.409174990083723e-10,1.3059416735272754e-10,,2.1253987488140356e-10,,2.1235500503698057e-10,-8.862857910778172e-12,,0.0,,0.0,0.0,,1.1515708556883472e-10,,-1.1011246823844356e-10,-3.371051312492412e-11,,,,,,,1.5345997266785984e-14,,1.4444850619901248e-14,-5.181305113669853e-15
detuned_285hz,PSCAD_EMTDC,B,10,600.0,positive,1.0839908779278921e-10,,-3.335504419227812e-11,1.0313972688174038e-10,,2.381085903375212e-10,,-2.1236065736983182e-10,1.0769703800000444e-10,,1.7906736938614415e-10,,1.7900828233473346e-10,-4.599742866959987e-12,,0.0,,0.0,0.0,,9.619878345408673e-11,,-9.106536260365895e-11,-3.100492980012024e-11,,,,,,,4.251561710058929e-14,,-2.6691571797576176e-15,4.2431748695919525e-14
detuned_285hz,PSCAD_EMTDC,B,11,660.0,negative,9.000000000085063,110.0000000757898,-3.0781813011471826,8.457233583081347,1.322815153236742e-07,7.134837630975786,110.16022280192,-2.4589973424071596,6.697704090986903,0.0013629521430802754,1.8652969759025517,109.38713067193301,-0.619183958740033,1.7595294920944706,0.005213017679483684,0.0,,0.0,0.0,,5.920063108268632,-161.2209640943368,-5.604921047949117,-1.905782582599662,0.015690330965342343,20.725521954276914,79.27597367675946,20.72433628939502,79.27566371060529,0.0,2.8457249041605284e-14,3.1619165601484805e-13,9.992007221626409e-15,-2.6645352591003757e-14
detuned_285hz,PSCAD_EMTDC,B,12,720.0,zero,9.800819026935543e-12,,-5.927413050022987e-12,7.805243630608782e-12,,1.5098264659720175e-10,,-1.494012058505794e-10,2.179539547446469e-11,,1.4417034699634069e-10,,1.4349043578061845e-10,-1.398512754798812e-11,,0.0,,0.0,0.0,,3.910937478320788e-10,,-2.769241153448756e-10,2.761654466688396e-10,,,,,,,1.7384830580504453e-14,,-1.6642980062050018e-14,-5.024295867785697e-15
detuned_285hz,PSCAD_EMTDC,B,13,780.0,positive,6.999999999983257,-90.0000000037465,-4.5772088999929574e-10,-6.999999999983257,6.5432491350802205e-09,5.620559429327249,-89.86488486788585,0.013254413020101368,-5.6205438010156055,0.0012172834814065873,1.3795198745748347,-90.55050575988668,-0.01325441347780373,-1.3794561989676684,0.004959255639205648,0.0,,0.0,0.0,,5.511392009812332,-1.0335793280094703,5.510495279410635,-0.09941660533497731,0.02123163599007653,19.707426779687633,80.29370613343848,19.70651712816906,80.29348287183117,-0.0,2.5061666289764112e-14,3.5802380414034365e-13,-1.8528581446908277e-14,1.687538997430238e-14
detuned_285hz,PSCAD_EMTDC,B,14,840.0,negative,1.7829491073416714e-11,,-1.1017024764092312e-11,1.4018413508112216e-11,,1.29847992735034e-10,,-1.2818548851186076e-10,2.0711874668727017e-11,,1.17361723790334e-10,,1.1717176094193168e-10,-6.674777060356464e-12,,0.0,,0.0,0.0,,4.3808890879284636e-11,,-4.336218548694502e-11,-6.240175467792795e-12,,,,,,,1.8972798734337435e-14,,-3.2971941632360805e-15,-1.868410025833725e-14
detuned_285hz,PSCAD_EMTDC,B,15,900.0,zero,1.7223035604426147e-11,,-1.0857503370290041e-11,1.336965130418408e-11,,1.1993444596511266e-10,,-1.1855579744426141e-10,1.813268378684718e-11,,1.0781647206293867e-10,,1.0771336696157475e-10,-4.714045597952166e-12,,0.0,,0.0,0.0,,4.8227062144623484e-11,,-4.263617473404964e-11,-2.2538991262897327e-11,,,,,,,5.1253359054665426e-14,,-1.507288760337971e-14,-4.8986884710933976e-14
detuned_285hz,PSCAD_EMTDC,B,16,960.0,positive,1.6181203516734396e-11,,-1.061068483578495e-11,1.2216575402526717e-11,,1.114870053286857e-10,,-1.1040638954670915e-10,1.548487986452286e-11,,9.982779586496408e-11,,9.977372341650263e-11,-3.2852614605499307e-12,,0.0,,0.0,0.0,,4.040390455887677e-11,,-4.035263226213996e-11,-2.0348398264541724e-12,,,,,,,2.776179216838611e-14,,2.1981294421565253e-14,1.6956998553786826e-14
detuned_285hz,PSCAD_EMTDC,B,17,1020.0,negative,1.4969515813067663e-11,,-1.0339686877416131e-11,1.0824845447149418e-11,,1.0401715311108989e-10,,-1.0319265862375376e-10,1.3070705700050689e-11,,9.295811331736958e-11,,9.293251655552569e-11,-2.1813294528493687e-12,,0.0,,0.0,0.0,,3.649597578621167e-11,,-3.5781779096419756e-11,-7.184743090936954e-12,,,,,,,1.0242851567851428e-13,,-7.954480918806075e-14,-6.453080005190274e-14
detuned_285hz,PSCAD_EMTDC,B,18,1080.0,zero,1.3618575226321589e-11,,-9.747133983508875e-12,9.510992077722834e-12,,9.753528995907695e-11,,-9.692117943756596e-11,1.0927843512439073e-11,,8.718087913794719e-11,,8.716964919517277e-11,-1.3992663991789801e-12,,0.0,,0.0,0.0,,3.620536746752457e-11,,-3.503943938195407e-11,-9.114072704167577e-12,,,,,,,1.8126239737588363e-14,,4.396258884310466e-15,-1.7585035537258625e-14
detuned_285hz,PSCAD_EMTDC,B,19,1140.0,positive,1.2769021003820445e-11,,-9.369683756441295e-12,8.675074852719593e-12,,9.172940929306177e-11,,-9.127135873423826e-11,9.155523145076829e-12,,8.197621319066204e-11,,8.19745272678799e-11,-5.25745459790262e-13,,0.0,,0.0,0.0,,2.7598718339514144e-11,,-2.686993430093065e-11,6.300467018206252e-12,,,,,,,8.578630163250688e-14,,-7.2852290082933e-14,4.529716743302648e-14
detuned_285hz,PSCAD_EMTDC,B,20,1200.0,negative,1.1872055388531308e-11,,-9.051269005820226e-12,7.68246240033971e-12,,8.680287323750505e-11,,-8.647519730069692e-11,7.535187727715173e-12,,7.744460667935621e-11,,7.744449650608547e-11,1.3063169256249008e-13,,0.0,,0.0,0.0,,3.7111078623849676e-11,,-3.5686317474931786e-11,-1.0184247724006438e-11,,,,,,,2.645827087460687e-14,,-2.056821120876456e-14,1.6642980062047847e-14
detuned_285hz,PSCAD_EMTDC,B,21,1260.0,zero,1.0996970621335342e-11,,-8.445841353751762e-12,7.042806732671941e-12,,8.219463458635904e-11,,-8.193810112283843e-11,6.488878113248305e-12,,7.34662405784404e-11,,7.346462614181383e-11,4.87042680683707e-13,,0.0,,0.0,0.0,,2.9921319410797535e-11,,-2.7997888723249074e-11,-1.0554789544255808e-11,,,,,,,7.236951124178838e-14,,2.7633627272832645e-14,6.68859387399287e-14
detuned_285hz,PSCAD_EMTDC,B,22,1320.0,positive,1.0178813304906712e-11,,-8.076555607469337e-12,6.194956804982702e-12,,7.801459039889145e-11,,-7.784392802757461e-11,5.1574397082844636e-12,,6.972273792962913e-11,,6.971524535047698e-11,1.0221301906031375e-12,,0.0,,0.0,0.0,,2.922844338841902e-11,,-2.8141081155481036e-11,7.898193104162861e-12,,,,,,,5.435060503079031e-14,,5.2127069628298825e-14,1.5386906095100968e-14
detuned_285hz,PSCAD_EMTDC,B,23,1380.0,negative,9.782282120036521e-12,,-7.908241695898437e-12,5.7578430644851395e-12,,7.455287206493537e-11,,-7.442740683747872e-11,4.323406594231643e-12,,6.654560846335033e-11,,6.65304698072828e-11,1.4193635826501326e-12,,0.0,,0.0,0.0,,1.225615574785577e-11,,-1.2098504449633696e-11,-1.959475388437351e-12,,,,,,,1.8841109504204443e-14,,-1.1304665702521858e-14,1.507288760336416e-14
detuned_285hz,PSCAD_EMTDC,B,24,1440.0,zero,9.183999034316878e-12,,-7.501273730607604e-12,5.298748029566004e-12,,7.120635246876712e-11,,-7.112142015647416e-11,3.4768127405093513e-12,,6.36273647745136e-11,,6.360067727937888e-11,1.842660509511278e-12,,0.0,,0.0,0.0,,3.794839402008311e-11,,-3.321059568607921e-11,-1.8361289248831537e-11,,,,,,,2.8435583831732217e-14,,1.946914648767725e-14,-2.0725220454625695e-14
detuned_285hz,PSCAD_EMTDC,B,25,1500.0,positive,8.605480727127379e-12,,-7.2199131620114706e-12,4.6826437487784906e-12,,6.806386185545823e-11,,-6.801389316224724e-11,2.6076095553820133e-12,,6.090487832060669e-11,,6.086977621367872e-11,2.0674977495947947e-12,,0.0,,0.0,0.0,,2.225597023300766e-11,,-2.1473840538926252e-11,-5.848280390105325e-12,,,,,,,7.61699675559012e-14,,-7.579621344296245e-14,7.536443801682585e-15
detuned_285hz,PSCAD_EMTDC,C,1,60.0,positive,99.99999999970977,-59.999999988581116,50.000000017114516,-86.60254036822766,1.9931805416064688e-08,107.57617265508674,-40.25883201416278,82.09491253983911,-69.52020036070954,4.464349249205041e-05,36.35780177587477,-151.9761060090206,-32.09491252272464,-17.082340007518166,0.00013203754332242603,0.0,,0.0,0.0,,277.96851752013805,118.27632626421395,-131.68046052917128,244.79941390282914,4.420851989028381e-06,36.35780177598029,107.57617265539895,-1.253715866013663,101.25371586601366,-0.0,5.783398860650275e-14,5.78339886066706e-14,4.263256414560601e-14,3.907985046680551e-14
detuned_285hz,PSCAD_EMTDC,C,2,120.0,negative,1.5171227246455707e-10,,-3.2448158788142365e-11,1.48201655212145e-10,,4.5444724284844165e-10,,-2.671141776630194e-10,-3.6765787442126055e-10,,5.666872925370635e-10,,2.34666018874877e-10,5.158161950815458e-10,,0.0,,0.0,0.0,,1.698637023394563e-10,,-5.9085719405187816e-12,-1.6976090878082365e-10,,,,,,,4.333455185970374e-14,,5.169878828456423e-26,4.333455185970374e-14
detuned_285hz,PSCAD_EMTDC,C,3,180.0,zero,1.5713038926941013e-10,,-4.549499908282107e-12,1.5706451312292316e-10,,8.139692786333188e-10,,-5.466782464679258e-10,-6.030662330106032e-10,,9.337232354877133e-10,,5.421654867231769e-10,7.601944918873489e-10,,0.0,,0.0,0.0,,3.619118925253881e-10,,1.012847803987399e-10,-3.4745015644101686e-10,,,,,,,7.357554448897789e-14,,-3.674016353317988e-14,-6.374575382254699e-14
detuned_285hz,PSCAD_EMTDC,C,4,240.0,positive,2.491982480981325e-10,,4.2194036697684294e-11,2.4560014275715083e-10,,3.4312971857081453e-09,,-2.83384983008661e-09,-1.9347081219570896e-09,,3.6091237773651977e-09,,2.876097563946381e-09,2.1803296179716787e-09,,0.0,,0.0,0.0,,1.1289933285767969e-09,,5.096746214201583e-10,-1.0074014672667167e-09,,,,,,,5.778708176938811e-14,,-5.369716208699498e-14,-2.1353257438267736e-14
detuned_285hz,PSCAD_EMTDC,C,5,300.0,negative,19.999999999997492,-120.00000019997935,-10.000000060452479,-17.320508040783622,3.4902980782803234e-07,6.3775017383674175,-125.4456541008027,-3.6985077331280674,-5.19553355978684,0.03674527479692504,13.664692155923364,-117.46143216049016,-6.30149232732451,-12.124974480996809,0.017140571838120275,0.0,,0.0,0.0,,2.4077135956285063,-38.48235300936673,1.8847578488397085,-1.498256523366898,0.039653187130392495,68.32346077962539,31.887508691841084,68.25641041166396,31.743589588336402,-0.0,1.0298274617522725e-13,5.149137308762009e-13,9.947598300641403e-14,2.6645352591003757e-14
detuned_285hz,PSCAD_EMTDC,C,6,360.0,zero,2.503145622688253e-10,,-2.456127034968203e-10,-4.828850758531124e-11,,5.937364305724353e-10,,3.895512436651471e-10,4.480767540810765e-10,,8.06111017859079e-10,,-6.35184672382422e-10,-4.963420242979992e-10,,0.0,,0.0,0.0,,2.1822832310627025e-10,,-2.1015624755783979e-10,5.880435883659168e-11,,,,,,,3.113695637853093e-14,,2.0725220454582478e-14,-2.3237368388599727e-14
detuned_285hz,PSCAD_EMTDC,C,7,420.0,positive,13.999999999985617,140.0000002361501,-10.724622240745031,8.99902649139974,4.1215968576994043e-07,10.041398516647575,140.2062319418345,-7.715340104748793,6.426757443547017,0.002800935319336813,3.958831523134977,139.4768966311329,-3.00928213599621,2.5722690478527497,0.007103725795436652,0.0,,0.0,0.0,,5.3038363676822975,-131.96377211643255,-3.546466329647847,-3.943761755966437,0.008599865704927283,28.277368022421744,71.72427511898493,28.276189504658177,71.7238104953418,-0.0,3.925356752096478e-14,2.803826251500365e-13,-2.7977620220553945e-14,-2.7533531010703882e-14
detuned_285hz,PSCAD_EMTDC,C,8,480.0,negative,1.7706538285611679e-10,,8.274512864660188e-11,-1.565419863526732e-10,,3.544068890968613e-10,,3.480279504658125e-10,6.693869384654059e-11,,3.4685276181923056e-10,,-2.652690050055742e-10,-2.2347078861672407e-10,,0.0,,0.0,0.0,,8.723189141497511e-11,,-2.5885172310844188e-11,8.330282548792636e-11,,,,,,,1.699257906305989e-14,,-1.3816813636422785e-14,-9.891582489708241e-15
detuned_285hz,PSCAD_EMTDC,C,9,540.0,zero,9.631000646810374e-11,,2.3579020507529458e-11,-9.337905085077536e-11,,2.606860851651602e-10,,2.528074951794928e-10,6.36050735382632e-11,,2.7785816201111914e-10,,-2.292664709094635e-10,-1.569778440192038e-10,,0.0,,0.0,0.0,,5.736277824490218e-11,,-4.685658326299163e-11,3.3090012585252294e-11,,,,,,,3.851177884008769e-14,,3.799623750013681e-14,-6.2803698347329295e-15
detuned_285hz,PSCAD_EMTDC,C,10,600.0,positive,8.110296141183081e-11,,-3.6275416165429937e-12,-8.102179516395057e-11,,2.0175581078866619e-10,,1.9740301455293496e-10,4.168281459313686e-11,,2.3553383697733217e-10,,-2.0104217485367222e-10,-1.2271198919164323e-10,,0.0,,0.0,0.0,,3.098801021697349e-11,,-1.4686016821544557e-11,2.728695085795706e-11,,,,,,,1.3764079219821614e-14,,1.1618684194274014e-14,7.37943455579439e-15
detuned_285hz,PSCAD_EMTDC,C,11,660.0,negative,9.000000000052754,-129.99999992363195,-5.785088478023394,-6.89439999582201,1.332887311424902e-07,7.134837630697693,-129.83977719802738,-4.570883218438849,-5.478406211647142,0.0013629482443232555,1.865296976147384,-130.6128693253742,-1.2142052595845487,-1.4159937841748438,0.005213004631475198,0.0,,0.0,0.0,,5.920063108171446,-41.22096409410306,4.452916654538596,-3.9011127223479916,0.015690329331691365,20.725521957071674,79.27597367395413,20.724336292197805,79.275663707802,-0.0,2.3961277670048557e-14,2.662364185545345e-13,3.1086244689504383e-15,-2.375877272697835e-14
detuned_285hz,PSCAD_EMTDC,C,12,720.0,zero,3.25178628392181e-11,,3.208954967057899e-11,-5.26043777357412e-12,,1.9354339677181093e-10,,1.8185690108252344e-10,6.623529242505025e-11,,1.659457990460948e-10,,-1.4975855889417582e-10,-7.148693768085575e-11,,0.0,,0.0,0.0,,3.603333014428088e-10,,-1.7809495955151712e-10,-3.1324475017311563e-10,,,,,,,1.2434497875790144e-14,,-8.792517768620931e-15,-8.792517768620931e-15
detuned_285hz,PSCAD_EMTDC,C,13,780.0,positive,6.999999999977808,149.99999999595317,-6.062177826224644,3.5000000004170797,7.070189396518215e-09,5.6205594292425545,150.13511513190096,-4.874160921188851,2.7987932420961066,0.0012172819905643018,1.3795198746541948,149.449494239498,-1.188016905035833,0.7012067583209718,0.004959249858970878,0.0,,0.0,0.0,,5.511392009850513,-121.03357932876713,-2.8413449455655515,-4.722520596731493,0.021231636660487715,19.707426780836688,80.29370613229105,19.70651712931702,80.29348287068345,-0.0,3.976830652100237e-14,5.681186645875493e-13,3.9745984281580604e-14,1.3322676295501878e-15
detuned_285hz,PSCAD_EMTDC,C,14,840.0,negative,1.5894729852187383e-11,,1.092344725355476e-11,-1.1546459941160481e-11,,1.4417251273469045e-10,,1.378449868034804e-10,4.2243023582395226e-11,,1.3785102141218442e-10,,-1.2693129865586415e-10,-5.377127045103498e-11,,0.0,,0.0,0.0,,3.66060992828486e-11,,-2.923763372862578e-11,2.202651308438294e-11,,,,,,,2.066291749400615e-14,,9.759105938499291e-15,-1.8213072520726788e-14
detuned_285hz,PSCAD_EMTDC,C,15,900.0,zero,1.389726856519543e-11,,8.566601089980277e-12,-1.0942916400042438e-11,,1.3091441639159465e-10,,1.2577445453230594e-10,3.632314697617392e-11,,1.2638682349087518e-10,,-1.1721556652152895e-10,-4.7266691413199836e-11,,0.0,,0.0,0.0,,3.3732231166075253e-11,,-1.454101878298511e-11,3.0437184367060185e-11,,,,,,,7.738605898254e-15,,7.713079203267323e-15,6.280369834784628e-16
detuned_285hz,PSCAD_EMTDC,C,16,960.0,positive,1.2209389478450071e-11,,7.094305765316768e-12,-9.936801152517875e-12,,1.2028889005496936e-10,,1.1596074862854888e-10,3.197689553666843e-11,,1.1667907705342776e-10,,-1.0887711949195116e-10,-4.19497303111131e-11,,0.0,,0.0,0.0,,2.845323160973998e-11,,-2.7382412479445034e-11,7.732391340525854e-12,,,,,,,3.758207431698416e-14,,1.0676628719043395e-14,3.603362192679246e-14
detuned_285hz,PSCAD_EMTDC,C,17,1020.0,negative,1.0592250890490201e-11,,5.741514102914828e-12,-8.901168166770056e-12,,1.1119074798605669e-10,,1.0743200639297861e-10,2.8666120073664888e-11,,1.0837166782971249e-10,,-1.0164056334987764e-10,-3.759806205262515e-11,,0.0,,0.0,0.0,,3.003933406446035e-11,,-2.9907749189992016e-11,2.8085813900935365e-12,,,,,,,5.865088733198249e-14,,-4.992894018613713e-14,3.077381219020557e-14
detuned_285hz,PSCAD_EMTDC,C,18,1080.0,zero,9.603206540816633e-12,,5.159951856218358e-12,-8.099164938874384e-12,,1.0392792740417001e-10,,1.0066176771113417e-10,2.585000223976967e-11,,1.0129944261827704e-10,,-9.544403645243626e-11,-3.3941316716350636e-11,,0.0,,0.0,0.0,,2.2418054114883422e-11,,-2.0330970238250334e-11,9.44567623144159e-12,,,,,,,5.831028304780006e-14,,-5.777940247955329e-14,-7.850462293416162e-15
detuned_285hz,PSCAD_EMTDC,C,19,1140.0,positive,8.44700649027566e-12,,4.403167291132778e-12,-7.208608496308947e-12,,9.73628538672476e-11,,9.439992496741155e-11,2.3836515670753598e-11,,9.516456665237629e-11,,-8.995813340179514e-11,-3.104559519480015e-11,,0.0,,0.0,0.0,,4.277107292898381e-11,,-4.276806250057908e-11,5.074538826465961e-13,,,,,,,3.862714649720128e-14,,-3.8624274483628196e-14,4.710277376088471e-16
detuned_285hz,PSCAD_EMTDC,C,20,1200.0,negative,7.441273611635561e-12,,3.955376921916166e-12,-6.302979166140146e-12,,9.168466329695317e-11,,8.895767048712185e-11,2.2194826995953844e-11,,8.967689509218072e-11,,-8.504060382119757e-11,-2.8461223007806655e-11,,0.0,,0.0,0.0,,1.3671371255138408e-11,,-1.1631244933929405e-11,7.184743090936954e-12,,,,,,,5.297171784806367e-14,,3.8310255991888965e-14,-3.6583154287332885e-14
detuned_285hz,PSCAD_EMTDC,C,21,1260.0,zero,7.113723935944073e-12,,3.5908014530097932e-12,-6.140945624403981e-12,,8.664171497964581e-11,,8.427220057191773e-11,2.012418906144168e-11,,8.486165742936132e-11,,-8.069081967366004e-11,-2.6277224397777526e-11,,0.0,,0.0,0.0,,2.2421800602223462e-11,,-1.9624585641088504e-11,1.084494263062057e-11,,,,,,,1.5326708271276734e-14,,9.420554752099394e-15,1.2089711931866705e-14
detuned_285hz,PSCAD_EMTDC,C,22,1320.0,positive,6.185024504301041e-12,,2.9794074495983314e-12,-5.4201161766222595e-12,,8.203107223376994e-11,,7.979586697221028e-11,1.9018843970528302e-11,,8.056656261189922e-11,,-7.677453805396509e-11,-2.4426242398235222e-11,,0.0,,0.0,0.0,,3.2655126807011957e-11,,-3.0678350568714015e-11,-1.1189106897564054e-11,,,,,,,4.380811193128076e-14,,-4.1921468646864277e-14,-1.2717748915338706e-14
detuned_285hz,PSCAD_EMTDC,C,23,1380.0,negative,5.7700543676861915e-12,,2.911579455383192e-12,-4.981589352911881e-12,,7.818474730654835e-11,,7.611305810112162e-11,1.787895684552388e-11,,7.663030330926657e-11,,-7.314369924325887e-11,-2.2851753680667133e-11,,0.0,,0.0,0.0,,2.2567044369951788e-11,,-2.227521572983845e-11,3.6174930248074175e-12,,,,,,,5.844456963317748e-14,,-5.777940247956622e-14,-8.792517768627394e-15
detuned_285hz,PSCAD_EMTDC,C,24,1440.0,zero,5.325878781415547e-12,,2.777179540919861e-12,-4.5444756124143185e-12,,7.470512377311765e-11,,7.274520977724492e-11,1.6999705068660967e-11,,7.318998729066055e-11,,-6.996206388498206e-11,-2.1496135851839563e-11,,0.0,,0.0,0.0,,3.134035951762644e-11,,-2.5558593079437963e-11,1.813770808271497e-11,,,,,,,4.841387161380621e-14,,-5.966351343006623e-15,-4.804482923572436e-14
detuned_285hz,PSCAD_EMTDC,C,25,1500.0,positive,4.874428038565135e-12,,2.519684377695722e-12,-4.172677718198e-12,,7.134943411150687e-11,,6.953060247733577e-11,1.6007406634772822e-11,,6.997213623089035e-11,,-6.699898539695404e-11,-2.0180084352970823e-11,,0.0,,0.0,0.0,,1.8102130820162876e-11,,-1.758503553725828e-11,4.2957729669588085e-12,,,,,,,1.1932702686000321e-14,,-1.1932702686000321e-14,0.0
stiff_grid,PSCAD_EMTDC,A,1,60.0,positive,99.9999999997614,-179.99999998842426,-99.9999999997614,-2.020348338200412e-08,2.0204880004693435e-08,106.97716082511629,-160.26192279259803,-100.69185816329174,-36.1284187008833,4.37787321943823e-05,36.13504260527359,88.9029215884377,0.6918581635304792,36.12841868067981,0.00012955046875959956,0.0,,0.0,0.0,,277.51436220913405,-0.8583470720156026,277.48322153992603,-4.157282305398556,2.1795435063097618e-06,36.13504260535981,106.97716082537153,-0.691858170831329,100.69185817083117,-0.0,1.3829439974707766e-13,1.3829439974740762e-13,-1.3811174426336947e-13,7.105427357601002e-15
stiff_grid,PSCAD_EMTDC,A,2,120.0,negative,5.845434350146845e-11,,5.579229346385273e-11,1.7439330957092424e-11,,4.659315417626183e-09,,5.5490835711785445e-11,4.65898496757406e-09,,4.6416191289579865e-09,,3.339586659620389e-13,-4.6416191169440335e-09,,0.0,,0.0,0.0,,3.279027213349892e-10,,-3.263380652045714e-10,3.1994716086074495e-11,,,,,,,8.034717088823404e-14,,-3.2500913894754886e-14,7.348032706615297e-14
stiff_grid,PSCAD_EMTDC,A,3,180.0,zero,2.061040366958372e-11,,-6.534724813041871e-12,1.9547023073629524e-11,,6.398844069993975e-09,,3.3319874121203595e-11,6.39875731826779e-09,,6.379324715430756e-09,,-3.985020267536115e-11,-6.379200246602425e-09,,0.0,,0.0,0.0,,6.60461239950235e-10,,-6.594375765732185e-10,3.675774856873759e-11,,,,,,,1.096819438411632e-14,,-4.396258884310466e-15,-1.0048591735655405e-14
stiff_grid,PSCAD_EMTDC,A,4,240.0,positive,1.1221713431077715e-10,,-1.0968163486778073e-10,2.3719700791827525e-11,,1.3389024854615903e-08,,4.876499924467258e-10,1.3380141405919038e-08,,1.3369792346640087e-08,,-5.973496048731585e-10,-1.3356441174273698e-08,,0.0,,0.0,0.0,,2.0230508380205138e-09,,-2.0161605934824574e-09,1.668267199940354e-10,,,,,,,2.6499816603467292e-14,,1.79775586519676e-14,1.9469146487005167e-14
stiff_grid,PSCAD_EMTDC,A,5,300.0,negative,20.00000000014253,-1.9975293131137875e-07,20.00000000014253,-6.972692683836958e-08,3.486353625745869e-07,3.312314790125162,-77.2757085977157,0.7295697171464072,-3.230968476587911,0.2891277370163757,19.539412481903,9.517943550595211,19.270430282996095,3.2309684068609683,0.04901420762211318,0.0,,0.0,0.0,,0.6252530912885109,9.687592497429101,0.6163369400960195,0.10521503903394565,0.28878814169095746,97.69706240881875,16.561573950507785,96.35215135797243,3.6478486420274145,0.0,3.260957681782951e-14,1.6304788408798558e-13,2.842170943040401e-14,1.5987211554602254e-14
stiff_grid,PSCAD_EMTDC,A,6,360.0,zero,4.015174245898104e-10,,3.9679549326026816e-10,6.139689550437033e-11,,6.234049132764388e-09,,8.592940176020928e-10,-6.17454309087188e-09,,6.253119296493471e-09,,-4.6250527573939693e-10,6.235991485408895e-09,,0.0,,0.0,0.0,,1.4309714480181846e-09,,1.4267317125402438e-09,1.1007227387150125e-10,,,,,,,5.1939693226749026e-14,,6.751397572290078e-15,-5.149903264440677e-14
stiff_grid,PSCAD_EMTDC,A,7,420.0,positive,14.000000000108974,20.00000023570583,13.15569667140688,4.788282060717101,4.113850189080183e-07,11.285169278819081,20.096892284091286,10.59804794428457,3.877682996616353,0.0023439283889091843,2.7149139336066437,19.59724284505385,2.5576487271222943,0.9105990641007748,0.009741858938165569,0.0,,0.0,0.0,,2.9803961637505902,107.92688822465952,-0.917375344799659,2.8356981097523306,0.008143307617376028,19.39224238275365,80.60835199093741,19.39176326968298,80.60823673031699,0.0,3.0626061064194705e-14,2.187575790282594e-13,1.509903313490213e-14,-2.6645352591003757e-14
stiff_grid,PSCAD_EMTDC,A,8,480.0,negative,8.286376470709257e-11,,-6.100248827874897e-11,-5.608119047625055e-11,,2.0911405068731066e-09,,1.0476787350908399e-10,-2.0885143792097525e-09,,2.0391898260641602e-09,,-1.657954832671719e-10,2.032438684057107e-09,,0.0,,0.0,0.0,,6.410129714099023e-10,,6.409996668124032e-10,-4.129971203321801e-12,,,,,,,2.5715507105685637e-14,,2.5121479338931718e-14,-5.495323605229755e-15
stiff_grid,PSCAD_EMTDC,A,9,540.0,zero,2.8866123657068768e-11,,4.970284687209358e-12,-2.8435002463746636e-11,,1.4786252976495922e-09,,1.181505369545194e-10,-1.4738972899991043e-09,,1.449865655600856e-09,,-1.1319738590126543e-10,1.4454399922224443e-09,,0.0,,0.0,0.0,,5.162520585542988e-10,,5.160278435449764e-10,1.5213567887662307e-11,,,,,,,2.8118363935655063e-14,,1.7133633955379642e-14,2.2295312913278635e-14
stiff_grid,PSCAD_EMTDC,A,10,600.0,positive,4.300546334188257e-11,,3.6903453148903444e-11,-2.208178033892861e-11,,1.1202694906132584e-09,,1.2214063254592823e-10,-1.1135912165063848e-09,,1.0947760445709899e-09,,-8.517939999454521e-11,1.091457309097828e-09,,0.0,,0.0,0.0,,4.178326743833329e-10,,4.175843024594707e-10,1.4404656252948425e-11,,,,,,,7.781831878761395e-14,,-5.777940247957914e-14,5.2127069628298825e-14
stiff_grid,PSCAD_EMTDC,A,11,660.0,negative,9.000000000038769,-9.999999924047712,8.863269779219772,-1.5628335872597996,1.3256245035660956e-07,7.8362816450748625,-9.906271980587885,7.719446601844419,-1.3481298832864141,0.0009659084595655982,1.1637994421725273,-10.631116473468808,1.1438231773754102,-0.2147037039734211,0.006503343868889346,0.0,,0.0,0.0,,3.2510397764162646,78.71254112431821,0.636330888026244,3.188156619236961,0.015293977245292077,12.931104912972378,87.0697960560123,12.930320445174226,87.06967955482646,0.0,6.746804402310168e-14,7.496449335867895e-13,-5.728750807065808e-14,3.5638159090467525e-14
stiff_grid,PSCAD_EMTDC,A,12,720.0,zero,2.6321656088783717e-11,,-2.6194166506713152e-11,-2.587512371910861e-12,,7.015175961164953e-10,,4.1520781051400694e-11,-7.002877711355154e-10,,7.010362570267136e-10,,-6.773127651968415e-11,6.977566250828712e-10,,0.0,,0.0,0.0,,5.201863281400907e-10,,5.192057106813524e-10,3.1925632017892406e-11,,,,,,,5.868387285829972e-14,,1.6328961570310787e-14,-5.636631926677845e-14
stiff_grid,PSCAD_EMTDC,A,13,780.0,positive,6.999999999991037,29.999999996015493,6.062177826726709,3.4999999995739386,6.955439458977025e-09,6.149678574406895,30.079154904946463,5.321524856927782,3.082193985721693,0.0008452050927940412,0.8503697353992693,29.42756053730025,0.7406529697988729,0.41780601385228183,0.006111903157294137,0.0,,0.0,0.0,,3.0151170701083765,118.91046044361481,-1.4576348538803532,2.6393619644171813,0.020860386807556048,12.148139077147974,87.85255106306813,12.147532773743327,87.85246722625627,0.0,6.457206863603533e-14,9.224581233731143e-13,5.3512749786932545e-14,-3.6137759451548845e-14
stiff_grid,PSCAD_EMTDC,A,14,840.0,negative,2.4358386673868056e-12,,3.893829297535762e-14,-2.4355274219102715e-12,,4.9332138188172e-10,,5.08094480369739e-11,-4.906978559275228e-10,,4.908943618244948e-10,,-5.0735653691415764e-11,4.882654686905299e-10,,0.0,,0.0,0.0,,2.6288760483341435e-10,,2.628623672849037e-10,3.642614504146358e-12,,,,,,,3.499721650315238e-14,,-3.485605258278327e-14,-3.1401849172889166e-15
stiff_grid,PSCAD_EMTDC,A,15,900.0,zero,3.295930968796251e-12,,2.265957436372424e-12,-2.3934489440175465e-12,,4.232119228794901e-10,,4.791419754316102e-11,-4.2049085761898606e-10,,4.206034682787746e-10,,-4.566786626252215e-11,4.181168778214562e-10,,0.0,,0.0,0.0,,2.3672695356351406e-10,,2.3660414100587626e-10,7.624368979368411e-12,,,,,,,2.764477624862107e-14,,1.962615573355333e-14,-1.946914648767725e-14
stiff_grid,PSCAD_EMTDC,A,16,960.0,positive,4.136534399456241e-12,,3.4994220719143974e-12,-2.205665885958967e-12,,3.6737341216830016e-10,,4.519354133075378e-11,-3.6458300535017424e-10,,3.6475909779770236e-10,,-4.1653924891897075e-11,3.6237294320533095e-10,,0.0,,0.0,0.0,,2.2726929190630847e-10,,2.270981732240212e-10,8.81763924796808e-12,,,,,,,4.0434072588238535e-14,,-4.019436694231143e-14,4.396258884297541e-15
stiff_grid,PSCAD_EMTDC,A,17,1020.0,negative,4.941979884629108e-12,,4.56457279588547e-12,-1.894159542156106e-12,,3.2210389350682943e-10,,4.294140070801777e-11,-3.192286865516512e-10,,3.196140474967788e-10,,-3.833372887414143e-11,3.1730689338222227e-10,,0.0,,0.0,0.0,,2.1314181468787171e-10,,2.127236627462795e-10,1.334452982484514e-11,,,,,,,5.119711351231388e-14,,-4.309903799086701e-14,2.763362727284557e-14
stiff_grid,PSCAD_EMTDC,A,18,1080.0,zero,4.8117339471661156e-12,,4.602255014893881e-12,-1.4042906950467682e-12,,2.8463446203477853e-10,,4.01692454629657e-11,-2.8178574963394405e-10,,2.8259277612833775e-10,,-3.558645959455949e-11,2.803431486829054e-10,,0.0,,0.0,0.0,,1.9592690593734931e-10,,1.9567622686687455e-10,9.907911451278093e-12,,,,,,,4.297351951052775e-14,,1.946914648767725e-14,3.831025599187604e-14
stiff_grid,PSCAD_EMTDC,A,19,1140.0,positive,5.147601051939848e-12,,4.928834246300106e-12,-1.4847186812428446e-12,,2.5389822120530473e-10,,3.805276082865997e-11,-2.510304645347545e-10,,2.517110767070321e-10,,-3.312518265632681e-11,2.495219197004511e-10,,0.0,,0.0,0.0,,1.9261954328964867e-10,,1.9250840832223418e-10,6.5422612568435535e-12,,,,,,,2.3859239121840413e-14,,1.256073966944001e-15,2.382615306050739e-14
stiff_grid,PSCAD_EMTDC,A,20,1200.0,negative,5.238036428225325e-12,,5.04941734712702e-12,-1.3929860293442452e-12,,2.2771942051726638e-10,,3.608449292245399e-11,-2.2484226437938436e-10,,2.2564751828951926e-10,,-3.108327741380856e-11,2.2349638112380063e-10,,0.0,,0.0,0.0,,1.7181434002062577e-10,,1.7136365916264805e-10,1.2436388346742445e-11,,,,,,,6.739501857660075e-14,,4.8201838481590744e-14,-4.710277376052282e-14
stiff_grid,PSCAD_EMTDC,A,21,1260.0,zero,4.915425879102532e-12,,4.844677290514656e-12,-8.309714337583879e-13,,2.0524952478709565e-10,,3.4181540862529254e-11,-2.023832742337959e-10,,2.0370711361950999e-10,,-2.932681498027902e-11,2.0158503432126213e-10,,0.0,,0.0,0.0,,1.6449770653199706e-10,,1.6413558151985142e-10,1.0909002402934868e-11,,,,,,,3.423925638130883e-14,,-1.0048591735577857e-14,-3.273152122460357e-14
stiff_grid,PSCAD_EMTDC,A,22,1320.0,positive,5.0810042658804855e-12,,5.025551941755027e-12,-7.486200843004238e-13,,1.862250542151508e-10,,3.2615844662729796e-11,-1.8334660480732261e-10,,1.8467601010239667e-10,,-2.7548214243082042e-11,1.8260976041646232e-10,,0.0,,0.0,0.0,,1.6425327509420839e-10,,1.6372170514774237e-10,1.3203849540547073e-11,,,,,,,4.369513997877788e-14,,-4.207847789272743e-14,-1.177569344014363e-14
stiff_grid,PSCAD_EMTDC,A,23,1380.0,negative,5.055512813251186e-12,,5.004198684316927e-12,-7.184743090936954e-13,,1.6988597490268562e-10,,3.128126607284858e-11,-1.669812170919699e-10,,1.683263474145954e-10,,-2.6310353348655754e-11,1.6625740446851665e-10,,0.0,,0.0,0.0,,1.444821719228073e-10,,1.4412695126336885e-10,1.0125212247559927e-11,,,,,,,3.3711314741259277e-14,,3.3285960124096805e-14,5.338314359541085e-15
stiff_grid,PSCAD_EMTDC,A,24,1440.0,zero,4.819419628180485e-12,,4.746703521092788e-12,-8.340331140528213e-13,,1.5568782520762015e-10,,2.971117361416481e-11,-1.5282651955844392e-10,,1.5403818168472997e-10,,-2.5028529865386318e-11,1.5199123037042415e-10,,0.0,,0.0,0.0,,1.5256834651293567e-10,,1.5214070317249084e-10,1.1415200211614517e-11,,,,,,,6.40720855815561e-14,,6.405977231429915e-14,1.2560739669310763e-15
stiff_grid,PSCAD_EMTDC,A,25,1500.0,positive,4.692608960130964e-12,,4.65752226943955e-12,-5.727697289278411e-13,,1.4280997211384622e-10,,2.8502830457961777e-11,-1.3993668850963359e-10,,1.415055307144113e-10,,-2.3837771744720546e-11,1.3948324580756573e-10,,0.0,,0.0,0.0,,1.3673142073841456e-10,,1.3623880675094158e-10,1.1596074862854887e-11,,,,,,,1.1956478296060964e-13,,-7.536443801683393e-15,-1.1932702685997736e-13
stiff_grid,PSCAD_EMTDC,B,1,60.0,positive,99.999999999698,60.00000001176914,49.999999982059954,86.60254038845284,2.054325526136289e-08,106.97716082420752,79.73807720933141,19.0578006844134,105.26591647385933,4.378154112844843e-05,36.13504260798093,-31.097078408294404,30.9421992976465,-18.66337608540646,0.000129557857454397,0.0,,0.0,0.0,,277.5143622092195,-120.85834707203274,-142.3419228572567,-238.2288778248528,2.179585594472452e-06,36.13504260809005,106.97716082453057,-0.6918581689449492,100.69185816894495,0.0,6.608429443751005e-14,6.608429443770963e-14,5.3290705182007514e-14,-3.907985046680551e-14
stiff_grid,PSCAD_EMTDC,B,2,120.0,negative,1.672390115187187e-10,,-2.3315244974470584e-11,-1.656058160981629e-10,,2.9170672710350674e-09,,1.5021011748529327e-10,-2.91319727865262e-09,,2.753092992146383e-09,,-1.735033811653423e-10,2.747620352255697e-09,,0.0,,0.0,0.0,,2.329121984671908e-10,,2.2706049100501279e-10,5.1880879130779713e-11,,,,,,,3.6301406889549514e-14,,-2.1981294421565253e-14,-2.88897012395957e-14
stiff_grid,PSCAD_EMTDC,B,3,180.0,zero,1.7697950676682683e-10,,1.1076060240538822e-11,-1.7663257543549905e-10,,3.977392491535077e-09,,3.4564894637241485e-10,-3.962344992247804e-09,,3.80041796571014e-09,,-3.3459361135233063e-10,3.785660289742677e-09,,0.0,,0.0,0.0,,4.1587511813543583e-10,,3.9499506823789544e-10,1.301192143839757e-10,,,,,,,5.609604398601954e-14,,2.0725220454582478e-14,5.2127069627885234e-14
stiff_grid,PSCAD_EMTDC,B,4,240.0,positive,2.776419108850651e-10,,6.74172580279474e-11,-2.693324042886478e-10,,8.31485988985347e-09,,7.047052262680221e-10,-8.284943302881716e-09,,8.04086624249792e-09,,-6.372722673154879e-10,8.01557321637406e-09,,0.0,,0.0,0.0,,1.2682656599047288e-09,,1.263233588558618e-09,1.1286578237399143e-10,,,,,,,4.082240392606032e-14,,-1.5700924586858173e-14,3.768221900870777e-14
stiff_grid,PSCAD_EMTDC,B,5,300.0,negative,19.999999999947665,119.9999998002258,-9.999999939582109,17.320508110510627,3.486718558089141e-07,3.3123147647820295,42.7242916946336,2.4333158908940797,2.247310142395878,0.2891283711961664,19.539412466252593,129.5179434736986,-12.433315830476193,15.073197968114707,0.049014316066033556,0.0,,0.0,0.0,,0.6252530865469075,129.68759278744415,-0.39928736611905974,0.48115592222702463,0.288788763978879,97.69706233151861,16.561573823953484,96.35215130341183,3.647848696587994,0.0,4.10103822212278e-14,2.0505191110667556e-13,3.552713678800501e-15,4.085620730620576e-14
stiff_grid,PSCAD_EMTDC,B,6,360.0,zero,1.5173294315067612e-10,,-1.5116347762620605e-10,-1.3133509398398041e-11,,3.789739698826518e-09,,-1.1473281071846148e-09,3.6118921909888006e-09,,3.759468749524636e-09,,9.961665136693592e-10,-3.6250872480115793e-09,,0.0,,0.0,0.0,,8.555005102708189e-10,,-8.435491304264118e-10,-1.4249907940220553e-10,,,,,,,6.157645606036194e-14,,-1.8841109504353885e-15,6.154762438047577e-14
stiff_grid,PSCAD_EMTDC,B,7,420.0,positive,13.999999999926578,-99.99999976418935,-2.431074430580231,-13.787308552104111,4.115675609689245e-07,11.285169277799065,-99.90310770461399,-1.9408519868826286,-11.117020247961843,0.002343919708652635,2.714913934463466,-100.40275720119332,-0.4902224436976193,-2.6702883041422756,0.00974182954039119,0.0,,0.0,0.0,,2.9803961634560694,-12.073111762873591,2.9144742727564945,-0.6233787007783949,0.008143298440001903,19.39224238912646,80.60835198470178,19.391763275945348,80.60823672405472,-0.0,1.8335241657215834e-14,1.309660118379428e-13,1.6708856520608606e-14,7.549516567451064e-15
stiff_grid,PSCAD_EMTDC,B,8,480.0,negative,2.137868513899349e-10,,-2.1692397409175035e-11,2.126834683793372e-10,,1.430105459773383e-09,,-4.168080487478974e-10,1.3680177910292723e-09,,1.2210533818490132e-09,,3.951288401153753e-10,-1.155354733851898e-09,,0.0,,0.0,0.0,,4.3296483805234594e-10,,-4.311900956694408e-10,-3.9161874141474186e-11,,,,,,,2.4301460762045258e-14,,-1.3188776652944322e-14,2.0411201962843247e-14
stiff_grid,PSCAD_EMTDC,B,9,540.0,zero,1.2502896216392165e-10,,-2.8548049120771868e-11,1.217261281368357e-10,,1.005618662117589e-09,,-3.365198007806439e-10,9.476409221227866e-10,,8.814249816704615e-10,,3.080125740637978e-10,-8.258560725279961e-10,,0.0,,0.0,0.0,,3.3561739012193695e-10,,-3.3414582098311405e-10,-3.1394312729873815e-11,,,,,,,7.151697900924096e-14,,-4.082240392578989e-14,-5.872145795471929e-14
stiff_grid,PSCAD_EMTDC,B,10,600.0,positive,1.0839908779278921e-10,,-3.335504419227812e-11,1.0313972688174038e-10,,7.797704047157728e-10,,-2.875819029544211e-10,7.248024097391744e-10,,6.716467765031858e-10,,2.5423816342784547e-10,-6.216690024795804e-10,,0.0,,0.0,0.0,,2.8073319122282975e-10,,-2.793659231366206e-10,-2.767319360279327e-11,,,,,,,1.2951181054928325e-14,,-1.1304665702508933e-14,6.319622146303731e-15
stiff_grid,PSCAD_EMTDC,B,11,660.0,negative,9.000000000085063,110.0000000757898,-3.0781813011471826,8.457233583081347,1.322815153236742e-07,7.836281645438045,110.0937280256298,-2.6922085753186242,7.359301802046853,0.0009659128358210946,1.1637994418667192,109.36888348321068,-0.38597272582855724,1.0979317810345781,0.0065033692952205305,0.0,,0.0,0.0,,3.2510397765561425,-161.2874588706892,-3.0791900675574415,-1.0429995956882296,0.01529398173130982,12.931104909507996,87.06979605959978,12.930320441602769,87.06967955839811,0.0,8.416222831884038e-14,9.351358702004992e-13,-1.1102230246251565e-15,-8.415490526658687e-14
stiff_grid,PSCAD_EMTDC,B,12,720.0,zero,9.800819026935543e-12,,-5.927413050022987e-12,7.805243630608782e-12,,4.5660912667898326e-10,,-2.0054602563672814e-10,4.1021114827349165e-10,,4.470362898144121e-10,,1.94616414457263e-10,-4.02449867231726e-10,,0.0,,0.0,0.0,,3.548217307909621e-10,,-3.2566983385415557e-10,1.4084608606170324e-10,,,,,,,4.4017507776276755e-14,,2.1981294421487705e-15,4.3962588843130507e-14
stiff_grid,PSCAD_EMTDC,B,13,780.0,positive,6.999999999983257,-90.0000000037465,-4.5772088999929574e-10,-6.999999999983257,6.5432491350802205e-09,6.149678574307286,-89.9208450915094,0.00849586294296736,-6.149672705730521,0.0008452032655054992,0.8503697354951101,-90.57243948630291,-0.008495863400699554,-0.8503272942526896,0.006111890970882742,0.0,,0.0,0.0,,3.0151170700641394,-1.089539551563692,3.014571937868451,-0.057332169052066104,0.02086038549356881,12.148139078530628,87.85255106174279,12.147532775075415,87.85246722492393,-0.0,4.776408422286332e-14,6.82344060328251e-13,1.1303458169464875e-14,-4.6407322429331543e-14
stiff_grid,PSCAD_EMTDC,B,14,840.0,negative,1.7829491073416714e-11,,-1.1017024764092312e-11,1.4018413508112216e-11,,3.378448539150711e-10,,-1.682919302764791e-10,2.929453387932848e-10,,3.2019788018973616e-10,,1.5723087423199858e-10,-2.789357178029412e-10,,0.0,,0.0,0.0,,1.6734996721022773e-10,,-1.669498152427962e-10,-1.156592908764816e-11,,,,,,,4.49005792984596e-14,,4.403128038821139e-14,8.792517768646781e-15
stiff_grid,PSCAD_EMTDC,B,15,900.0,zero,1.7223035604426147e-11,,-1.0857503370290041e-11,1.336965130418408e-11,,2.950780368957353e-10,,-1.5468299688159162e-10,2.51285133531553e-10,,2.7800665489844444e-10,,1.4385438321254135e-10,-2.3789412896993084e-10,,0.0,,0.0,0.0,,1.5602358787035614e-10,,-1.5470811836093055e-10,-2.0217766571979233e-11,,,,,,,3.5924593817323215e-14,,-2.8889701239776646e-14,-2.135325743806094e-14
stiff_grid,PSCAD_EMTDC,B,16,960.0,positive,1.6181203516734396e-11,,-1.061068483578495e-11,1.2216575402526717e-11,,2.6055270917526636e-10,,-1.4336828258733284e-10,2.1756205966695943e-10,,2.445041570822917e-10,,1.3275696971456443e-10,-2.0532381698850288e-10,,0.0,,0.0,0.0,,1.437701863117107e-10,,-1.4349891427989535e-10,-8.827687839703656e-12,,,,,,,2.1676376004115684e-14,,6.280369834526134e-16,-2.1667275929826022e-14
stiff_grid,PSCAD_EMTDC,B,17,1020.0,negative,1.4969515813067663e-11,,-1.0339686877416131e-11,1.0824845447149418e-11,,2.3215688125796693e-10,,-1.3358517386036438e-10,1.8987316513957933e-10,,2.1737777928195885e-10,,1.2326262061690363e-10,-1.7905145987734727e-10,,0.0,,0.0,0.0,,1.3292060988912698e-10,,-1.3241029329968706e-10,-1.1636269229797192e-11,,,,,,,1.7419017590911224e-14,,-1.7133633955392567e-14,3.1401849173406154e-15
stiff_grid,PSCAD_EMTDC,B,18,1080.0,zero,1.3618575226321589e-11,,-9.747133983508875e-12,9.510992077722834e-12,,2.0871496133936008e-10,,-1.250069933385013e-10,1.6713822633783827e-10,,1.95229137351974e-10,,1.1526613972482718e-10,-1.5756945485763586e-10,,0.0,,0.0,0.0,,1.2550799568266161e-10,,-1.248939466814761e-10,-1.239996220170098e-11,,,,,,,5.811972467380056e-14,,-6.280369834745854e-15,-5.777940247957914e-14
stiff_grid,PSCAD_EMTDC,B,19,1140.0,positive,1.2769021003820445e-11,,-9.369683756441295e-12,8.675074852719593e-12,,1.891053153805253e-10,,-1.1754654201181948e-10,1.4813382721792986e-10,,1.7652513482765374e-10,,1.0818408068068814e-10,-1.3948952617740046e-10,,0.0,,0.0,0.0,,1.1426842840028078e-10,,-1.1419973292688916e-10,-3.9616572917509005e-12,,,,,,,3.1609981715823045e-14,,-7.222425309950624e-15,3.0773812190186185e-14
stiff_grid,PSCAD_EMTDC,B,20,1200.0,negative,1.1872055388531308e-11,,-9.051269005820226e-12,7.68246240033971e-12,,1.7246099498631443e-10,,-1.1101150318028588e-10,1.319819720769581e-10,,1.6082297937278385e-10,,1.0201330329956918e-10,-1.24327457322383e-10,,0.0,,0.0,0.0,,1.1407730842131445e-10,,-1.1336067551696855e-10,-1.276673580004951e-11,,,,,,,5.997835395403413e-14,,-5.306912510351652e-14,2.79476457645848e-14
stiff_grid,PSCAD_EMTDC,B,21,1260.0,zero,1.0996970621335342e-11,,-8.445841353751762e-12,7.042806732671941e-12,,1.584830481210653e-10,,-1.0508817237065547e-10,1.1863116188227823e-10,,1.4763743857902377e-10,,9.660276468694488e-11,-1.1164550651510239e-10,,0.0,,0.0,0.0,,1.0491817396360676e-10,,-1.0409084964089954e-10,-1.3149838359968352e-11,,,,,,,6.951095629092659e-14,,3.956632995882004e-14,5.715136549610068e-14
stiff_grid,PSCAD_EMTDC,B,22,1320.0,positive,1.0178813304906712e-11,,-8.076555607469337e-12,6.194956804982702e-12,,1.459924859538909e-10,,-9.962676276236984e-11,1.0671604423181881e-10,,1.3596694260221504e-10,,9.155334733981786e-11,-1.0052359957477001e-10,,0.0,,0.0,0.0,,1.0006568491517279e-10,,-1.000236821359251e-10,-2.899018715713722e-12,,,,,,,4.0213988308869e-15,,-3.1401849173664648e-15,2.5121479339009266e-15
stiff_grid,PSCAD_EMTDC,B,23,1380.0,negative,9.782282120036521e-12,,-7.908241695898437e-12,5.7578430644851395e-12,,1.3569587720205158e-10,,-9.517398054954265e-11,9.672271975078833e-11,,1.2604969540290459e-10,,8.725317811397474e-11,-9.09692729451875e-11,,0.0,,0.0,0.0,,8.733572093873819e-11,,-8.694041569620494e-11,-8.300136773585908e-12,,,,,,,1.330786508881015e-14,,1.2560739669465859e-14,4.396258884310466e-15
stiff_grid,PSCAD_EMTDC,B,24,1440.0,zero,9.183999034316878e-12,,-7.501273730607604e-12,5.298748029566004e-12,,1.2639206576425754e-10,,-9.081414781026954e-11,8.790759265075413e-11,,1.1731083689737883e-10,,8.331287407966194e-11,-8.25881194007335e-11,,0.0,,0.0,0.0,,9.634043935335304e-11,,-9.479841443342549e-11,-1.7168018980231867e-11,,,,,,,2.0725220454621252e-14,,0.0,-2.0725220454621252e-14
stiff_grid,PSCAD_EMTDC,B,25,1500.0,positive,8.605480727127379e-12,,-7.2199131620114706e-12,4.6826437487784906e-12,,1.1809726316116248e-10,,-8.68298811871136e-11,8.004708176559969e-11,,1.0965972880821359e-10,,7.96441175360785e-11,-7.537951090442456e-11,,0.0,,0.0,0.0,,8.569583255513811e-11,,-8.505128044991661e-11,-1.049072977194151e-11,,,,,,,3.7328019511217385e-14,,-3.414951097638292e-14,1.5072887603366786e-14
stiff_grid,PSCAD_EMTDC,C,1,60.0,positive,99.99999999970977,-59.999999988581116,50.000000017114516,-86.60254036822766,1.9931805416064688e-08,106.97716082731854,-40.26192279140761,81.6340574782886,-69.13749777295567,4.378142707913757e-05,36.13504260840894,-151.0970784136456,-31.634057461174073,-17.465042595272028,0.00012955920953337105,0.0,,0.0,0.0,,277.51436220908096,119.14165292796257,-135.14129868266616,242.3861601302257,2.179563982159946e-06,36.135042608513814,106.97716082762902,-0.6918581721064554,100.69185817210646,-0.0,3.275440170573378e-14,3.275440170582885e-14,-7.105427357601002e-15,3.197442310920451e-14
stiff_grid,PSCAD_EMTDC,C,2,120.0,negative,1.5171227246455707e-10,,-3.2448158788142365e-11,1.48201655212145e-10,,1.7578769046034669e-09,,-2.0559921120575602e-10,-1.7458121823637951e-09,,1.9018743776537798e-09,,1.731761738969526e-10,1.893973643208998e-09,,0.0,,0.0,0.0,,1.30312106571947e-10,,9.671769545492054e-11,-8.73323107738924e-11,,,,,,,4.7399112418509884e-14,,-2.5121479338957567e-14,4.019436694220803e-14
stiff_grid,PSCAD_EMTDC,C,3,180.0,zero,1.5713038926941013e-10,,-4.549499908282107e-12,1.5706451312292316e-10,,2.4656442988846114e-09,,-3.7900210645374253e-10,-2.436341357840853e-09,,2.620334058581233e-09,,3.744343934729397e-10,2.593443553182785e-09,,0.0,,0.0,0.0,,3.1019373815324153e-10,,2.5894467258199595e-10,-1.707858651378524e-10,,,,,,,4.1852904798415545e-14,,1.8213072520720326e-14,-3.768221900870777e-14
stiff_grid,PSCAD_EMTDC,C,4,240.0,positive,2.491982480981325e-10,,4.2194036697684294e-11,2.4560014275715083e-10,,5.232871221269266e-09,,-1.1923985532666077e-09,-5.095206267518107e-09,,5.481652397747448e-09,,1.234592805852005e-09,5.340813946719059e-09,,0.0,,0.0,0.0,,7.979336041596648e-10,,7.47052503989674e-10,-2.80375806606046e-10,,,,,,,7.539535308558927e-15,,-2.15887713096571e-16,-7.536443800914373e-15
stiff_grid,PSCAD_EMTDC,C,5,300.0,negative,19.999999999997492,-120.00000019997935,-10.000000060452479,-17.320508040783622,3.4902980782803234e-07,3.3123147628080756,162.72429116908137,-3.162885608036671,0.9836583341744298,0.2891274783873491,19.539412496735373,-110.48205652732892,-6.837114452415831,-18.304166374958054,0.049014164619515535,0.0,,0.0,0.0,,0.6252530861752009,-110.31240773405484,-0.2170495739784441,-0.5863709612586465,0.2887878759411324,97.69706248368912,16.561573814042454,96.35215145371943,3.647848546280652,-0.0,2.3364326363345898e-14,1.1682163181674414e-13,2.3092638912203256e-14,3.552713678800501e-15
stiff_grid,PSCAD_EMTDC,C,6,360.0,zero,2.503145622688253e-10,,-2.456127034968203e-10,-4.828850758531124e-11,,2.578711364386108e-09,,2.8797002981020767e-10,2.5625818158148965e-09,,2.6648615297274682e-09,,-5.336731706326481e-10,-2.610877231807026e-09,,0.0,,0.0,0.0,,5.865459984090921e-10,,-5.855565619113618e-10,3.4054677391867606e-11,,,,,,,9.070080457248526e-14,,9.043732562017486e-14,6.908406818263091e-15
stiff_grid,PSCAD_EMTDC,C,7,420.0,positive,13.999999999985617,140.0000002361501,-10.724622240745031,8.99902649139974,4.1215968576994043e-07,11.28516928019191,140.0968922939691,-8.657195957336214,7.239337251355866,0.0023439408643268394,2.7149139321267413,139.5972428060158,-2.067426283408845,1.7596892400438704,0.009741915236599528,0.0,,0.0,0.0,,2.9803961641536927,-132.07311176449167,-1.9970989279604154,-2.2123194089555436,0.00814332174596459,19.39224237235379,80.6083520014536,19.39176325918944,80.6082367408107,-0.0,2.770846217324862e-14,1.9791758695197919e-13,2.7533531010703882e-14,3.1086244689504383e-15
stiff_grid,PSCAD_EMTDC,C,8,480.0,negative,1.7706538285611679e-10,,8.274512864660188e-11,-1.565419863526732e-10,,7.851613182472592e-10,,3.1209418641939213e-10,7.204689545532073e-10,,9.06558847034373e-10,,-2.2933178675574473e-10,-8.77072331521015e-10,,0.0,,0.0,0.0,,2.1489994310170907e-10,,-2.1035721939255132e-10,4.395254025141012e-11,,,,,,,6.377378502481545e-14,,-1.727101704550263e-14,6.139061513460615e-14
stiff_grid,PSCAD_EMTDC,C,9,540.0,zero,9.631000646810374e-11,,2.3579020507529458e-11,-9.337905085077536e-11,,5.697512805207469e-10,,2.1838855633721057e-10,5.262347006003879e-10,,6.494965803992591e-10,,-1.9481832834744974e-10,-6.195898860457912e-10,,0.0,,0.0,0.0,,1.8227366217286132e-10,,-1.8159312554946457e-10,1.5736094657912265e-11,,,,,,,2.5433559371039637e-14,,8.792517768620931e-15,-2.3865405371974792e-14
stiff_grid,PSCAD_EMTDC,C,10,600.0,positive,8.110296141183081e-11,,-3.6275416165429937e-12,-8.102179516395057e-11,,4.2250730428612836e-10,,1.6543687414960853e-10,3.88771221731673e-10,,4.992660914313927e-10,,-1.6905499521139942e-10,-4.6977339073989e-10,,0.0,,0.0,0.0,,1.3907933309295695e-10,,-1.3857510432946303e-10,1.1832216768640928e-11,,,,,,,2.1769998638325812e-14,,-9.420554752099394e-15,-1.9626155733495168e-14
stiff_grid,PSCAD_EMTDC,C,11,660.0,negative,9.000000000052754,-129.99999992363195,-5.785088478023394,-6.89439999582201,1.332887311424902e-07,7.836281644492717,-129.9062719749375,-5.0272380264829195,-6.011171918760733,0.0009659007990660461,1.1637994427776077,-130.63111650792644,-0.7578504515404947,-0.8832280770612644,0.0065032912099228695,0.0,,0.0,0.0,,3.251039776229429,-41.28745887084807,2.4428591795301826,-2.145157023532548,0.015293971676670997,12.9311049196754,87.06979604940871,12.930320451790154,87.06967954820989,-0.0,2.3305165376900174e-14,2.5894628196403963e-13,1.9984014443252818e-14,-1.199040866595169e-14
stiff_grid,PSCAD_EMTDC,C,12,720.0,zero,3.25178628392181e-11,,3.208954967057899e-11,-5.26043777357412e-12,,3.3074078443139855e-10,,1.5893983155557507e-10,2.9004757615153803e-10,,3.2141670340556674e-10,,-1.2687854354925237e-10,-2.953142942949469e-10,,0.0,,0.0,0.0,,2.616950772562752e-10,,-1.9621633867266176e-10,-1.7315733278744837e-10,,,,,,,2.8951074449780715e-14,,2.8261664256298183e-14,6.2803698347329295e-15
stiff_grid,PSCAD_EMTDC,C,13,780.0,positive,6.999999999977808,149.99999999595317,-6.062177826224644,3.5000000004170797,7.070189396518215e-09,6.149678574656303,150.0791549072855,-5.33002071983188,3.067478720015777,0.0008452090085662151,0.8503697351396299,149.42756051966896,-0.7321571063927822,0.4325212804013145,0.0061119329935254854,0.0,,0.0,0.0,,3.0151170702913905,-121.0895395535183,-1.5569370839928103,-2.5820297953452243,0.020860392968806495,12.148139073461797,87.85255106679712,12.14753277002012,87.85246722998016,-0.0,2.112496534344533e-14,3.017852191930329e-13,1.7430501486614958e-14,-1.1934897514720433e-14
stiff_grid,PSCAD_EMTDC,C,14,840.0,negative,1.5894729852187383e-11,,1.092344725355476e-11,-1.1546459941160481e-11,,2.2996669023968047e-10,,1.1741410471292952e-10,1.9773367602473376e-10,,2.3484576225132383e-10,,-1.0650376773140477e-10,-2.0930714155618363e-10,,0.0,,0.0,0.0,,9.758937066972052e-11,,-9.721133252393072e-11,8.58149734218204e-12,,,,,,,3.001967920513817e-14,,1.3110272030009514e-14,2.7005590289392956e-14
stiff_grid,PSCAD_EMTDC,C,15,900.0,zero,1.389726856519543e-11,,8.566601089980277e-12,-1.0942916400042438e-11,,2.0011108741936957e-10,,1.0671227600991797e-10,1.6928360067338377e-10,,2.0523211767410564e-10,,-9.819609451401718e-11,-1.8021584044470716e-10,,0.0,,0.0,0.0,,8.349318821012637e-11,,-8.246334611565748e-11,1.3073217847984584e-11,,,,,,,5.153761604833293e-14,,5.0419594079492603e-14,-1.067662871905632e-14
stiff_grid,PSCAD_EMTDC,C,16,960.0,positive,1.2209389478450071e-11,,7.094305765316768e-12,-9.936801152517875e-12,,1.768510663791526e-10,,9.819986273591801e-11,1.470819045229232e-10,,1.8153707754247281e-10,,-9.108734389808051e-11,-1.5703122716279906e-10,,0.0,,0.0,0.0,,8.380783962542062e-11,,-8.380525507470518e-11,6.581827586802385e-13,,,,,,,2.2102118819289787e-14,,-1.821307252073325e-14,1.2521487357998455e-14
stiff_grid,PSCAD_EMTDC,C,17,1020.0,negative,1.0592250890490201e-11,,5.741514102914828e-12,-8.901168166770056e-12,,1.5799989723311545e-10,,9.072371048464935e-11,1.2935677748603884e-10,,1.6226682481077643e-10,,-8.494577023669307e-11,-1.3825606154185848e-10,,0.0,,0.0,0.0,,8.026123846761235e-11,,-8.023360874969132e-11,-2.105808005586679e-12,,,,,,,3.647483950142161e-14,,-3.6426145041453576e-14,-1.884110950409539e-15
stiff_grid,PSCAD_EMTDC,C,18,1080.0,zero,9.603206540816633e-12,,5.159951856218358e-12,-8.099164938874384e-12,,1.4265592458408e-10,,8.490306372181687e-11,1.1463935881532062e-10,,1.4636431454478107e-10,,-7.969789320278842e-11,-1.2276301719655047e-10,,0.0,,0.0,0.0,,7.10023306978132e-11,,-7.097979781670088e-11,1.7886493289325565e-12,,,,,,,5.142622079010177e-14,,-4.521866281008743e-14,2.4493442355453255e-14
stiff_grid,PSCAD_EMTDC,C,19,1140.0,positive,8.44700649027566e-12,,4.403167291132778e-12,-7.208608496308947e-12,,1.2997392664974618e-10,,7.945641298264285e-11,1.0285864107932452e-10,,1.3319815487919006e-10,,-7.50654924126878e-11,-1.1003145146757547e-10,,0.0,,0.0,0.0,,7.957095164013247e-11,,-7.949692136807689e-11,-3.4315940776992586e-12,,,,,,,3.783499332808671e-14,,1.2246721177726628e-14,-3.579810805798804e-14
stiff_grid,PSCAD_EMTDC,C,20,1200.0,negative,7.441273611635561e-12,,3.955376921916166e-12,-6.302979166140146e-12,,1.193083536610588e-10,,7.485195983830682e-11,9.290676703920328e-11,,1.21922520142817e-10,,-7.09141679519279e-11,-9.917803033767802e-11,,0.0,,0.0,0.0,,5.945254735235551e-11,,-5.945249300353635e-11,8.038873388460928e-14,,,,,,,3.626471751738768e-14,,1.7585035537254788e-14,-3.171586766540388e-14
stiff_grid,PSCAD_EMTDC,C,21,1260.0,zero,7.113723935944073e-12,,3.5908014530097932e-12,-6.140945624403981e-12,,1.0975437643171307e-10,,7.086062779908679e-11,8.38140475924738e-11,,1.1232334819108185e-10,,-6.72767347528952e-11,-8.994651471760088e-11,,0.0,,0.0,0.0,,6.105078678120142e-11,,-6.099777800137292e-11,2.5435497830677153e-12,,,,,,,1.0936682986820653e-14,,6.908406818211392e-15,-8.478499276894625e-15
stiff_grid,PSCAD_EMTDC,C,22,1320.0,positive,6.185024504301041e-12,,2.9794074495983314e-12,-5.4201161766222595e-12,,1.0186183037761066e-10,,6.708691057464034e-11,7.664971570349974e-11,,1.0407673476083595e-10,,-6.39937106740989e-11,-8.207783935166129e-11,,0.0,,0.0,0.0,,6.504093267016871e-11,,-6.431098710768742e-11,-9.716988208302146e-12,,,,,,,1.1407384227811854e-13,,-1.1379245094311218e-13,8.007471539285778e-15
stiff_grid,PSCAD_EMTDC,C,23,1380.0,negative,5.7700543676861915e-12,,2.911579455383192e-12,-4.981589352911881e-12,,9.49798770722557e-11,,6.385880047958649e-11,7.030811226287597e-11,,9.685272742793793e-11,,-6.093089206263299e-11,-7.528530535690353e-11,,0.0,,0.0,0.0,,5.769847670702633e-11,,-5.7678916562207155e-11,-1.5022644644686358e-12,,,,,,,1.6910413304900778e-14,,-1.6328961570310787e-14,-4.396258884310466e-15
stiff_grid,PSCAD_EMTDC,C,24,1440.0,zero,5.325878781415547e-12,,2.777179540919861e-12,-4.5444756124143185e-12,,8.920044535464595e-11,,6.108852934548485e-11,6.499931564157438e-11,,9.063638796431558e-11,,-5.829376476902772e-11,-6.940311096969064e-11,,0.0,,0.0,0.0,,5.7754648150734127e-11,,-5.743272606468554e-11,6.089446591759152e-12,,,,,,,1.4177508901436502e-13,,-1.7585035537267712e-14,-1.4068028429806415e-13
stiff_grid,PSCAD_EMTDC,C,25,1500.0,positive,4.874428038565135e-12,,2.519684377695722e-12,-4.172677718198e-12,,8.36152973382e-11,,5.83038133607633e-11,5.993482540684401e-11,,8.496047681192969e-11,,-5.579731775972052e-11,-6.40698209060336e-11,,0.0,,0.0,0.0,,5.1207227385855676e-11,,-5.1192550596892746e-11,-1.2259281917402914e-12,,,,,,,3.9923595266444787e-14,,1.318877665293786e-14,-3.76822190084105e-14
weak_grid,PSCAD_EMTDC,A,1,60.0,positive,99.9999999997614,-179.99999998842426,-99.9999999997614,-2.020348338200412e-08,2.0204880004693435e-08,108.58078899534668,-160.49493780394525,-102.34955412415856,-36.2540550757834,4.479424195764408e-05,36.330110274488405,86.29195858546986,2.349554124397295,36.25405505557986,0.0001338228106810077,0.0,,0.0,0.0,,279.0124669520502,-3.469310075099194,278.5011362295779,-16.884129634156537,8.983631408292186e-06,36.33011027457509,108.58078899560576,-2.349554131727483,102.34955413172734,-0.0,1.4512479341179741e-13,1.4512479341214368e-13,-1.3633538742396922e-13,4.973799150320701e-14
weak_grid,PSCAD_EMTDC,A,2,120.0,negative,5.845434350146845e-11,,5.579229346385273e-11,1.7439330957092424e-11,,1.05551873724116e-10,,1.0414109259957742e-10,1.719973484789728e-11,,4.8317402874344325e-11,,-4.831676924956754e-11,2.4744657148856293e-13,,0.0,,0.0,0.0,,8.385170263232288e-11,,7.540965667963128e-11,3.6667311243117403e-11,,,,,,,3.297792239454094e-14,,-3.202988615714957e-14,-7.850462293419595e-15
weak_grid,PSCAD_EMTDC,A,3,180.0,zero,2.061040366958372e-11,,-6.534724813041871e-12,1.9547023073629524e-11,,9.598390233099971e-11,,9.304744732350134e-11,2.3560179398025252e-11,,9.96486217856932e-11,,-9.956772728592333e-11,-4.014412398362675e-12,,0.0,,0.0,0.0,,1.9192087796060007e-10,,1.9117696991727033e-10,1.6881634115767947e-11,,,,,,,1.449935968383882e-14,,-1.4444850619888323e-14,1.2560739669472321e-15
weak_grid,PSCAD_EMTDC,A,4,240.0,positive,1.1221713431077715e-10,,-1.0968163486778073e-10,2.3719700791827525e-11,,3.573640306815485e-10,,3.4902966945445274e-10,-7.672900537266326e-11,,4.695582434449396e-10,,-4.586967024623677e-10,1.0041055291774478e-10,,0.0,,0.0,0.0,,1.6169202655499847e-10,,5.1079503939867515e-11,1.5341185002704122e-10,,,,,,,4.085198341330883e-14,,-1.4601859865770863e-14,3.8153246746006424e-14
weak_grid,PSCAD_EMTDC,A,5,300.0,negative,20.00000000014253,-1.9975293131137875e-07,20.00000000014253,-6.972692683836958e-08,3.486353625745869e-07,0.8448415450887536,-84.3764313384951,0.08278794841623265,-0.8407754705657057,0.29498069084908096,19.93495019276658,2.4172207456097334,19.917212051726235,0.8407754008387375,0.012501622320847838,0.0,,0.0,0.0,,0.6379101277945259,2.586869764961954,0.6372600585932756,0.028791472079823664,0.2950067072243943,99.67475096312255,4.224207725413664,99.5860602432653,0.4139397567343857,0.0,7.618629968015704e-14,3.8093149839807047e-13,6.394884621840902e-14,4.141131881851834e-14
weak_grid,PSCAD_EMTDC,A,6,360.0,zero,4.015174245898104e-10,,3.9679549326026816e-10,6.139689550437033e-11,,7.392822016987546e-11,,7.196550186226256e-11,1.6921828482710252e-11,,3.2789307444554196e-10,,3.2485841007150775e-10,4.450709690781723e-11,,0.0,,0.0,0.0,,8.569473594131763e-11,,5.383658629731622e-11,6.667240616554782e-11,,,,,,,4.281979227952561e-14,,-2.841867350214195e-14,-3.2029886157156035e-14
weak_grid,PSCAD_EMTDC,A,7,420.0,positive,14.000000000108974,20.00000023570583,13.15569667140688,4.788282060717101,4.113850189080183e-07,7.13457302842767,20.24502457429521,6.693809011986625,2.4688161553696566,0.005927408364376654,6.865560006950415,19.745375054163862,6.461887659420237,2.319465905347486,0.006158895234561591,0.0,,0.0,0.0,,7.536919848969146,108.07502051466332,-2.338419824078861,7.164981056230371,0.011726884905141965,49.039714334978385,50.96123591694382,49.039230079369396,50.9607699206306,0.0,4.4958412498691914e-14,3.2113151784529976e-13,1.7763568394002505e-14,-4.1300296516055823e-14
weak_grid,PSCAD_EMTDC,A,8,480.0,negative,8.286376470709257e-11,,-6.100248827874897e-11,-5.608119047625055e-11,,8.695973291905151e-11,,-7.984736600485512e-11,-3.4444060321621184e-11,,2.864667056881613e-11,,1.878584224965963e-11,-2.1626924553647922e-11,,0.0,,0.0,0.0,,9.9922935630881e-11,,6.762702238042755e-11,-7.356071580028527e-11,,,,,,,5.991111558517013e-14,,5.903547644651668e-14,-1.020560098144101e-14
weak_grid,PSCAD_EMTDC,A,9,540.0,zero,2.8866123657068768e-11,,4.970284687209358e-12,-2.8435002463746636e-11,,3.9533429193615006e-11,,-3.458701723998434e-11,-1.9147591552140372e-11,,4.063529053905557e-11,,3.955628136709555e-11,-9.302012771472025e-12,,0.0,,0.0,0.0,,6.828185133648307e-11,,6.772248400191553e-11,-8.722177626480107e-12,,,,,,,1.4637481151251902e-14,,1.0205600981460398e-15,1.460185986576117e-14
weak_grid,PSCAD_EMTDC,A,10,600.0,positive,4.300546334188257e-11,,3.6903453148903444e-11,-2.208178033892861e-11,,1.80006969347321e-11,,-9.428091195904331e-12,-1.533415098848922e-11,,4.6920195295171874e-11,,4.64282620402627e-11,-6.776519051679173e-12,,0.0,,0.0,0.0,,1.3216281353539014e-11,,1.0274685049626624e-11,-8.312697513255378e-12,,,,,,,1.0094021721709673e-13,,-9.671769545492072e-14,2.88897012397823e-14
weak_grid,PSCAD_EMTDC,A,11,660.0,negative,9.000000000038769,-9.999999924047712,8.863269779219772,-1.5628335872597996,1.3256245035660956e-07,5.6460769710488465,-9.729873368683593,5.564860901563683,-0.9542055906647975,0.002783762090892651,3.3540914063930636,-10.454717908479301,3.2984088776560943,-0.6086279965950158,0.004685673264365432,0.0,,0.0,0.0,,9.369556452965469,78.88893973631563,1.8056202451865775,9.193928630105807,0.017110786031049197,37.267682293095724,62.73418856693917,37.26650864173424,62.73349135826582,0.0,1.4503184643594535e-14,1.611464960392451e-13,-4.884981308350689e-15,1.3655743202889425e-14
weak_grid,PSCAD_EMTDC,A,12,720.0,zero,2.6321656088783717e-11,,-2.6194166506713152e-11,-2.587512371910861e-12,,4.2118218396225146e-11,,-4.199808915884056e-11,-3.1788091918511706e-12,,1.5760746566503528e-11,,1.5748027360598262e-11,6.330612793412981e-13,,0.0,,0.0,0.0,,6.179506154965594e-10,,6.154913166916432e-10,5.507633130269293e-11,,,,,,,6.977502192177945e-14,,5.589529152914375e-14,-4.1764459400988703e-14
weak_grid,PSCAD_EMTDC,A,13,780.0,positive,6.999999999991037,29.999999996015493,6.062177826726709,3.4999999995739386,6.955439458977025e-09,4.50713835261098,30.232053106300388,3.8941371637222018,2.2693593544642554,0.0024778345977609774,2.4929654457767807,29.580458697518996,2.168040663004495,1.2306406451097143,0.0044794709087098905,0.0,,0.0,0.0,,8.839193541558043,119.06335864477835,-4.2938724389976475,7.726189354574336,0.0224916156718299,35.61379208257104,64.38769075166786,35.612837330840975,64.38716266915911,0.0,3.3318531013120445e-14,4.759790144737587e-13,1.199040866595169e-14,-3.108624468950438e-14
weak_grid,PSCAD_EMTDC,A,14,840.0,negative,2.4358386673868056e-12,,3.893829297535762e-14,-2.4355274219102715e-12,,2.1019023362912114e-11,,-2.08112615213617e-11,-2.948005600424656e-12,,2.091623506533668e-11,,2.0909549309275303e-11,5.288071400846954e-13,,0.0,,0.0,0.0,,3.2835536204816584e-11,,1.204198112112108e-11,-3.054771887615152e-11,,,,,,,6.155483356641954e-14,,-5.934949493824622e-14,-1.632896157031109e-14
weak_grid,PSCAD_EMTDC,A,15,900.0,zero,3.295930968796251e-12,,2.265957436372424e-12,-2.3934489440175465e-12,,1.803023455644783e-11,,-1.779605596370538e-11,-2.8965065677798278e-12,,2.0086448482409933e-11,,2.0080226472598535e-11,4.99917438844914e-13,,0.0,,0.0,0.0,,1.787862645460184e-11,,-3.4768127405093513e-12,-1.7537304726514292e-11,,,,,,,1.8481795690912498e-14,,-1.821307252073002e-14,3.1401849173672726e-15
weak_grid,PSCAD_EMTDC,A,16,960.0,positive,4.136534399456241e-12,,3.4994220719143974e-12,-2.205665885958967e-12,,1.5809020250409768e-11,,-1.5566524672374418e-11,-2.7583384314156557e-12,,1.907800816755512e-11,,1.9070971040156604e-11,5.181305113656457e-13,,0.0,,0.0,0.0,,2.5915632711431732e-11,,2.2152120481077644e-11,-1.345004003806869e-11,,,,,,,3.490552489383116e-14,,-5.0242958677889286e-15,3.454203409104313e-14
weak_grid,PSCAD_EMTDC,A,17,1020.0,negative,4.941979884629108e-12,,4.56457279588547e-12,-1.894159542156106e-12,,1.3782261972136211e-11,,-1.3555550251292238e-11,-2.4895386024889936e-12,,1.8134039134605468e-11,,1.8125461361537236e-11,5.576968413244769e-13,,0.0,,0.0,0.0,,2.6478721474743895e-11,,2.6455429891838135e-11,1.1103693867811656e-12,,,,,,,3.805847119366418e-14,,-5.33831435952816e-15,3.76822190084106e-14
weak_grid,PSCAD_EMTDC,A,18,1080.0,zero,4.8117339471661156e-12,,4.602255014893881e-12,-1.4042906950467682e-12,,1.2809441083239078e-11,,-1.2636104107487021e-11,-2.1001556727354175e-12,,1.7175315039978827e-11,,1.716111057341366e-11,6.983771256225431e-13,,0.0,,0.0,0.0,,1.530620545258758e-11,,1.2701419953768266e-11,-8.541302975239736e-12,,,,,,,7.728938610693178e-14,,7.724854896724347e-14,-2.5121479338938584e-15
weak_grid,PSCAD_EMTDC,A,19,1140.0,positive,5.147601051939848e-12,,4.928834246300106e-12,-1.4847186812428446e-12,,1.1725786394009815e-11,,-1.1521966498805014e-11,-2.1767761847191853e-12,,1.6441032603779836e-11,,1.6424737210290968e-11,7.318200949925075e-13,,0.0,,0.0,0.0,,4.286689807196256e-11,,3.810677200923869e-11,-1.963275012187366e-11,,,,,,,4.754336474304362e-14,,2.6063534814152644e-14,-3.9762591516166754e-14
weak_grid,PSCAD_EMTDC,A,20,1200.0,negative,5.238036428225325e-12,,5.04941734712702e-12,-1.3929860293442452e-12,,1.0725817756545956e-11,,-1.0528411990949921e-11,-2.0483426215988527e-12,,1.560971152240144e-11,,1.559447231813899e-11,6.895846078539139e-13,,0.0,,0.0,0.0,,5.097261444702738e-12,,4.853469808283285e-12,-1.5575317190143047e-12,,,,,,,3.8059766646841786e-14,,-1.6642980062046787e-14,-3.422801559930642e-14
weak_grid,PSCAD_EMTDC,A,21,1260.0,zero,4.915425879102532e-12,,4.844677290514656e-12,-8.309714337583879e-13,,1.0103578525438388e-11,,-9.957526372972501e-12,-1.7117147984570514e-12,,1.4846951916229068e-11,,1.4820416736007888e-11,8.872592484022013e-13,,0.0,,0.0,0.0,,1.0796769049884692e-11,,9.765347056029607e-12,-4.60523819056538e-12,,,,,,,1.9343545463109906e-14,,-1.821307252073002e-14,-6.515883703537757e-15
weak_grid,PSCAD_EMTDC,A,22,1320.0,positive,5.0810042658804855e-12,,5.025551941755027e-12,-7.486200843004238e-13,,9.458134904124946e-12,,-9.315672575862574e-12,-1.63540830496502e-12,,1.4389626347744147e-11,,1.4363205812039173e-11,8.715877630489637e-13,,0.0,,0.0,0.0,,3.350526769190995e-11,,3.344673759186525e-11,1.9795725719085034e-12,,,,,,,2.6725104605453977e-14,,-2.1981294421571716e-14,1.5200457615632415e-14
weak_grid,PSCAD_EMTDC,A,23,1380.0,negative,5.055512813251186e-12,,5.004198684316927e-12,-7.184743090936954e-13,,8.731005110415607e-12,,-8.576473046314252e-12,-1.63540830496502e-12,,1.3586713082740049e-11,,1.3555864269783976e-11,9.150498849209041e-13,,0.0,,0.0,0.0,,8.356726086784873e-12,,-3.808416267783365e-12,-7.438470032260252e-12,,,,,,,2.487890648238068e-14,,2.4807460847203796e-14,1.8841109504204443e-15
weak_grid,PSCAD_EMTDC,A,24,1440.0,zero,4.819419628180485e-12,,4.746703521092788e-12,-8.340331140528213e-13,,8.469775588642509e-12,,-8.292600329784226e-12,-1.7233334826513113e-12,,1.303679624121902e-11,,1.3005389853769444e-11,9.043732562018544e-13,,0.0,,0.0,0.0,,3.9817038832526623e-11,,3.95763785505667e-11,-4.3711374049756295e-12,,,,,,,3.71126816669968e-14,,3.3913997107568805e-14,-1.5072887603364362e-14
weak_grid,PSCAD_EMTDC,A,25,1500.0,positive,4.692608960130964e-12,,4.65752226943955e-12,-5.727697289278411e-13,,8.002429006568996e-12,,-7.863023033088345e-12,-1.4871915768652716e-12,,1.2541594129731457e-11,,1.2506728488891477e-11,9.345190314085828e-13,,0.0,,0.0,0.0,,1.0246139581092966e-11,,9.91796004301367e-12,-2.572439484307497e-12,,,,,,,2.4388544904045857e-14,,1.3816813636417938e-14,-2.009718347115228e-14
weak_grid,PSCAD_EMTDC,B,1,60.0,positive,99.999999999698,60.00000001176914,49.999999982059954,86.60254038845284,2.054325526136289e-08,108.58078899549558,79.5050621962468,19.777844375919994,106.76434147563607,4.479460312111308e-05,36.330110274548865,-33.70804141465383,30.22215560613994,-20.161801087183285,0.00013382298939008065,0.0,,0.0,0.0,,279.012466952154,-123.4693100751805,-153.87265329914572,-232.7469941404351,8.983768013154696e-06,36.33011027465858,108.5807889958235,-2.3495541319335165,102.34955413193344,0.0,5.411332257568737e-14,5.411332257585079e-14,2.1316282072803006e-14,4.973799150320701e-14
weak_grid,PSCAD_EMTDC,B,2,120.0,negative,1.672390115187187e-10,,-2.3315244974470584e-11,-1.656058160981629e-10,,9.597877121692593e-11,,-4.9752461793787986e-11,-8.207689729618607e-11,,8.759827601799718e-11,,2.639890656332552e-11,-8.352577861705946e-11,,0.0,,0.0,0.0,,4.037600756319257e-11,,3.298701451996264e-11,-2.3282587051329963e-11,,,,,,,3.8438736653001815e-14,,3.83102559918825e-14,-3.1401849173664648e-15
weak_grid,PSCAD_EMTDC,B,3,180.0,zero,1.7697950676682683e-10,,1.1076060240538822e-11,-1.7663257543549905e-10,,8.639867751773373e-11,,-3.9841410157592526e-11,-7.666416055411963e-11,,1.122684200042061e-10,,5.10050815573259e-11,-1.0001339803032071e-10,,0.0,,0.0,0.0,,2.060806446653401e-10,,-1.394342589228548e-10,1.5174755202083642e-10,,,,,,,9.848451098567318e-14,,-8.761115919454763e-14,4.4983148941295933e-14
weak_grid,PSCAD_EMTDC,B,4,240.0,positive,2.776419108850651e-10,,6.74172580279474e-11,-2.693324042886478e-10,,3.0615753976031315e-10,,-2.3277562755462174e-10,-1.9886665474292e-10,,3.083217852752311e-10,,3.001537902803479e-10,-7.049840746886844e-11,,0.0,,0.0,0.0,,1.6663721839682443e-10,,1.3372163452117975e-10,-9.94308152235261e-11,,,,,,,5.0940971718541905e-14,,3.909530222122412e-14,3.265792314064742e-14
weak_grid,PSCAD_EMTDC,B,5,300.0,negative,19.999999999947665,119.9999998002258,-9.999999939582109,17.320508110510627,3.486718558089141e-07,0.844841545077039,35.62356866029666,0.6867389421814549,0.49208420171720085,0.2949806888113951,19.934950192590005,122.41722074558135,-10.68673888176351,16.82842390879337,0.01250162320678556,0.0,,0.0,0.0,,0.6379101277293605,122.58686976282107,-0.34356417547493545,0.5374876634769553,0.29500670389143874,99.67475096321084,4.224207725396249,99.58606024335403,0.4139397566455899,0.0,7.791709393054201e-14,3.8958546965372947e-13,-5.3290705182007514e-14,5.684341886080802e-14
weak_grid,PSCAD_EMTDC,B,6,360.0,zero,1.5173294315067612e-10,,-1.5116347762620605e-10,-1.3133509398398041e-11,,7.033333598763151e-11,,-9.56374718433461e-12,-6.968007527940245e-11,,1.5244940459117727e-10,,-1.4158968185013587e-10,5.6508255625012535e-11,,0.0,,0.0,0.0,,2.3909694960152448e-11,,2.090107080999841e-11,1.1611147750458253e-11,,,,,,,3.960618524967278e-14,,-1.0048591735577857e-14,3.831025599187604e-14
weak_grid,PSCAD_EMTDC,B,7,420.0,positive,13.999999999926578,-99.99999976418935,-2.431074430580231,-13.787308552104111,4.115675609689245e-07,7.134573028422967,-99.75497542541447,-1.2088469981333354,-7.03141673014795,0.005927408308899369,6.865560006772946,-100.2546249459308,-1.222227432446891,-6.755891821956181,0.006158897823039312,0.0,,0.0,0.0,,7.5369198488734,-11.92497948511042,7.374265524281662,-1.557359555700849,0.011726883646689971,49.03971433434966,50.96123591757417,49.03923007873991,50.96076992126023,-0.0,2.1004058208947406e-14,1.50028987207554e-13,-4.884981308350689e-15,2.042810365310288e-14
weak_grid,PSCAD_EMTDC,B,8,480.0,negative,2.137868513899349e-10,,-2.1692397409175035e-11,2.126834683793372e-10,,9.464414400665204e-11,,1.318877665294371e-11,9.372070296978494e-11,,1.2392413086430281e-10,,-3.4867357248482327e-11,1.189178607652339e-10,,0.0,,0.0,0.0,,1.511542822872476e-10,,-1.4991242795512683e-10,1.9336002647182425e-11,,,,,,,4.698224580009795e-14,,-1.3816813636416322e-14,4.49046443183482e-14
weak_grid,PSCAD_EMTDC,B,9,540.0,zero,1.2502896216392165e-10,,-2.8548049120771868e-11,1.217261281368357e-10,,5.344681045002858e-11,,3.921462924808596e-12,5.330275486136374e-11,,7.57517397839937e-11,,-3.2475792415415204e-11,6.843719008910839e-11,,0.0,,0.0,0.0,,9.38872885286407e-11,,-9.342929380945323e-11,9.262289432267324e-12,,,,,,,1.5177199488862995e-14,,6.280369834739392e-15,-1.3816813636422785e-14
weak_grid,PSCAD_EMTDC,B,10,600.0,positive,1.0839908779278921e-10,,-3.335504419227812e-11,1.0313972688174038e-10,,4.867699979120292e-11,,-2.6226824429853776e-12,4.860629429894883e-11,,6.256729342010813e-11,,-3.0726709416441475e-11,5.450261951828988e-11,,0.0,,0.0,0.0,,7.535531596289967e-11,,-7.535438942508562e-11,-3.7368200516673845e-13,,,,,,,3.132720559905364e-14,,-5.652332851267391e-15,3.0813064501666513e-14
weak_grid,PSCAD_EMTDC,B,11,660.0,negative,9.000000000085063,110.0000000757898,-3.0781813011471826,8.457233583081347,1.322815153236742e-07,5.646076971089081,110.27012663110861,-1.9560641688277216,5.29641370465816,0.002783762810850362,3.354091406399106,109.54528209143147,-1.1221171323194334,3.160819878423246,0.004685673082968031,0.0,,0.0,0.0,,9.369556452995782,-161.11106026397795,-8.864985876890202,-3.0332513130982326,0.017110786345937306,37.267682292971166,62.73418856706353,37.26650864161007,62.733491358390424,0.0,6.476398252933585e-14,7.195998058747082e-13,-2.7533531010703882e-14,-5.861977570020827e-14
weak_grid,PSCAD_EMTDC,B,12,720.0,zero,9.800819026935543e-12,,-5.927413050022987e-12,7.805243630608782e-12,,1.1297824449273677e-11,,1.0367634523180703e-11,-4.489208357868649e-12,,2.0415096827018274e-11,,-1.6328176524081917e-11,1.2254257621535127e-11,,0.0,,0.0,0.0,,6.3158189551128e-10,,-4.011649035635392e-10,4.878139100994125e-10,,,,,,,5.208756588845862e-14,,3.312895087822719e-14,4.019436694230335e-14
weak_grid,PSCAD_EMTDC,B,13,780.0,positive,6.999999999983257,-90.0000000037465,-4.5772088999929574e-10,-6.999999999983257,6.5432491350802205e-09,4.507138352634205,-89.76794689342931,0.018254269442156662,-4.507101386859775,0.0024778350981897682,2.492965445745782,-90.41954130230884,-0.018254269899847093,-2.492898613123464,0.004479472157766384,0.0,,0.0,0.0,,8.839193541570923,-0.9366413548596998,8.838012475022886,-0.14449206444973398,0.022491615826870266,35.613792082167784,64.38769075207122,35.61283733043743,64.3871626695623,-0.0,3.5485564652058546e-14,5.069366378877632e-13,-3.045827479120078e-14,-1.8207657603852567e-14
weak_grid,PSCAD_EMTDC,B,14,840.0,negative,1.7829491073416714e-11,,-1.1017024764092312e-11,1.4018413508112216e-11,,5.10741534535662e-12,,4.389350477496361e-12,2.6113777772828546e-12,,1.9225842807358904e-11,,-1.545532287398814e-11,1.1435297395085669e-11,,0.0,,0.0,0.0,,2.9063397191039728e-11,,-2.5724394843074968e-11,1.3525404476085511e-11,,,,,,,5.652072526117953e-14,,4.894763239946819e-14,-2.8261664256307876e-14
weak_grid,PSCAD_EMTDC,B,15,900.0,zero,1.7223035604426147e-11,,-1.0857503370290041e-11,1.336965130418408e-11,,4.851714758232584e-12,,3.655175243815828e-12,3.190427876045431e-12,,1.7710398187140253e-11,,-1.4500745911419872e-11,1.0167918762436127e-11,,0.0,,0.0,0.0,,3.2546868979616294e-11,,-2.8326980102589194e-11,-1.6027503818243974e-11,,,,,,,1.6437300874480966e-14,,-1.193270268599709e-14,1.1304665702523474e-14
weak_grid,PSCAD_EMTDC,B,16,960.0,positive,1.6181203516734396e-11,,-1.061068483578495e-11,1.2216575402526717e-11,,4.425981195487645e-12,,2.956798118193285e-12,3.293425941335086e-12,,1.626598287239686e-11,,-1.3589464248399809e-11,8.939164404270205e-12,,0.0,,0.0,0.0,,3.133628692487051e-11,,-2.7470337657131327e-11,1.507791189923203e-11,,,,,,,2.719661203638846e-14,,2.198129442157333e-14,-1.601494307857317e-14
weak_grid,PSCAD_EMTDC,B,17,1020.0,negative,1.4969515813067663e-11,,-1.0339686877416131e-11,1.0824845447149418e-11,,3.875735890370434e-12,,2.466674131059411e-12,2.9894560413339076e-12,,1.5007151897999896e-11,,-1.280944231492571e-11,7.818746425753463e-12,,0.0,,0.0,0.0,,2.3779103845052502e-11,,-2.3263745941825757e-11,4.923809950432318e-12,,,,,,,1.6925815631322984e-14,,3.08130645016859e-15,1.6642980062046787e-14
weak_grid,PSCAD_EMTDC,B,18,1080.0,zero,1.3618575226321589e-11,,-9.747133983508875e-12,9.510992077722834e-12,,3.585256702264314e-12,,2.215714477694543e-12,2.8186299818291127e-12,,1.3736830814824235e-11,,-1.1982317607691097e-11,6.7174835752326625e-12,,0.0,,0.0,0.0,,2.3835261714955135e-11,,-2.383525959678665e-11,1.004859173557616e-14,,,,,,,3.178264289097932e-14,,1.9469146487678867e-14,-2.5121479338940604e-14
weak_grid,PSCAD_EMTDC,B,19,1140.0,positive,1.2769021003820445e-11,,-9.369683756441295e-12,8.675074852719593e-12,,3.2835236640605564e-12,,2.031071604553331e-12,2.579975928109179e-12,,1.2893121389998618e-11,,-1.1375633881655685e-11,6.068569268597592e-12,,0.0,,0.0,0.0,,2.6925838286507084e-11,,-1.2150003482278523e-11,2.4028694987696492e-11,,,,,,,3.653643896626361e-14,,-2.5121479338939796e-14,2.6529656012823218e-14
weak_grid,PSCAD_EMTDC,B,20,1200.0,negative,1.1872055388531308e-11,,-9.051269005820226e-12,7.68246240033971e-12,,2.8289814903707933e-12,,1.736522259304255e-12,2.2332995132318015e-12,,1.2036271620875114e-11,,-1.0758273526901226e-11,5.3973498359713445e-12,,0.0,,0.0,0.0,,2.89387597357218e-11,,-2.861587711498701e-11,-4.310845854562172e-12,,,,,,,5.963127650735692e-14,,-2.951773822325511e-14,5.181305113656444e-14
weak_grid,PSCAD_EMTDC,B,21,1260.0,zero,1.0996970621335342e-11,,-8.445841353751762e-12,7.042806732671941e-12,,2.8422717633806242e-12,,1.6561335254196459e-12,2.3099200252155697e-12,,1.1139516478384987e-11,,-1.0131492617394664e-11,4.630516679150189e-12,,0.0,,0.0,0.0,,1.8416828585047567e-11,,-1.7471988880233046e-11,-5.823158910766384e-12,,,,,,,1.0654069440934317e-13,,2.951773822325511e-14,1.0237002830618165e-13
weak_grid,PSCAD_EMTDC,B,22,1320.0,positive,1.0178813304906712e-11,,-8.076555607469337e-12,6.194956804982702e-12,,2.6047533876196897e-12,,1.7132848909157352e-12,1.961987536371245e-12,,1.0656747633925398e-11,,-9.79109657235202e-12,4.207219752289043e-12,,0.0,,0.0,0.0,,3.0059752503603115e-11,,-1.8720526403378384e-11,2.3518728957116e-11,,,,,,,2.5780134069641246e-14,,1.2560739669472321e-15,2.5749516322413412e-14
weak_grid,PSCAD_EMTDC,B,23,1380.0,negative,9.782282120036521e-12,,-7.908241695898437e-12,5.7578430644851395e-12,,2.351527470129011e-12,,1.3113412214926888e-12,1.951938944635669e-12,,9.954409506624967e-12,,-9.210790399622497e-12,3.775130307659268e-12,,0.0,,0.0,0.0,,9.06846851239955e-12,,6.119592366965881e-12,6.692362095893722e-12,,,,,,,3.200524777953614e-14,,-8.79251776862901e-15,3.077381219020234e-14
weak_grid,PSCAD_EMTDC,B,24,1440.0,zero,9.183999034316878e-12,,-7.501273730607604e-12,5.298748029566004e-12,,2.2331921297485863e-12,,1.2887318900876425e-12,1.823819400007073e-12,,9.420992797714297e-12,,-8.755463586604202e-12,3.478068814476298e-12,,0.0,,0.0,0.0,,3.642805768871077e-11,,-2.98845118216035e-11,-2.083073066784938e-11,,,,,,,3.4684476073051895e-14,,-3.454203409104404e-14,-3.1401849173672726e-15
weak_grid,PSCAD_EMTDC,B,25,1500.0,positive,8.605480727127379e-12,,-7.2199131620114706e-12,4.6826437487784906e-12,,2.0151435444126796e-12,,1.2410010793436557e-12,1.5876774942210332e-12,,8.934156141255472e-12,,-8.41020025493964e-12,3.014577520672848e-12,,0.0,,0.0,0.0,,1.1661151506039393e-11,,-1.156592908764816e-11,-1.4871915768652716e-12,,,,,,,9.504870832221018e-14,,-5.071398641548521e-14,8.038873388460953e-14
weak_grid,PSCAD_EMTDC,C,1,60.0,positive,99.99999999970977,-59.999999988581116,50.000000017114516,-86.60254036822766,1.9931805416064688e-08,108.58078899526622,-40.49493780411308,82.57170974764013,-70.51028639982962,4.4793946793984545e-05,36.33011027444094,-153.7080414146644,-32.571709730525626,-16.092253968398015,0.00013382269390777103,0.0,,0.0,0.0,,279.0124669516828,116.53068992485576,-124.62848293045938,249.63112377449266,8.983617315434332e-06,36.33011027454638,108.58078899558134,-2.34955413171133,102.3495541317113,-0.0,2.864289338439558e-14,2.864289338447871e-14,1.4210854715202004e-14,-2.4868995751603507e-14
weak_grid,PSCAD_EMTDC,C,2,120.0,negative,1.5171227246455707e-10,,-3.2448158788142365e-11,1.48201655212145e-10,,8.466639196232446e-11,,-5.439805136054154e-11,6.487873254074747e-11,,8.610580292035154e-11,,2.1893997280870032e-11,8.3275819897637e-11,,0.0,,0.0,0.0,,1.1661917155139805e-10,,-1.1362947534589522e-10,-2.6236873021589352e-11,,,,,,,7.309551909017235e-14,,5.589529152914375e-14,4.7102773760509896e-14
weak_grid,PSCAD_EMTDC,C,3,180.0,zero,1.5713038926941013e-10,,-4.549499908282107e-12,1.5706451312292316e-10,,7.513237162839391e-11,,-5.3171495131817776e-11,5.308168584318106e-11,,1.1480353752692173e-10,,4.8579602727151204e-11,1.0401862538780009e-10,,0.0,,0.0,0.0,,1.9292373451951855e-10,,-6.763707097216313e-11,-1.8067870370152714e-10,,,,,,,5.5485388078650104e-14,,4.239249638446666e-14,-3.579810805798804e-14
weak_grid,PSCAD_EMTDC,C,4,240.0,positive,2.491982480981325e-10,,4.2194036697684294e-11,2.4560014275715083e-10,,2.992467524036248e-10,,-1.1669052760334509e-10,2.7555750686883724e-10,,1.617446148862776e-10,,1.5894045959255854e-10,-2.9987509886893154e-11,,0.0,,0.0,0.0,,2.1006350662619875e-10,,-2.0213244705698222e-10,-5.7176486975428346e-11,,,,,,,6.350630974908053e-14,,-5.58952915291696e-14,3.0145775206740034e-14
weak_grid,PSCAD_EMTDC,C,5,300.0,negative,19.999999999997492,-120.00000019997935,-10.000000060452479,-17.320508040783622,3.4902980782803234e-07,0.8448415450960524,155.62356866048444,-0.7695268905972706,0.3486912688439177,0.2949806890279294,19.934950192633053,-117.58277925457621,-9.23047316985524,-17.669199309627565,0.012501623020960258,0.0,,0.0,0.0,,0.6379101277838104,-117.41313024217311,-0.2936958831287457,-0.566279135552762,0.2950066948481896,99.67475096317776,4.224207725480792,99.58606024331749,0.41393975668270216,-0.0,4.050716828981883e-14,2.025358414491196e-13,3.197442310920451e-14,2.4868995751603507e-14
weak_grid,PSCAD_EMTDC,C,6,360.0,zero,2.503145622688253e-10,,-2.456127034968203e-10,-4.828850758531124e-11,,8.175323668052747e-11,,-6.243692474900247e-11,5.277520379524599e-11,,2.092171091989111e-10,,-1.8321974133666095e-10,-1.0100656001506114e-10,,0.0,,0.0,0.0,,1.0882225774970559e-10,,-8.031839374246024e-11,-7.3425059811855e-11,,,,,,,7.210400679475138e-14,,4.3962588843130507e-14,-5.715136549608775e-14
weak_grid,PSCAD_EMTDC,C,7,420.0,positive,13.999999999985617,140.0000002361501,-10.724622240745031,8.99902649139974,4.1215968576994043e-07,7.134573028428962,140.24502457421846,-5.484962013811747,4.562600574784977,0.005927408379733943,6.865560006825217,139.74537505514445,-5.239660226933292,4.436425916614774,0.00615889700728865,0.0,,0.0,0.0,,7.536919848918358,-131.92497948488145,-5.0358457002118415,-5.607621500482842,0.011726884254653095,49.03971433451622,50.961235917402085,49.03923007890927,50.96076992109083,-0.0,1.4043333874306804e-14,1.0030952767372308e-13,7.993605777301127e-15,-1.1546319456101628e-14
weak_grid,PSCAD_EMTDC,C,8,480.0,negative,1.7706538285611679e-10,,8.274512864660188e-11,-1.565419863526732e-10,,8.916696112776484e-11,,6.660206602339878e-11,-5.928669123989934e-11,,9.862294107828024e-11,,1.6098786015868218e-11,-9.730012125246928e-11,,0.0,,0.0,0.0,,9.793645369804037e-11,,8.040883106808043e-11,5.591036441674575e-11,,,,,,,6.300635489441729e-14,,4.427660733488266e-14,4.482613969542632e-14
weak_grid,PSCAD_EMTDC,C,9,540.0,zero,9.631000646810374e-11,,2.3579020507529458e-11,-9.337905085077536e-11,,4.584892722317587e-11,,3.0597961834829405e-11,-3.414511471748779e-11,,5.958867542072575e-11,,-7.062903916143093e-12,-5.916862028700632e-11,,0.0,,0.0,0.0,,2.6493732875194993e-11,,2.645794203977203e-11,-1.3766570677739338e-12,,,,,,,7.873289651237382e-14,,4.3962588843145855e-14,-6.531584628125607e-14
weak_grid,PSCAD_EMTDC,C,10,600.0,positive,8.110296141183081e-11,,-3.6275416165429937e-12,-8.102179516395057e-11,,3.5424448751723873e-11,,1.2097562394158485e-11,-3.329475264186466e-11,,5.0268905980033017e-11,,-1.56902479581187e-11,-4.7757502315784384e-11,,0.0,,0.0,0.0,,6.480390298858826e-11,,6.468529714983763e-11,3.918950776874702e-12,,,,,,,4.628977677421502e-14,,-3.485605258278004e-14,3.045979369846634e-14
weak_grid,PSCAD_EMTDC,C,11,660.0,negative,9.000000000052754,-129.99999992363195,-5.785088478023394,-6.89439999582201,1.332887311424902e-07,5.64607697106706,-129.7298733681921,-3.6087967327050845,-4.34220811399349,0.0027837623956425877,3.354091406388931,-130.4547179081929,-2.17629174531832,-2.552191881828523,0.004685673391627795,0.0,,0.0,0.0,,9.369556452989308,-41.11106026347169,7.059365631700233,-6.160677316961437,0.017110786291716362,37.26768229299189,62.73418856704406,37.26650864162976,62.733491358370344,-0.0,1.067662871904967e-14,1.1862920798874543e-13,1.021405182655144e-14,3.1086244689504383e-15
weak_grid,PSCAD_EMTDC,C,12,720.0,zero,3.25178628392181e-11,,3.208954967057899e-11,-5.26043777357412e-12,,3.245013534385607e-11,,3.153624908813883e-11,7.646978310773457e-12,,1.2914089192765807e-11,,5.495323605393213e-13,-1.2902391788479789e-11,,0.0,,0.0,0.0,,5.871222332527728e-10,,-2.220123297318527e-10,-5.435283269773144e-10,,,,,,,6.280369834735292e-15,,3.768221900842403e-15,-5.024295867787313e-15
weak_grid,PSCAD_EMTDC,C,13,780.0,positive,6.999999999977808,149.99999999595317,-6.062177826224644,3.5000000004170797,7.070189396518215e-09,4.507138352618814,150.23205310594292,-3.91239143313584,2.237742032400679,0.002477834790850647,2.492965445755513,149.58045869798525,-2.149786393088861,1.2622579680164296,0.004479471777631545,0.0,,0.0,0.0,,8.839193541569998,-120.93664135538506,-4.544140036039214,-7.581697290066273,0.022491615802889116,35.61379208233452,64.38769075190146,35.61283733060686,64.38716266939404,-0.0,6.375271444358239e-14,9.10753063482636e-13,5.684341886080802e-14,-2.886579864025407e-14
weak_grid,PSCAD_EMTDC,C,14,840.0,negative,1.5894729852187383e-11,,1.092344725355476e-11,-1.1546459941160481e-11,,1.6394588517524022e-11,,1.6389783026929523e-11,3.969193735552583e-13,,1.313529725778635e-11,,-5.4604675528104324e-12,-1.1946519499633107e-11,,0.0,,0.0,0.0,,2.1845695343503468e-11,,1.1000695802522001e-11,1.887376742734592e-11,,,,,,,6.65558216138163e-15,,-5.868220564330843e-15,3.1401849173680803e-15
weak_grid,PSCAD_EMTDC,C,15,900.0,zero,1.389726856519543e-11,,8.566601089980277e-12,-1.0942916400042438e-11,,1.4187118752306975e-11,,1.418358723476575e-11,-3.1653063967064903e-13,,1.2034505655288685e-11,,-5.585760931013398e-12,-1.0659671720495884e-11,,0.0,,0.0,0.0,,4.646164707424493e-11,,3.006687806067962e-11,3.542128586790596e-11,,,,,,,4.563955648880246e-14,,-3.1225213772074255e-14,3.328596012409519e-14
weak_grid,PSCAD_EMTDC,C,16,960.0,positive,1.2209389478450071e-11,,7.094305765316768e-12,-9.936801152517875e-12,,1.258653302948063e-11,,1.2575812557073564e-11,-5.19376772254726e-13,,1.09189269832125e-11,,-5.487159124608056e-12,-9.440023898590329e-12,,0.0,,0.0,0.0,,4.8856414225459375e-12,,4.883615583490014e-12,1.4068028429806622e-13,,,,,,,2.329564541458323e-14,,5.652332851260929e-15,2.2599518327180096e-14
weak_grid,PSCAD_EMTDC,C,17,1020.0,negative,1.0592250890490201e-11,,5.741514102914828e-12,-8.901168166770056e-12,,1.1069229781298723e-11,,1.105973127896851e-11,-4.584669979356623e-13,,9.907612481298255e-12,,-5.308482602809843e-12,-8.365452619867152e-12,,0.0,,0.0,0.0,,6.607481353802455e-12,,-2.79664868740754e-12,-5.986448526469497e-12,,,,,,,7.785949032574013e-14,,-9.734573243838626e-15,-7.724854896724185e-14
weak_grid,PSCAD_EMTDC,C,18,1080.0,zero,9.603206540816633e-12,,5.159951856218358e-12,-8.099164938874384e-12,,1.0392965801492476e-11,,1.0370146671114597e-11,-6.883285338869669e-13,,9.041859972924244e-12,,-5.186957446507719e-12,-7.406126127611366e-12,,0.0,,0.0,0.0,,1.2113203416975139e-11,,1.0412225149007321e-11,6.189932509114914e-12,,,,,,,2.3709955769320946e-14,,-2.3237368388520563e-14,-4.710277376051313e-15
weak_grid,PSCAD_EMTDC,C,19,1140.0,positive,8.44700649027566e-12,,4.403167291132778e-12,-7.208608496308947e-12,,9.46828117312705e-12,,9.457922952619323e-12,-4.427660733488245e-13,,8.466040780432403e-12,,-5.046277162209653e-12,-6.797715299871404e-12,,0.0,,0.0,0.0,,3.016649801482435e-11,,-2.936952149515522e-11,-6.888309634737457e-12,,,,,,,3.298128609666249e-14,,-8.478499276891394e-15,3.1872876911280765e-14
weak_grid,PSCAD_EMTDC,C,20,1200.0,negative,7.441273611635561e-12,,3.955376921916166e-12,-6.302979166140146e-12,,8.765288422965429e-12,,8.762371993422412e-12,-2.260933140504636e-13,,7.774789132062612e-12,,-4.83462869877908e-12,-6.0888185547756795e-12,,0.0,,0.0,0.0,,2.0343811526904916e-11,,1.9642484695117498e-11,5.295607844648636e-12,,,,,,,3.009994600736572e-14,,2.763362727283426e-14,1.193270268599709e-14
weak_grid,PSCAD_EMTDC,C,21,1260.0,zero,7.113723935944073e-12,,3.5908014530097932e-12,-6.140945624403981e-12,,8.286416055634459e-12,,8.263946142413247e-12,-6.098239109527782e-13,,7.267151553600295e-12,,-4.715458681164981e-12,-5.529551620992519e-12,,0.0,,0.0,0.0,,1.255219170539966e-11,,4.663174602290812e-12,1.165385426533445e-11,,,,,,,4.2343111471919396e-14,,4.2313991761527007e-14,-1.5700924586840402e-15
weak_grid,PSCAD_EMTDC,C,22,1320.0,positive,6.185024504301041e-12,,2.9794074495983314e-12,-5.4201161766222595e-12,,7.609978447508087e-12,,7.601759647963365e-12,-3.535848216955861e-13,,6.827164394273533e-12,,-4.5692830732615215e-12,-5.07265471551554e-12,,0.0,,0.0,0.0,,2.8444027696762363e-11,,-1.5705948882705538e-11,-2.3714676495959736e-11,,,,,,,5.342122784206159e-14,,-5.306912510351167e-14,6.123360588866545e-15
weak_grid,PSCAD_EMTDC,C,23,1380.0,negative,5.7700543676861915e-12,,2.911579455383192e-12,-4.981589352911881e-12,,7.339257279024459e-12,,7.332959819036702e-12,-3.0396990000117883e-13,,6.389852715034711e-12,,-4.340991629768901e-12,-4.688924118613225e-12,,0.0,,0.0,0.0,,3.4291003337301447e-12,,-3.0472354438134702e-12,1.5726046066176689e-12,,,,,,,8.117970191012218e-14,,-8.038873388460912e-14,1.1304665702522666e-14
weak_grid,PSCAD_EMTDC,C,24,1440.0,zero,5.325878781415547e-12,,2.777179540919861e-12,-4.5444756124143185e-12,,7.043041563568429e-12,,7.042492714180204e-12,-8.79251776862914e-14,,6.105006487432846e-12,,-4.247414119231348e-12,-4.3852682371037835e-12,,0.0,,0.0,0.0,,2.8045257695947877e-11,,-9.827522717393483e-12,2.6267018796796082e-11,,,,,,,7.349508713699545e-14,,-1.7899054028994827e-14,-7.128219762424331e-14
weak_grid,PSCAD_EMTDC,C,25,1500.0,positive,4.874428038565135e-12,,2.519684377695722e-12,-4.172677718198e-12,,6.613179723650018e-12,,6.611345325025639e-12,-1.5575317190143048e-13,,5.704718479854565e-12,,-4.102337576048967e-12,-3.964169439684795e-12,,0.0,,0.0,0.0,,4.318849190672184e-12,,1.7484549619902517e-12,3.949096552081431e-12,,,,,,,5.3824638172719495e-14,,1.0676628719049858e-14,-5.2755106611774864e-14
low_quality,PSCAD_EMTDC,A,1,60.0,positive,99.9999999997614,-179.99999998842426,-99.9999999997614,-2.020348338200412e-08,2.0204880004693435e-08,107.71787359132867,-160.3850797881537,-101.4670126006757,-36.16055371439685,4.400162663277905e-05,36.19029938314798,87.6768175973271,1.467012600914413,36.16055369419334,0.00013091228294806657,0.0,,0.0,0.0,,277.95139600728214,-1.7263721857496919,277.8252337058857,-8.373652647857513,4.419891670068497e-06,36.19029938323433,107.71787359158567,-1.4670126082236046,101.46701260822348,-0.0,1.1326821547048625e-13,1.1326821547075652e-13,-1.1124434706744069e-13,2.1316282072803006e-14
low_quality,PSCAD_EMTDC,A,2,120.0,negative,5.845434350146845e-11,,5.579229346385273e-11,1.7439330957092424e-11,,9.464146434497662e-11,,9.012330712844867e-11,2.8892841424698827e-11,,3.621982942464038e-11,,-3.435597813468902e-11,-1.146921139219324e-11,,0.0,,0.0,0.0,,4.333358339761786e-11,,4.1430343725780506e-11,1.2701419953768266e-11,,,,,,,2.949141908945016e-14,,2.4964470093075027e-14,1.570092458683717e-14
low_quality,PSCAD_EMTDC,A,3,180.0,zero,2.061040366958372e-11,,-6.534724813041871e-12,1.9547023073629524e-11,,7.03358014384231e-11,,5.938843323122205e-11,3.7684731156344493e-11,,6.836471215140648e-11,,-6.592064589633002e-11,-1.811635482527687e-11,,0.0,,0.0,0.0,,1.0972555639796866e-10,,1.0949824806860646e-10,-7.059135694242252e-12,,,,,,,2.1500523027581528e-14,,-2.5121479339009266e-15,-2.1353257438099715e-14
low_quality,PSCAD_EMTDC,A,4,240.0,positive,1.1221713431077715e-10,,-1.0968163486778073e-10,2.3719700791827525e-11,,7.839912214727994e-11,,5.062166497891532e-11,5.986542732017018e-11,,1.6430211232756476e-10,,-1.602827316354873e-10,-3.611966299352851e-11,,0.0,,0.0,0.0,,3.15279281950937e-11,,-2.3102968474056537e-11,-2.14537433554551e-11,,,,,,,3.320179451982568e-14,,-2.056821120876456e-14,-2.6063534814149412e-14
low_quality,PSCAD_EMTDC,A,5,300.0,negative,20.00000000014253,-1.9975293131137875e-07,20.00000000014253,-6.972692683836958e-08,3.486353625745869e-07,4.101122312855037,-75.08027432749844,1.0558974242763024,-3.962863214193005,0.11449343109076299,19.354154766011042,11.815166995356995,18.944102575866197,3.962863144466084,0.024261889843766885,0.0,,0.0,0.0,,1.5483065869772348,11.88302676867357,1.5151264199227148,0.31881847331870694,0.11400992161797677,96.77077382936557,20.50561156412905,94.72051280957638,5.279487190423456,0.0,3.249143127675386e-14,1.6245715638261153e-13,3.197442310920451e-14,-5.773159728050814e-15
low_quality,PSCAD_EMTDC,A,6,360.0,zero,4.015174245898104e-10,,3.9679549326026816e-10,6.139689550437033e-11,,1.3596833329903537e-10,,1.3595242188647765e-10,2.080058489264265e-12,,2.6751097048491325e-10,,2.6084260034605287e-10,5.935703138204837e-11,,0.0,,0.0,0.0,,6.92805404115276e-11,,4.0691772233215656e-11,5.607114188451497e-11,,,,,,,4.01971267757134e-14,,4.710277376088471e-16,-4.019436694231143e-14
low_quality,PSCAD_EMTDC,A,7,420.0,positive,14.000000000108974,20.00000023570583,13.15569667140688,4.788282060717101,4.113850189080183e-07,9.460225752519897,19.351412827813224,8.92576077641252,3.134751322018447,0.003909775997883722,4.541643048455334,21.351101780417647,4.22993589499432,1.6535307386986364,0.00814294020709869,0.0,,0.0,0.0,,4.996862668980453,107.18140876825645,-1.476063575846851,4.773873987937749,0.009702935943033338,32.44030748871416,67.57304108890186,32.43128833979932,67.56871166020039,0.0,4.2927602711964753e-14,3.066257336545043e-13,3.907985046680551e-14,1.7763568394002505e-14
low_quality,PSCAD_EMTDC,A,8,480.0,negative,8.286376470709257e-11,,-6.100248827874897e-11,-5.608119047625055e-11,,1.0070569291933447e-10,,-8.836103535282201e-11,-4.831111691671628e-11,,2.844348237270752e-11,,2.7353522778205254e-11,-7.798492233036442e-12,,0.0,,0.0,0.0,,6.353515847622643e-11,,4.432936244149423e-11,-4.5515096266292214e-11,,,,,,,2.885939279663359e-14,,5.02429586779216e-15,2.8418673502175877e-14
low_quality,PSCAD_EMTDC,A,9,540.0,zero,2.8866123657068768e-11,,4.970284687209358e-12,-2.8435002463746636e-11,,4.211202712545977e-11,,-3.2139576741543805e-11,-2.721158641994024e-11,,3.7140237160892944e-11,,3.712075394518528e-11,-1.20284783259764e-12,,0.0,,0.0,0.0,,4.339297925564139e-11,,4.312855572909288e-11,-4.783129666134252e-12,,,,,,,2.3274411411503516e-14,,-1.0892516432114117e-14,-2.056821120875729e-14
low_quality,PSCAD_EMTDC,A,10,600.0,positive,4.300546334188257e-11,,3.6903453148903444e-11,-2.208178033892861e-11,,2.165822000134518e-11,,-2.2559088446368476e-12,-2.1540412459174446e-11,,3.91984995826491e-11,,3.919453206461481e-11,-5.576968413244769e-13,,0.0,,0.0,0.0,,9.426114671969896e-12,,8.661886076066649e-12,-3.717978942163179e-12,,,,,,,3.877588020085792e-14,,-3.517007107451604e-14,1.6328961570313513e-14
low_quality,PSCAD_EMTDC,A,11,660.0,negative,9.000000000038769,-9.999999924047712,8.863269779219772,-1.5628335872597996,1.3256245035660956e-07,6.93949745805058,-10.059363816332047,6.832818705222326,-1.2121111796590067,0.0017077692747954737,2.0605188111469976,-9.80007146929805,2.030451073997431,-0.3507224076008174,0.005751039887027576,0.0,,0.0,0.0,,5.757981472954,78.55944928865505,1.1421017936765607,5.643576360408558,0.016036763900762738,22.89465345709024,77.10552731134096,22.894514074801446,77.10548592519844,0.0,2.857934893756065e-14,3.1754832152708375e-13,1.4654943925052066e-14,2.453592884421596e-14
low_quality,PSCAD_EMTDC,A,12,720.0,zero,2.6321656088783717e-11,,-2.6194166506713152e-11,-2.587512371910861e-12,,4.423842504868576e-11,,-4.392490662413729e-11,-5.25745459790262e-12,,1.7870223657220676e-11,,1.766919249304373e-11,2.6729254016632584e-12,,0.0,,0.0,0.0,,3.6928948844959953e-10,,3.6785884625597205e-10,3.247453634144825e-11,,,,,,,6.16198783182733e-14,,6.154762438040791e-14,-2.9831756714992724e-15
low_quality,PSCAD_EMTDC,A,13,780.0,positive,6.999999999991037,29.999999996015493,6.062177826726709,3.4999999995739386,6.955439458977025e-09,5.483753892208103,29.97316859475912,4.750353668973483,2.7396526732375563,0.0015047489017513916,1.5162488837693733,30.097040045058293,1.3118241577532073,0.7603473263364305,0.005441786063024417,0.0,,0.0,0.0,,5.377243629472196,118.80447413326475,-2.5908748284183254,4.711912209938512,0.021521178905941102,21.66069833959021,78.33934131735893,21.660667272605437,78.33933272739469,0.0,5.1535041232135534e-14,7.362148747457359e-13,1.7985612998927536e-14,-4.829470157119431e-14
low_quality,PSCAD_EMTDC,A,14,840.0,negative,2.4358386673868056e-12,,3.893829297535762e-14,-2.4355274219102715e-12,,1.9732458813040176e-11,,-1.9222327953173718e-11,-4.457806508694974e-12,,1.9388659963518452e-11,,1.9278851281686337e-11,2.060589342776586e-12,,0.0,,0.0,0.0,,1.9781318065718566e-11,,8.427000244247557e-12,-1.789654188106114e-11,,,,,,,4.215340068144447e-14,,-1.758503553726125e-14,-3.8310255991883714e-14
low_quality,PSCAD_EMTDC,A,15,900.0,zero,3.295930968796251e-12,,2.265957436372424e-12,-2.3934489440175465e-12,,1.6523289003660093e-11,,-1.5967212267830517e-11,-4.2505543041487154e-12,,1.832841681399665e-11,,1.8235681852136837e-11,1.8414044355443313e-12,,0.0,,0.0,0.0,,1.0122714360785858e-11,,-9.948105818220398e-13,-1.00737132149151e-11,,,,,,,1.5900626406634022e-14,,-2.5121479338976955e-15,1.5700924586837574e-14
low_quality,PSCAD_EMTDC,A,16,960.0,positive,4.136534399456241e-12,,3.4994220719143974e-12,-2.205665885958967e-12,,1.4153241531925827e-11,,-1.360202498806928e-11,-3.91141433307302e-12,,1.723082969466379e-11,,1.714854983374419e-11,1.6818830417420597e-12,,0.0,,0.0,0.0,,1.613705381218273e-11,,1.4093149909145563e-11,-7.86051088515445e-12,,,,,,,5.280368234795433e-14,,-4.710277376051313e-14,2.3865405371993574e-14
low_quality,PSCAD_EMTDC,A,17,1020.0,negative,4.941979884629108e-12,,4.56457279588547e-12,-1.894159542156106e-12,,1.210493594623746e-11,,-1.1583514123185418e-11,-3.514494959517762e-12,,1.6249871752050905e-11,,1.617316914609836e-11,1.5770008655019836e-12,,0.0,,0.0,0.0,,1.6481721676150806e-11,,1.6462105410807642e-11,8.038873388460928e-13,,,,,,,5.006996602291828e-14,,-2.5082227027470777e-14,4.3334551859672037e-14
low_quality,PSCAD_EMTDC,A,18,1080.0,zero,4.8117339471661156e-12,,4.602255014893881e-12,-1.4042906950467682e-12,,1.1082190842863419e-11,,-1.067662871904967e-11,-2.970614931829702e-12,,1.5324270450421077e-11,,1.5244655718344245e-11,1.5600438669481988e-12,,0.0,,0.0,0.0,,9.798948518950007e-12,,8.430768466148397e-12,-4.994150092581352e-12,,,,,,,3.479942667814086e-14,,3.4228015599304806e-14,6.280369834734949e-15
low_quality,PSCAD_EMTDC,A,19,1140.0,positive,5.147601051939848e-12,,4.928834246300106e-12,-1.4847186812428446e-12,,1.0053652542304547e-11,,-9.605825662227336e-12,-2.967160728420598e-12,,1.4591002891211748e-11,,1.4514562725056289e-11,1.4915878357495861e-12,,0.0,,0.0,0.0,,2.60974449119091e-11,,2.346848599843812e-11,-1.1415200211614517e-11,,,,,,,2.2080358513255562e-14,,2.00971834711541e-14,-9.145788571832817e-15
low_quality,PSCAD_EMTDC,A,20,1200.0,negative,5.238036428225325e-12,,5.04941734712702e-12,-1.3929860293442452e-12,,9.105330436149986e-12,,-8.679471111603907e-12,-2.7520580615809207e-12,,1.3811179352727624e-11,,1.3743961346334292e-11,1.360956143187096e-12,,0.0,,0.0,0.0,,3.704823116278498e-12,,3.657687391749722e-12,-5.890986904981523e-13,,,,,,,1.5190188108682977e-14,,-1.507288760336517e-14,-1.8841109504204443e-15
low_quality,PSCAD_EMTDC,A,21,1260.0,zero,4.915425879102532e-12,,4.844677290514656e-12,-8.309714337583879e-13,,8.440129142220142e-12,,-8.122402307262905e-12,-2.2939835867599294e-12,,1.311291779026786e-11,,1.3029569277633175e-11,1.476122425031551e-12,,0.0,,0.0,0.0,,7.137110569183103e-12,,6.586223845686699e-12,-2.7495459136470267e-12,,,,,,,6.385013172388774e-14,,-6.248967985561268e-14,-1.3110272030009514e-14
low_quality,PSCAD_EMTDC,A,22,1320.0,positive,5.0810042658804855e-12,,5.025551941755027e-12,-7.486200843004238e-13,,7.856522897438587e-12,,-7.562193318004533e-12,-2.130301447942146e-12,,1.2667632974567452e-11,,1.2592769555627348e-11,1.3751654799381843e-12,,0.0,,0.0,0.0,,2.0511886482037972e-11,,2.0474005661236427e-11,1.2460253752114439e-12,,,,,,,8.228018558869881e-15,,-5.0242958677889286e-15,6.515883703537555e-15
low_quality,PSCAD_EMTDC,A,23,1380.0,negative,5.055512813251186e-12,,5.004198684316927e-12,-7.184743090936954e-13,,7.216934069979705e-12,,-6.9084068182086095e-12,-2.0875949330659472e-12,,1.1930804942004261e-11,,1.185231395211208e-11,1.366294457546621e-12,,0.0,,0.0,0.0,,4.693919340160802e-12,,-1.6781148198412186e-12,-4.3836981446450994e-12,,,,,,,6.035775234320484e-14,,6.029155041345583e-14,2.8261664256308684e-15
low_quality,PSCAD_EMTDC,A,24,1440.0,zero,4.819419628180485e-12,,4.746703521092788e-12,-8.340331140528213e-13,,6.944678820431369e-12,,-6.619509805810795e-12,-2.1001556727354175e-12,,1.1436092140544829e-11,,1.1359932957068848e-11,1.317621591327424e-12,,0.0,,0.0,0.0,,2.446601650379405e-11,,2.4352762071168823e-11,-2.351370466124821e-12,,,,,,,5.1880568699794395e-14,,6.280369834736161e-15,-5.149903264482763e-14
low_quality,PSCAD_EMTDC,A,25,1500.0,positive,4.692608960130964e-12,,4.65752226943955e-12,-5.727697289278411e-13,,6.4998544923922464e-12,,-6.2602726512639476e-12,-1.7484549619902517e-12,,1.0999976813646186e-11,,1.0924075290538233e-11,1.2899879640545895e-12,,0.0,,0.0,0.0,,6.716897319167748e-12,,6.5265603322567156e-12,-1.5876774942210332e-12,,,,,,,1.1447513860018465e-13,,-6.280369834736161e-15,-1.1430273099217894e-13
low_quality,PSCAD_EMTDC,B,1,60.0,positive,99.999999999698,60.00000001176914,49.999999982059954,86.60254038845284,2.054325526136289e-08,107.71787359147443,79.61492021204435,19.41754816841847,105.95328741570981,4.400199719146659e-05,36.19029938321312,-32.323182402788504,30.58245181364146,-19.35074702725697,0.00013091247046084466,0.0,,0.0,0.0,,277.9513960073368,-121.72637218579524,-146.16441276867099,-236.41688387764725,4.419968156618893e-06,36.19029938332242,107.71787359179974,-1.4670126084221895,101.4670126084222,0.0,2.5121479338940402e-14,2.5121479339016268e-14,2.4868995751603507e-14,-3.552713678800501e-15
low_quality,PSCAD_EMTDC,B,2,120.0,negative,1.672390115187187e-10,,-2.3315244974470584e-11,-1.656058160981629e-10,,9.365000779670771e-11,,-4.941834611858008e-11,-7.954967647468866e-11,,8.992507891114416e-11,,2.609744881125823e-11,-8.605488354950728e-11,,0.0,,0.0,0.0,,2.528182958318852e-11,,2.005447695627612e-11,-1.5394442538902676e-11,,,,,,,5.7902148899599974e-15,,5.65233285126416e-15,-1.256073966944001e-15
low_quality,PSCAD_EMTDC,B,3,180.0,zero,1.7697950676682683e-10,,1.1076060240538822e-11,-1.7663257543549905e-10,,7.582426737667292e-11,,-3.716722868196232e-11,-6.609021588186788e-11,,1.2066003216036576e-10,,4.8272178623740926e-11,-1.1058318195755695e-10,,0.0,,0.0,0.0,,1.266362534043362e-10,,-8.735240795736355e-11,9.168586314333077e-11,,,,,,,5.0010833826317966e-14,,-2.888970123978957e-14,4.0822403925776967e-14
low_quality,PSCAD_EMTDC,B,4,240.0,positive,2.776419108850651e-10,,6.74172580279474e-11,-2.693324042886478e-10,,9.545281696202262e-11,,-4.889895953324749e-11,-8.19764113788303e-11,,2.205313370970059e-10,,1.1631413718868714e-10,-1.8736352935361917e-10,,0.0,,0.0,0.0,,3.923797585959462e-11,,3.787565439932044e-11,1.0249563570287682e-11,,,,,,,7.818307677948657e-15,,2.0803725077594834e-15,7.536443801689855e-15
low_quality,PSCAD_EMTDC,B,5,300.0,negative,19.999999999947665,119.9999998002258,-9.999999939582109,17.320508110510627,3.486718558089141e-07,4.101122312799572,44.919725670775556,2.903991503123806,2.8958656001836904,0.11449342846679589,19.35415476594511,131.81516699530943,-12.903991442705872,14.424642510326883,0.02426189019395779,0.0,,0.0,0.0,,1.5483065869219441,131.8830267671291,-1.0336681069831428,1.152728732925386,0.11400991970430296,96.77077382997878,20.505611564051517,94.7205128101857,5.27948718981396,0.0,6.936895214610187e-14,3.46844760731417e-13,-4.440892098500626e-14,5.3290705182007514e-14
low_quality,PSCAD_EMTDC,B,6,360.0,zero,1.5173294315067612e-10,,-1.5116347762620605e-10,-1.3133509398398041e-11,,9.045165506774225e-11,,1.4620700975263312e-12,-9.043983776811933e-11,,1.710545336057159e-10,,-1.5260293839232734e-10,7.727869474244846e-11,,0.0,,0.0,0.0,,1.9592458677363622e-11,,1.6308864386840106e-11,1.0857503370290041e-11,,,,,,,3.5704330589396805e-14,,-2.2609331405043716e-14,2.7633627272832645e-14
low_quality,PSCAD_EMTDC,B,7,420.0,positive,13.999999999926578,-99.99999976418935,-2.431074430580231,-13.787308552104111,4.115675609689245e-07,9.460225752493274,-100.64858717175511,-1.748106108716467,-9.297311241472187,0.003909775803415013,4.541643048297766,-98.64889822011499,-0.6829683218637366,-4.48999731063194,0.00814294373821308,0.0,,0.0,0.0,,4.996862668918478,-12.818591231429588,4.872327935888888,-1.1086284396441544,0.009702934742879272,32.44030748801132,67.57304108959205,32.43128833910519,67.56871166089489,-0.0,3.1838440024740536e-14,2.274174287493394e-13,-2.7533531010703882e-14,1.5987211554602254e-14
low_quality,PSCAD_EMTDC,B,8,480.0,negative,2.137868513899349e-10,,-2.1692397409175035e-11,2.126834683793372e-10,,1.24230503839787e-10,,2.4744657148856292e-11,1.2174120102443908e-10,,1.0208702250645429e-10,,-4.643893866898175e-11,9.091306363516662e-11,,0.0,,0.0,0.0,,9.581358503858706e-11,,-9.46225640780529e-11,1.506032686369477e-11,,,,,,,2.9264434391064556e-14,,1.8841109504224638e-15,2.920371973149003e-14
low_quality,PSCAD_EMTDC,B,9,540.0,zero,1.2502896216392165e-10,,-2.8548049120771868e-11,1.217261281368357e-10,,6.898079971592128e-11,,1.0641458647975153e-11,6.815504447428291e-11,,6.641630116174244e-11,,-3.9184483472879236e-11,5.3625565870869125e-11,,0.0,,0.0,0.0,,5.84207228931263e-11,,-5.7977862166340544e-11,7.179718795069166e-12,,,,,,,5.471338567472966e-14,,-5.024295867782466e-15,-5.44822083163366e-14
low_quality,PSCAD_EMTDC,B,10,600.0,positive,1.0839908779278921e-10,,-3.335504419227812e-11,1.0313972688174038e-10,,6.125695410689639e-11,,1.3917299553772981e-12,6.124114233246891e-11,,5.440873947977967e-11,,-3.476922646981459e-11,4.184987243074081e-11,,0.0,,0.0,0.0,,4.6821588215873537e-11,,-4.6816388896049326e-11,6.977490886390696e-13,,,,,,,5.363746136874705e-14,,2.24523221591741e-14,4.871211853065407e-14
low_quality,PSCAD_EMTDC,B,11,660.0,negative,9.000000000085063,110.0000000757898,-3.0781813011471826,8.457233583081347,1.322815153236742e-07,6.939497458090995,109.94063618343398,-2.3666902788024826,6.523450168053191,0.0017077698400025227,2.0605188111529587,110.19992853078072,-0.7114910223446843,1.9337834150281976,0.00575103959295346,0.0,,0.0,0.0,,5.757981472971739,-161.4405507116265,-5.458531393175237,-1.8326990131514247,0.016036764196043968,22.894653457038707,77.1055273113934,22.894514074749583,77.10548592525079,0.0,4.4583023498514947e-14,4.953669277565952e-13,-1.5654144647214707e-14,-4.1744385725905886e-14
low_quality,PSCAD_EMTDC,B,12,720.0,zero,9.800819026935543e-12,,-5.927413050022987e-12,7.805243630608782e-12,,1.6556526322011425e-11,,1.5815227317829928e-11,-4.898688471093377e-12,,2.5195719272935088e-11,,-2.179727958541511e-11,1.2637360181453968e-11,,0.0,,0.0,0.0,,3.768155199373542e-10,,-2.3887009844224867e-10,2.914292575151798e-10,,,,,,,8.612354301432727e-14,,5.463921756219652e-14,6.6571920248192e-14
low_quality,PSCAD_EMTDC,B,13,780.0,positive,6.999999999983257,-90.0000000037465,-4.5772088999929574e-10,-6.999999999983257,6.5432491350802205e-09,5.483753892230688,-90.02683140489553,-0.0025680218840268506,-5.483753290933028,0.0015047493317579216,1.516248883738993,-89.90295995509155,0.0025680214263050184,-1.5162467090502443,0.005441788073167731,0.0,,0.0,0.0,,5.377243629480071,-1.1955258663552897,5.3760730884266055,-0.11219268549784944,0.02152117906637229,21.66069833918028,78.33934131776863,21.66066727219576,78.33933272780446,-0.0,1.5350033200229397e-14,2.1928618857523015e-13,9.423885283244005e-16,1.532107773982716e-14
low_quality,PSCAD_EMTDC,B,14,840.0,negative,1.7829491073416714e-11,,-1.1017024764092312e-11,1.4018413508112216e-11,,8.72119884140354e-12,,7.959112691559792e-12,3.5653659551791162e-12,,2.1666233555116235e-11,,-1.9000984168810775e-11,1.0410969075040374e-11,,0.0,,0.0,0.0,,1.785992735484935e-11,,-1.5499952752126227e-11,8.872906502513749e-12,,,,,,,4.886673159274947e-14,,2.4846713158669584e-14,4.2078477892725814e-14
low_quality,PSCAD_EMTDC,B,15,900.0,zero,1.7223035604426147e-11,,-1.0857503370290041e-11,1.336965130418408e-11,,8.038685367690197e-12,,6.810433048786742e-12,4.270651487619868e-12,,1.9826716455403493e-11,,-1.762460186721711e-11,9.081414781026954e-12,,0.0,,0.0,0.0,,1.9290469758855657e-11,,-1.6941925666181404e-11,-9.224607213258914e-12,,,,,,,4.676662121348067e-14,,-4.333455185967143e-14,1.758503553725802e-14
low_quality,PSCAD_EMTDC,B,16,960.0,positive,1.6181203516734396e-11,,-1.061068483578495e-11,1.2216575402526717e-11,,7.1939658017242175e-12,,5.785476691757974e-12,4.275675783487656e-12,,1.8208728501612854e-11,,-1.640432600832808e-11,7.902903381538913e-12,,0.0,,0.0,0.0,,1.894613740020407e-11,,-1.6449544671138173e-11,9.400457568631497e-12,,,,,,,3.886351516086564e-14,,8.164480785155393e-15,3.799623750014812e-14
low_quality,PSCAD_EMTDC,B,17,1020.0,negative,1.4969515813067663e-11,,-1.0339686877416131e-11,1.0824845447149418e-11,,6.432864822279553e-12,,5.054441642994808e-12,3.979242327288159e-12,,1.684300480640275e-11,,-1.538910422454315e-11,6.845603119861258e-12,,0.0,,0.0,0.0,,1.4048030303321603e-11,,-1.3693718387656411e-11,3.135160621499762e-12,,,,,,,5.0242958677889286e-15,,-5.0242958677889286e-15,0.0
low_quality,PSCAD_EMTDC,B,18,1080.0,zero,1.3618575226321589e-11,,-9.747133983508875e-12,9.510992077722834e-12,,5.901871750653461e-12,,4.6198400504311395e-12,3.672760279353086e-12,,1.5486827889482683e-11,,-1.4338084332700233e-11,5.853304685973113e-12,,0.0,,0.0,0.0,,1.4200540997446866e-11,,-1.4198660122369113e-11,2.311176099182517e-13,,,,,,,3.2585376757489115e-14,,-2.888970123978149e-14,-1.507288760336517e-14
low_quality,PSCAD_EMTDC,B,19,1140.0,positive,1.2769021003820445e-11,,-9.369683756441295e-12,8.675074852719593e-12,,5.3929492253675016e-12,,4.178330051049262e-12,3.4096127832776857e-12,,1.4525251777954827e-11,,-1.3545501659556664e-11,5.244265821249677e-12,,0.0,,0.0,0.0,,1.622565701930125e-11,,-7.375666333912902e-12,1.4452387063692412e-11,,,,,,,2.134459708376839e-14,,-2.5121479338928487e-15,2.1196248192230907e-14
low_quality,PSCAD_EMTDC,B,20,1200.0,negative,1.1872055388531308e-11,,-9.051269005820226e-12,7.68246240033971e-12,,4.829994439779767e-12,,3.7707340487749535e-12,3.0183457425736887e-12,,1.361928195533044e-11,,-1.2798137649223187e-11,4.65752226943955e-12,,0.0,,0.0,0.0,,1.7202367346905092e-11,,-1.7043667657504114e-11,-2.331273282653669e-12,,,,,,,2.4759715890331232e-14,,-2.386540537199418e-14,6.594388326472161e-15
low_quality,PSCAD_EMTDC,B,21,1260.0,zero,1.0996970621335342e-11,,-8.445841353751762e-12,7.042806732671941e-12,,4.657829333495128e-12,,3.5496650305922782e-12,3.015833594639795e-12,,1.2681306278755867e-11,,-1.2051401675873183e-11,3.947055431885142e-12,,0.0,,0.0,0.0,,1.1052249152131254e-11,,-1.0514595177313503e-11,-3.405216524393371e-12,,,,,,,9.752498844361233e-14,,5.5895291529142137e-14,7.991770614700432e-14
low_quality,PSCAD_EMTDC,B,22,1320.0,positive,1.0178813304906712e-11,,-8.076555607469337e-12,6.194956804982702e-12,,4.396276828191763e-12,,3.524543551253338e-12,2.6277067388531658e-12,,1.2135320633112497e-11,,-1.1601099158722676e-11,3.5609696962948017e-12,,0.0,,0.0,0.0,,1.8175212349806465e-11,,-1.1390078732275577e-11,1.4163490051294597e-11,,,,,,,6.280369834734545e-15,,1.6155871338926322e-27,6.280369834734545e-15
low_quality,PSCAD_EMTDC,B,23,1380.0,negative,9.782282120036521e-12,,-7.908241695898437e-12,5.7578430644851395e-12,,3.9474574029276845e-12,,3.0070410768711656e-12,2.5573665967041325e-12,,1.137359054088777e-11,,-1.0924075290538233e-11,3.165934433689964e-12,,0.0,,0.0,0.0,,5.450564480117367e-12,,3.597395841336265e-12,4.094801132247285e-12,,,,,,,3.5643519577315564e-14,,8.792517768630625e-15,3.454203409104323e-14
low_quality,PSCAD_EMTDC,B,24,1440.0,zero,9.183999034316878e-12,,-7.501273730607604e-12,5.298748029566004e-12,,3.7838694028177445e-12,,2.911579455383192e-12,2.4166863124060663e-12,,1.0777295817696361e-11,,-1.0378311151899753e-11,2.9052990855484572e-12,,0.0,,0.0,0.0,,2.182818798170684e-11,,-1.7946784839739022e-11,-1.2425083681039922e-11,,,,,,,4.163084684186265e-14,,-3.454203409104404e-14,-2.3237368388519756e-14
low_quality,PSCAD_EMTDC,B,25,1500.0,positive,8.605480727127379e-12,,-7.2199131620114706e-12,4.6826437487784906e-12,,3.5222607502997597e-12,,2.7935085024901725e-12,2.14537433554551e-12,,1.0275898855961769e-11,,-9.959645997791723e-12,2.5297329694312982e-12,,0.0,,0.0,0.0,,6.9847182175760875e-12,,-6.93352829754755e-12,-8.440817057883974e-13,,,,,,,5.4301199943208646e-14,,-5.3775666709920096e-14,7.536443801682181e-15
low_quality,PSCAD_EMTDC,C,1,60.0,positive,99.99999999970977,-59.999999988581116,50.000000017114516,-86.60254036822766,1.9931805416064688e-08,107.71787359125882,-40.38507978831744,82.0494644316646,-69.79273370129171,4.400133935081216e-05,36.19029938311198,-152.32318240281626,-32.049464414550044,-16.809806666935987,0.00013091219303093212,0.0,,0.0,0.0,,277.9513960070775,118.27362781422426,-131.66082093722312,244.7905365254541,4.419886872893452e-06,36.19029938321701,107.71787359157146,-1.4670126082143837,101.46701260821442,-0.0,5.3290705182007514e-14,5.329070518216218e-14,-4.263256414560601e-14,3.197442310920451e-14
low_quality,PSCAD_EMTDC,C,2,120.0,negative,1.5171227246455707e-10,,-3.2448158788142365e-11,1.48201655212145e-10,,6.495774870130935e-11,,-4.0701820824951234e-11,5.0624805163832694e-11,,9.786711173427386e-11,,8.26119848061055e-12,9.751781457186579e-11,,0.0,,0.0,0.0,,6.53155927470538e-11,,-6.517516599694697e-11,-4.280700079355444e-12,,,,,,,5.951458194797596e-14,,-7.536443801680162e-15,5.903547644651022e-14
low_quality,PSCAD_EMTDC,C,3,180.0,zero,1.5713038926941013e-10,,-4.549499908282107e-12,1.5706451312292316e-10,,3.610386357033908e-11,,-2.2263283027152453e-11,2.8422441724077167e-11,,1.2991496977333003e-10,,1.7612669164531113e-11,1.287155517259124e-10,,0.0,,0.0,0.0,,9.748085396918799e-11,,-3.183645076623917e-11,-9.213553762349781e-11,,,,,,,1.2499356074575835e-13,,1.0111395433923442e-13,-7.348032706641146e-14
low_quality,PSCAD_EMTDC,C,4,240.0,positive,2.491982480981325e-10,,4.2194036697684294e-11,2.4560014275715083e-10,,2.221086670985706e-11,,-1.6818830417420597e-12,2.2147096185209855e-11,,2.2775774089763602e-10,,4.393785988692143e-11,2.2347942412524685e-10,,0.0,,0.0,0.0,,2.7210417522457812e-11,,-2.567415188439709e-11,9.013586786811814e-12,,,,,,,6.732278358858121e-14,,-6.194014749507226e-14,-2.6377553305862794e-14
low_quality,PSCAD_EMTDC,C,5,300.0,negative,19.999999999997492,-120.00000019997935,-10.000000060452479,-17.320508040783622,3.4902980782803234e-07,4.101122312923247,164.91972567123514,-3.9598889273944238,1.066997613987942,0.11449342856005419,19.354154765939793,-108.18483300456799,-6.040111133058077,-18.38750565477161,0.024261890160330545,0.0,,0.0,0.0,,1.5483065869808448,-108.11697323392207,-0.4814583129393732,-1.4715472062390131,0.11400991713582685,96.7707738297111,20.505611564618807,94.72051280981036,5.279487190189886,-0.0,4.806842613808303e-14,2.403421306904453e-13,2.220446049250313e-14,4.263256414560601e-14
low_quality,PSCAD_EMTDC,C,6,360.0,zero,2.503145622688253e-10,,-2.456127034968203e-10,-4.828850758531124e-11,,1.6340500088683387e-10,,-1.3742705272367345e-10,8.840248579373126e-11,,1.7435008532835934e-10,,-1.0827106380289922e-10,-1.366577074189184e-10,,0.0,,0.0,0.0,,8.843454752306285e-11,,-6.102007331428622e-11,-6.400952935562013e-11,,,,,,,9.166973760660023e-14,,8.541302975237301e-14,-3.3285960124100036e-14
low_quality,PSCAD_EMTDC,C,7,420.0,positive,13.999999999985617,140.0000002361501,-10.724622240745031,8.99902649139974,4.1215968576994043e-07,9.46022575253159,139.35141282791432,-7.177654667640834,6.162559919461688,0.0039097761406405645,4.54164304832233,141.35110178161796,-3.5469675731041743,2.8364665719380557,0.008142942962799797,0.0,,0.0,0.0,,4.996862668954187,-132.81859123126117,-3.39626436004768,-3.6652455482624737,0.009702935475929543,32.44030748804997,67.57304108958078,32.43128833912522,67.56871166087467,-0.0,2.3515771187863035e-14,1.6796979419919426e-13,-2.3092638912203256e-14,-4.440892098500626e-15
low_quality,PSCAD_EMTDC,C,8,480.0,negative,1.7706538285611679e-10,,8.274512864660188e-11,-1.565419863526732e-10,,9.720227455941844e-11,,6.36427557572716e-11,-7.34702784746651e-11,,8.529826272774114e-11,,1.909766261195423e-11,-8.313286297927385e-11,,0.0,,0.0,0.0,,5.869888883320317e-11,,4.936873119688567e-11,3.1753549884420665e-11,,,,,,,6.133623010736343e-14,,4.710277376046466e-15,6.115510126575003e-14
low_quality,PSCAD_EMTDC,C,9,540.0,zero,9.631000646810374e-11,,2.3579020507529458e-11,-9.337905085077536e-11,,4.619020524375192e-11,,2.151654705380245e-11,-4.0872646884456026e-11,,5.244924497154916e-11,,2.068753823561742e-12,-5.240843019689746e-11,,0.0,,0.0,0.0,,1.564900085852044e-11,,1.5399466834770465e-11,-2.7834599107545963e-12,,,,,,,9.81748569644542e-14,,-6.280369834735757e-15,-9.797376942187118e-14
low_quality,PSCAD_EMTDC,C,10,600.0,positive,8.110296141183081e-11,,-3.6275416165429937e-12,-8.102179516395057e-11,,3.974790651245729e-11,,8.092256532056176e-13,-3.9739668166269816e-11,,4.153945215701688e-11,,-4.42138036365351e-12,-4.130348025511886e-11,,0.0,,0.0,0.0,,3.78538786623782e-11,,3.785304506791539e-11,2.5121479338940397e-13,,,,,,,2.6319545634323216e-14,,-1.538690609510117e-14,2.1353257438099715e-14
low_quality,PSCAD_EMTDC,C,11,660.0,negative,9.000000000052754,-129.99999992363195,-5.785088478023394,-6.89439999582201,1.332887311424902e-07,6.939497458071221,-130.05936381591883,-4.466128426381966,-5.311338988394536,0.0017077696014968407,2.0605188111403616,-129.8000714688735,-1.3189600516414863,-1.5830610074274387,0.005751040181970364,0.0,,0.0,0.0,,5.757981472967617,-41.44055071113318,4.316429599497146,-3.810877347229012,0.016036764146772096,22.89465345698093,77.1055273114505,22.89451407469213,77.10548592530799,-0.0,6.744054309433103e-14,7.493393677103969e-13,5.773159728050814e-14,-3.4861002973229915e-14
low_quality,PSCAD_EMTDC,C,12,720.0,zero,3.25178628392181e-11,,3.208954967057899e-11,-5.26043777357412e-12,,2.973116012813307e-11,,2.7981559761678763e-11,1.0048591735576159e-11,,1.5854729114960452e-11,,4.100453465098546e-12,-1.5315309878985013e-11,,0.0,,0.0,0.0,,3.50689702370364e-10,,-1.335665093862618e-10,-3.242580067153071e-10,,,,,,,9.810251293262338e-15,,7.536443801683393e-15,6.2803698347329295e-15
low_quality,PSCAD_EMTDC,C,13,780.0,positive,6.999999999977808,149.99999999595317,-6.062177826224644,3.5000000004170797,7.070189396518215e-09,5.483753892221032,149.9731685944908,-4.747785647054756,2.7441006177015774,0.0015047491231443453,1.5162488837432941,150.09704004574039,-1.314392179169921,0.7558993827155384,0.005441787748502371,0.0,,0.0,0.0,,5.377243629481022,-121.19552586688937,-2.7851982600166063,-4.599719524405233,0.02152117906439901,21.660698339258584,78.33934131769168,21.660667272273336,78.33933272772732,-0.0,4.8506582887134657e-14,6.929511841041205e-13,3.241851231905457e-14,-3.608224830031759e-14
low_quality,PSCAD_EMTDC,C,14,840.0,negative,1.5894729852187383e-11,,1.092344725355476e-11,-1.1546459941160481e-11,,1.1251217939244607e-11,,1.1215818095517412e-11,8.918125165323842e-13,,1.246753161675451e-11,,-2.958054192160232e-13,-1.246402197401528e-11,,0.0,,0.0,0.0,,1.1538575564478278e-11,,5.3044003624172655e-12,1.0247051422353788e-11,,,,,,,2.5977565546979276e-14,,3.4345772533704796e-15,2.5749516322413412e-14
low_quality,PSCAD_EMTDC,C,15,900.0,zero,1.389726856519543e-11,,8.566601089980277e-12,-1.0942916400042438e-11,,9.154465614128329e-12,,9.154267071109882e-12,-6.029155041345696e-14,,1.0926416566170356e-11,,-6.054276520684636e-13,-1.0909630439918341e-11,,0.0,,0.0,0.0,,2.6494373371525705e-11,,1.6967454388251817e-11,2.0348398264541723e-11,,,,,,,3.232303917358524e-14,,1.7761670938859216e-14,2.7005590289360644e-14
low_quality,PSCAD_EMTDC,C,16,960.0,positive,1.2209389478450071e-11,,7.094305765316768e-12,-9.936801152517875e-12,,7.831683198170177e-12,,7.82282866614604e-12,-3.723081742653901e-13,,9.598485049068418e-12,,-7.385714925648477e-13,-9.570027554169344e-12,,0.0,,0.0,0.0,,2.192257528233413e-12,,2.130301447942146e-12,-5.175024743821722e-13,,,,,,,1.1471953907149968e-14,,1.0048591735575838e-14,5.534575916860333e-15
low_quality,PSCAD_EMTDC,C,17,1020.0,negative,1.0592250890490201e-11,,5.741514102914828e-12,-8.901168166770056e-12,,6.585636176396295e-12,,6.5705229210998614e-12,-4.459062582661921e-13,,8.467023508746018e-12,,-7.89442488226202e-13,-8.430140429164924e-12,,0.0,,0.0,0.0,,4.73452172967132e-12,,-2.3394377634388244e-12,-4.116154389685384e-12,,,,,,,4.686772013430975e-14,,-3.956632995883145e-14,-2.5121479338941412e-14
low_quality,PSCAD_EMTDC,C,18,1080.0,zero,9.603206540816633e-12,,5.159951856218358e-12,-8.099164938874384e-12,,6.1185053229952685e-12,,6.074373704155789e-12,-7.335471966970597e-13,,7.463679898138686e-12,,-8.918125165323842e-13,-7.410208368003944e-12,,0.0,,0.0,0.0,,6.442586709478502e-12,,5.474598384938586e-12,3.3964240066247418e-12,,,,,,,4.999505753764801e-14,,-2.2609331405046543e-14,4.459062582661866e-14
low_quality,PSCAD_EMTDC,C,19,1140.0,positive,8.44700649027566e-12,,4.403167291132778e-12,-7.208608496308947e-12,,5.364657623239966e-12,,5.343966692376096e-12,-4.707137191133957e-13,,6.809981878401926e-12,,-9.53360140912788e-13,-6.74291907306334e-12,,0.0,,0.0,0.0,,1.8905201990662777e-11,,-1.8314814512054496e-11,-4.687668044646279e-12,,,,,,,1.352833064392195e-14,,1.2560739669470302e-14,5.024295867788121e-15
low_quality,PSCAD_EMTDC,C,20,1200.0,negative,7.441273611635561e-12,,3.955376921916166e-12,-6.302979166140146e-12,,4.904840658593585e-12,,4.896176323159484e-12,-2.9140916033170863e-13,,6.098433799501846e-12,,-9.47079771078053e-13,-6.024444763969644e-12,,0.0,,0.0,0.0,,1.1358938498502995e-11,,1.1048426613265988e-11,2.637755330588742e-12,,,,,,,1.432488893397127e-14,,6.280369834735353e-15,1.2874758161206706e-14
low_quality,PSCAD_EMTDC,C,21,1260.0,zero,7.113723935944073e-12,,3.5908014530097932e-12,-6.140945624403981e-12,,4.612008671050304e-12,,4.555701773493907e-12,-7.184743090936954e-13,,5.502732438539434e-12,,-9.806797496938859e-13,-5.4146404791725994e-12,,0.0,,0.0,0.0,,7.077279805803846e-12,,2.1268472445330414e-12,6.750141498373285e-12,,,,,,,1.7615685646647118e-14,,1.577942920977198e-14,-7.830836137685691e-15
low_quality,PSCAD_EMTDC,C,22,1320.0,positive,6.185024504301041e-12,,2.9794074495983314e-12,-5.4201161766222595e-12,,4.098162640083568e-12,,4.069679652908345e-12,-4.823324033076557e-13,,5.0358378079825595e-12,,-1.0021507640663864e-12,-4.9351146161348414e-12,,0.0,,0.0,0.0,,1.746970594532865e-11,,-9.887814267806941e-12,-1.440214410501453e-11,,,,,,,8.816185373742152e-14,,-8.812143924362691e-14,-2.6691571797624644e-15
low_quality,PSCAD_EMTDC,C,23,1380.0,negative,5.7700543676861915e-12,,2.911579455383192e-12,-4.981589352911881e-12,,3.905610466570878e-12,,3.878756409932398e-12,-4.572109239687153e-13,,4.633020313629284e-12,,-9.294947355407947e-13,-4.538823279563057e-12,,0.0,,0.0,0.0,,2.6347929212987396e-12,,-2.52470867356351e-12,7.53644380168212e-13,,,,,,,4.0355957909939423e-14,,-3.7682219008410906e-14,1.4444850619890746e-14
low_quality,PSCAD_EMTDC,C,24,1440.0,zero,5.325878781415547e-12,,2.777179540919861e-12,-4.5444756124143185e-12,,3.8072404329318834e-12,,3.797739639064315e-12,-2.687998289266623e-13,,4.3401468619075424e-12,,-9.8319189762778e-13,-4.227316935760196e-12,,0.0,,0.0,0.0,,1.6640862328801486e-11,,-6.581827586802384e-12,1.528390802981134e-11,,,,,,,6.111432371696556e-14,,-3.73682005166741e-14,-4.835884772746036e-14
low_quality,PSCAD_EMTDC,C,25,1500.0,positive,4.874428038565135e-12,,2.519684377695722e-12,-4.172677718198e-12,,3.542672454016981e-12,,3.5251715882368113e-12,-3.517007107451656e-13,,3.908592997892188e-12,,-9.621526586814173e-13,-3.788319084312212e-12,,0.0,,0.0,0.0,,2.057539642272506e-12,,3.3662782314180136e-13,2.0298155305863842e-12,,,,,,,5.426254075084767e-14,,-4.3334551859672037e-14,-3.265792314062238e-14
